image_id,x,y,w,h
000fced9a580495599a6e9b12fbe0050,286,117,601,386
001b9e0a069f4d99997864a9b4d54c21,109,1,625,385
001dc44cbc7243a597e71f97ba151d06,37,484,617,378
002418170b9a44eeab6eb805f42ebb7f,852,128,995,569
003aba306c784c5e89c258d5ca3f8358,811,37,560,437
0045292e8bc64765a3bc08fea8d1f484,763,250,656,563
0054d3fbcf38445a838567b2a8230bf2,160,390,511,448
005636c133814ca4bad235e331ff7f05,475,457,667,473
005653d5450545bda6a7958ad2ce5a79,1149,395,508,323
00571f2b95014888abce8eba28ab22f8,464,424,860,607
0065d20ed8b5439aa3a276d8c9643aaa,176,269,939,494
0073c1e071e54069b4786633e678cd75,1072,89,642,501
008594dbabb74c5dad71d0bf918aa61c,252,441,1024,533
0093025347d34179b8c142828c4403e1,221,257,649,592
0094d599949c4a02880eccf896788e76,1,81,1163,715
0097871ababe469eb2ff1dc0445baf6e,807,469,536,500
009e78d6557947a4a5a64ee598fca247,726,271,617,764
00a5f6ceb8514f3f9e4a144370f6e018,336,243,578,411
00a9063a4b494908a276ce41b6f305b9,1130,129,693,612
00afd6d0be414eceab7bd7215b2d9574,253,306,595,380
00b1130ff626423aac3fb43a4208e84d,1343,361,576,400
00b4a783941b43c1884e9a855f89b97f,48,289,693,535
00b4f72dad52460eba9b07e7d6ce3694,784,479,566,423
00bf3f1bdc07472aa3f3205c095aa4b9,219,246,1000,567
00c992c0c3ee49948906a09b6a1b7464,870,81,556,495
00cad838118d436f9150cf344afabd22,1310,234,446,340
00dc933848c24d9f83daf1659bd42ede,479,316,1018,560
00dd09939f9d44de901760c49e0b5094,141,305,718,452
00e579c1b3204e2d899b9a6918ed8406,158,388,752,548
00efbe470e694d8893138ab861d8c8be,721,422,645,518
00fd07d04ef3441fa47961f52a59505f,560,411,1058,413
00fe3a53471a423ab7bbc255cfa4b165,572,248,794,586
0115e7920895461aa56662639a207ee1,697,263,681,704
012d99f1d50645bdab3fea0371ff3ab5,749,352,557,398
013df7a0c3fd404db61890debb4cd91a,1370,396,467,292
013f861dfb8f4628b21d890d044f4f72,551,314,593,675
0144eec78bd946abb983f6082c0f5dff,315,524,639,415
0150f50ba15d4e7b8d4bc572ab2bf36e,1253,291,464,486
0157836585d044338079365b8af754ba,897,372,1022,543
015a59a8e3a9439d98adfb7b64e41c6b,136,203,802,474
01863607f5a846af8ccfdf5b5fbdde24,1094,264,558,405
01aac40dd4914c33acb394f05a45e6df,547,324,478,395
01e04259e68f488ca893ff2868adc2d0,332,127,579,462
01f0a4a01b594c75a5177e34a0c39494,422,232,491,334
01f3b1bc0094432aa9eec5537bbdcd91,705,136,428,375
01f67f846f3c4c0bb572f1a9f547b8b9,449,247,653,524
020d7c83cb1b4f7b90163d21245e0214,1254,451,545,463
020da7f277544ae190486bf3c672573b,533,587,685,492
020ea21eb4494ea184b4e11b2d846083,256,427,765,433
021bad9c7a104c06a98d7cf0e5bc2843,300,237,674,455
021dec9bde324fa9a7a8cf4a433329a4,895,134,384,351
022091d38f184e02882b7f350376bc70,687,262,855,708
0223562a12544d468ef29033359494cb,604,368,818,620
022769aa0c4b42b0b6f662073480db17,1077,151,741,477
0229aca11e3c4d6f8b83e95a99fa9846,895,53,441,418
022a296e1dc74af9a0c5b43d3e3bc62a,308,401,996,622
0232cb20fa524600b2e117567784b842,514,282,787,501
023e1dba5bfd4b21af1a23910f8a3fdb,1087,28,755,575
024d0065341848ba8ee0b7a17851284d,609,439,749,492
024dc9a1bdda487ea8583b6a5eb2b7c7,503,334,647,486
025b534a29b4459893bf984a46f748de,564,375,636,479
02631795a0364521ba23719baf71b759,559,336,720,603
026fbe1b64a24cfba7482a258b94cc17,401,235,735,537
02729c5b24fa485e943a523837b76e88,564,336,1353,517
0279114f43e54f758a7f0ca8c45df397,644,318,507,570
02840f078a11445693cc869922d8dc1d,524,143,531,576
0286f85475e34407b7d025cd16a68100,718,245,664,660
0294485c05b2461ca7bd2d59ca32f912,1326,409,500,472
02a8b0d41a754dbfb65e5f0e4750d0db,1166,201,621,526
02adf925e49745fc8e8427b71ae6a615,382,260,624,467
02b5e06564ee4549bd49f717590127d1,12,221,755,449
02c99764d80e456790def309d0f4d8c0,522,451,594,449
02d859eacc1c4abda2f8b8a18d9c3c96,525,217,478,460
02d9fef0075e46a3b11bd5b9938fca63,655,333,724,502
02ecc2a70daa4770a6d450612de3de37,724,16,448,582
02efd1ae599248f9859671142cfdf949,0,0,1279,858
03005e950406431f9a8f6f30bb0b0c68,596,456,885,624
0301bab719b944779b1e86cfd8359a83,865,452,869,472
0302c6a8f9be4800ae3c6fcdb85c02bb,1,686,731,394
030f907647e740b7b2708637e97cae33,523,563,700,387
03113fef82644d0aa3fa26709c291f5c,375,316,507,433
0313b717eff343a8b2d10c6f271c16a6,761,462,474,403
0319a833ee26436a8ab428497abaac60,1348,166,570,572
031a81ea2f05400fb7094702fe2fecdb,636,308,745,532
0325914aca1b4ce48571cc8c6ffda9eb,833,178,783,501
034e8539f754410a99ea547ad1d55552,438,285,630,481
035d25fda07446a3be9e2229c7973223,1144,72,596,430
035d2e3a9a9e45068cd82faf2b4bbd54,684,0,612,385
035d3a945eea48e4a68ccf6c382d6a05,725,432,599,340
0368c89615d645d7b02489b84b65fa86,563,362,651,454
0380091f29324b2f8d652af12eab2f44,580,153,721,615
0380d44a9aa44f9a9bfa8b50764adf32,705,363,580,555
03951dcc3f8844458c3040931d70ada5,404,320,676,594
03983ef358df415a9de2b22ce0379309,425,304,738,502
039925ae3d3c4315adf677dbec046e27,910,292,765,563
03b1f6e648224b08b33dea63ac114e7f,793,0,496,665
03b21a08e11848cb81cdc4e5116a3fec,915,239,654,425
03b2a88771514eeab275526532591c85,937,462,739,347
03bcc23d574740a4bfb82bd449e28b88,126,409,1176,670
03c0c978495440559870a82bb60e8451,374,390,527,407
03d35a679cef478597ab1ec7e79ac982,168,289,589,383
03d47ddb49c342d387bf29c2446253c9,582,128,514,543
03db140d92ba48ee9a1377a1ca874b18,421,385,643,499
03ded34d4cd04eb2ab75221c2d30f307,606,1,807,813
041100eb8d584ec19caad0decd6e9a16,866,388,780,493
0414b7aa50eb4506adf77beb7cbacb30,789,432,630,515
04240edae6614caba4506fd2640cc4ed,733,482,593,454
04248b088f9646d99072b995263763d8,420,188,848,675
042c06daa05b4a5cbaaaefe1e482d1fa,51,493,1054,586
0437aaf806c64e5f98200794c7091782,680,293,619,627
043cc6abbbff4431b49f6a34c412516f,70,0,764,601
044d6ac3145d4ca792b1c084f7a7dc73,448,97,481,424
0451874ada43417698be94f1ca7cac3d,580,456,607,451
045401251b0646e3804c052be156f771,621,577,430,432
04558e2a51be47248f0a949c50872e89,1234,377,634,459
047596de47e94a8092ca238a1dd70331,556,272,488,404
0478c7a79dd9449e9ee923d5be9cb371,620,152,1055,739
047f8cff8dab4783b2f5f7022bc351dd,589,409,725,440
0491738696744835baa65dbfe52856d9,646,428,743,345
04937faf10fd432fb81dd788734e0660,506,179,895,717
04973b4a123344b2a21769418c0da4a0,687,448,621,420
049f8e385b024bbf8fd904c5f60d4c95,718,418,675,535
04a8c3aebab44740aa26887c12d8696c,1038,96,637,448
04ad5a7c44af4c0eb130fba81632a127,601,339,710,543
04b7af21ca364a6a8906da1ce4af0c83,1178,82,693,535
04c99ba4695f4085a706b266ffee56a6,1049,12,780,634
04d3303cb6ab45cb8d0ad6890ad3abe9,361,379,630,405
04dae0c980514eb495477c32da9af84e,760,223,477,437
04dd33b0cde44772a4e134fe6defbca4,0,336,420,432
04ddddc07dc54bb69c61d6251808f739,278,453,820,393
04f7688149c6419a899abf79928625de,377,240,933,601
04f8d2601532495b93dc4df73e09f53b,1045,311,479,416
04f91a2c4b9c4c31a4e71f61c9e3d7ad,758,123,436,435
0503a6b8208147229a2c19b4a53e6eac,260,529,951,551
050d2b969c174785bd00d5dc4cd05b3b,612,285,908,788
050fb43ab4bb40a49434d3df0a9c2b2e,61,296,743,304
0519040a63384f9a97d0e801065e5135,633,412,784,459
051f1b9d962747d2909fdc44a893e9ff,663,371,628,351
0520acbda530492d953c7f8e0129209b,651,316,508,575
052d9565e1c545b69509364d80426804,754,544,929,536
0546b58628ad454e9218e02f1d628af5,1296,186,473,497
054f3e2320d5435b92a9e729af513718,822,0,654,488
055427001cf84211b7270d7ecfd22411,448,510,657,570
056498a8ee3d4d9a9974ca124c65c3e3,776,324,324,322
05692a643d894b8fbe682e36b83e22a6,622,154,1054,736
05809398918346eb894af9947442bc96,727,216,927,557
0580bf9012ea4ff59c557c382db1a55d,622,151,1053,739
0588f4f39bf047f3ba5cdccd931eccd0,591,308,514,583
0589694d952841a59b606d4df29540cc,455,11,925,566
0589866cfed34253bf96304c28faa0cf,673,412,575,532
059162c742504c679214bcd7f186afcb,462,64,504,449
05930c482acc4f1f9d78a5d2e0501bbe,835,366,662,345
05b6143329d745d291a78f33b6f47a74,961,178,767,642
05db6b22be344ad09199447a87af3895,0,140,875,590
05e09ce7bb5c46b09dc88894e157f066,1195,462,404,335
05e5faa9142246d397ff2b8dd6ab76b8,518,419,697,592
0600c5d6a885411e94b36c4c3377d656,716,211,561,537
06017d36b7f14557b42547c53e87af4b,577,143,826,804
0607e00844304741ac2c76f4101ae9f8,899,16,321,329
060d1dd7dba6403088f67fadb8c4cf44,458,58,404,352
060fc03f279740b0aad9fe69ec4d4b7e,194,594,564,348
0616b7561409498a84566cdd921c868e,756,372,593,493
0645b448a7804effbfb45e4b300e2017,874,0,418,350
064e73a55d384abe94471a4e6e78f976,959,187,607,563
064fd322440e467abedd753861004ecb,173,352,771,398
0652f9b65d5345c5aef695051bd8117b,455,242,731,615
06551eea52be4875ad3c62db73ba5422,561,250,802,582
065b1e1ae9894aa98df9ec0f2803621a,233,230,792,515
065e9ef1b9bb483795b5cba866976bd9,586,546,581,357
066fc1c5da514c17adac24271c09c82d,533,289,934,638
06759e9de0944103897bf5d38a436200,1191,367,559,432
067ad1be1e834e78bbac300622010184,88,178,701,521
068db09156d240c891ef296a7ec01a26,662,243,500,534
0696535ad8404c7a986d871b64b639ee,538,150,704,594
069b0acf99244979bab7054126a911ef,289,303,656,440
069fed2ac27747dea92a8e2c93c54607,455,442,608,548
06a280e7fa114f48b10fa1d8ab85e5e7,421,383,629,511
06b6fd899f4140a692e8c941ccdfd346,610,442,797,624
06c0ee92251740bab2d4b7d0fb635a4d,337,475,659,386
06d38ddaf64f4ef5939c7033f3f75c91,584,411,653,519
06d952d066794041971422d3ca369dee,0,388,389,409
06dbbee826fe47549db65b60afdb38b0,716,554,850,525
06dc437bd74b4bafaa83a9a4681603c7,346,249,1048,751
06f295ef04be44d5bfe7f253b9857927,628,288,698,728
06f871bdfcde4da8854825aea2fa6f2b,59,309,812,407
070d84d698e54cee9f7e2d2501576ae3,442,250,932,637
070eb3ff0eb1438abc9c1b872417341a,83,479,561,394
071272671bcc490fbea437c7a18d3d9d,874,59,559,495
07210b48d78a49828756e7dd926d53e1,1100,88,648,466
07286f8cf4544940ac304dac49a336a6,476,295,791,785
074060ff9ac84801a97d3272c4b2f7dc,802,136,1116,792
07418c8839044b12a5210a58260eddf8,674,433,616,409
075691e3211b45548c5c3e2be5b9d0f9,278,177,844,903
075bbc3982a5427f973b4883d1764cef,1,537,678,543
0764d72824b4486d9bacaee4f00219d6,1283,264,461,363
076610103c1f45aabb9d6d76c9853373,364,271,626,434
07719776b426409e890f23de4b882c4f,471,300,887,619
0774e2fb0edd4efebc4bf8d90cf897c2,68,361,513,475
077940d35d614f409471bf3f4d4de33b,628,509,765,568
07837f9dc8b34694b7d1995a942f539b,428,191,851,673
0795bac03a5e411b875dbe405b65ac80,587,1,937,829
079c2f71f5394f219670d673bea8399d,818,122,280,291
079c55ab37bb4a32bb6472fc1d2b5ca8,866,389,780,490
07a949b6306d4d0194b827af1f329a34,0,172,1184,694
07dad1172d7943cb93d0fb9d90264aeb,486,479,636,601
07de9ede226b45a19edc956e354da8fe,565,131,880,727
07e86d0699d14399a54a7509442474b3,274,365,660,543
07f396ed1e014705ab1cdf9f0cd3fa58,638,55,699,651
07f7bb1d34094e53b52d4a736108aecd,72,4,826,609
080d4b06781143559eacfc0089357a43,150,548,762,462
08109fca73604a3a8695b2cfacd4ff7c,541,0,689,533
0813c5fc686f4c30aee1354dc6327453,391,191,907,632
0823b8f0347f40ebacd37cff8a90647c,661,104,615,618
0823f1ecbe4a4533ae52e7b2b3dc2d59,542,300,723,580
082c884ac15d4e53aaf330666b5f2de9,1345,404,574,479
082e59741e6047178e7a7313479d0dbe,955,44,339,359
08316c8b45214f37a24f5722ea4b7a29,434,374,557,366
0831f9c27e914da2b7b1881dfb3c29b1,645,280,963,560
08450f301c964ad789b2ae9173261657,433,174,966,778
084d643500894521aa433e284faf358f,664,435,1254,562
085f9bf9f34c4042abea3e6bca7812ad,337,71,757,590
08701ce802d846d2994805bce0313a7a,554,441,578,468
0876708bc8fd4134936225cde783490d,274,456,807,406
0876b47e0783477ba5b18aa61a447058,686,438,595,401
0889f1de412f4254a6dfa71aa8814f8c,962,283,665,470
089ca37f55454215949ea9d9791d214b,811,94,846,949
08a36b80acb146ee9365033200edabbb,183,441,637,402
08aebb98964a453293af497e8f77e898,58,310,815,441
08b14e8aaf9c4bf5b16767aa24710891,568,726,439,354
08b7777073ce4b049f53d0e87461af15,1135,50,536,458
08b8ddc46d234318907c0b62545efa4e,553,257,565,522
08d5cb2a90aa4a639c016e78499eb289,408,121,480,387
08dbb417f1fb44c18b8de2a01b9a2bf0,379,357,549,362
08e31e5e00cf45b18f8e65f00e672428,849,353,1070,541
08e472d1664740bb94f37d46a6a1f530,752,166,713,629
08e7101b453747dea5c0e15f29f3e14e,0,306,426,425
08ef8746bf524ed491d594afa289b841,1134,63,688,470
08f1e9412164446e8849b3b133884db8,1234,281,512,313
08fab0519de746a3a20d6346d0c2e8c4,104,350,671,389
0911a6bc60b24809a74bc83babd4ce8d,196,299,563,364
0921e11d1dbc45b998e031581ce8c951,222,270,639,581
092eab94535b4ca4b5496a1ecb7aa7fc,609,286,603,679
093f2a1effb64b79aa07456868626a4e,1293,300,513,281
0940f832861747bb8ae7292a5b82023b,679,497,378,346
0945b8562f8c455893be447613e746ea,681,367,620,467
094784068f364f91b25ef759cc1ab43c,179,254,821,542
09536c64b12140618b63351d11bc2dfb,6,160,871,514
096763e7c1794d1f9f6d0f494030a578,3,345,434,393
097f48b572d4421ea784e6030609d59a,465,88,1311,668
0986e742eff74833887bb184ad4b47ee,547,543,871,456
0987c57c7c9741849c4a18d71fecd395,1099,281,426,381
0999c8eb17a14a96b83246ea26830037,473,341,655,622
09be090b970d4bbab186b676eece1fd9,238,167,797,548
09c1e2262165494a9973e7722247ade8,734,75,641,576
09c841f6306741509a79c1036aaf10e2,606,350,739,446
09cea991940e4b0f899f0b5474dec92c,133,126,428,442
09cef295d91b48378c4657ca30ef419d,709,322,880,617
09d5f859e76541c28dbeb0df561db7b3,468,257,727,487
09e6f63b419441f7a2e1402728ba139a,1252,146,653,603
09f1c1e5cbf2405e8e3b50757b77d306,868,237,668,589
09f22b63bfd2401196ccd874a2e40170,916,77,444,422
09f6e043bdad41de8b79a4208571409a,466,347,814,547
0a0a09e4e65647eb9f1849aad83436c1,800,452,727,416
0a0bec41e06e43c686baa1dec47e5f74,996,160,650,413
0a1fbbbea2864a36a06862f526a7b996,1393,281,384,363
0a333669d6984328a66c9a711280b1b5,821,302,441,519
0a395bd9bf0d4048a162b2c826c153a0,523,331,904,544
0a45e5d1cf2c4b3ea06484b079748c2d,585,0,851,634
0a558663786b4a3a8d313dd283a68d4b,76,481,718,372
0a572476ab244ebd949b7d23f1f4937c,549,300,832,687
0a587752fc92482abbda3f4d0afac1a2,658,326,673,591
0a58c1212d974624a3df64d24f618027,1261,171,658,360
0a59d41c6cf64a10bb6acba2503a5161,89,184,700,521
0a67953be45f460c93657dea903b7ef5,670,241,642,835
0a6b0b6417754d2e9fd7fe30b19d0cf4,120,263,1128,560
0a75295272004b2c9e0cd0fd2f5dd234,0,102,447,407
0a79bb4a524d471aa8bdd5d717ecb383,556,250,538,580
0a7f35ded3fb4b27b2934a072caacd13,1054,368,531,490
0a8d53500d9d402490537f41b84dd259,14,209,1205,506
0a932a6406274f3db3d983b42b36908c,498,183,1000,706
0a99a8763e2d4deb9b819dc2f991be26,368,260,726,638
0aaeec6f79854ae9a5c0b93dbb6c6adc,540,298,727,583
0ab7ca88439948b584862d66fe30f9b9,1345,358,574,402
0ab92e4a48c04331a5d6606c63c2cea2,782,395,592,536
0acad9cf540945428c721710c05b0796,228,57,818,595
0ad8744e14ac4a42a004dbf97ed33095,575,133,754,681
0ae037762e2d4faeb883a188df3063e7,686,368,477,448
0afe919824dc49e3856fd3949727b195,501,226,607,517
0afed9f8a2574c048df6c678d144fe1e,444,227,674,454
0b1afb311f714230ac50aa1ccb8b4b70,260,463,1163,617
0b1c39a708a746cb9b8bd7be09ce18b8,428,193,846,673
0b1d581091354b8f8b1e9c08f2cc5fdd,631,138,321,269
0b22223d81bc4914985802e7467200fd,842,86,421,475
0b25dd7aa6f04fcc9fa613704b5cb128,1236,418,580,406
0b264e6c4f5f485fbb4a6d155e19d20b,727,389,669,632
0b26ba16d18243528ec417257ad74b11,482,405,827,675
0b2afcfa71364de899e774acbec5a379,362,350,876,622
0b2cd2ef60bd42f2926922d44908e954,443,395,448,339
0b36ae97505f48979ab345e8c96185f5,477,407,759,449
0b3d949b7f9b4622a41e038ed2e34aa1,557,250,537,581
0b4502bd6ee04cfcb651e4b790369c01,743,434,613,463
0b457736a54640d6bd2f9cfb935150fe,383,244,728,459
0b497450189b45df827d251a5f20b037,386,245,1193,679
0b551c8d25364bf4ad38492d4148e9ba,1349,149,569,349
0b646741f08544b09a20c2d563436751,658,510,499,385
0b65354c890945af8a67052eae9352b3,774,375,353,309
0b68e072890f494091415951c2cdbb69,55,259,791,398
0b6d9e8a05e44b889f1b553ec074bc11,482,135,694,562
0b7085fcc6094419a841287d27b632be,433,177,962,769
0b8ca3b817594febab5a2355c7fc9132,624,445,885,518
0b8dbf0a8a2349d08a209320b4466f9c,1009,298,696,427
0b95224eafe54a4fa847c72a15b5c0b4,55,439,507,444
0b981cced7ca44cbb77e7f6110d1eff2,78,351,734,478
0ba4f85325674f4eb99e298ea69bd65f,753,364,481,371
0bb7fa5153324d7e9bae92f258d939cd,0,36,523,431
0bc310e1a5dc436880cd7d1f66f6c767,854,73,774,779
0bc3b834d3544a709653998b775f591c,325,267,827,509
0bc55ef11dd74cb486d17b8cdb966601,575,299,680,587
0bcaf16f8da94abc873cf16e3d904a2b,457,385,677,436
0bd4091dd6a5403f9ff875cd59c68bc7,569,237,538,598
0bd8e664b0334e0f8c46ce2ae782f798,613,363,820,514
0bdabbafcb6b4d878fc381ba472f70f7,733,383,952,664
0bdb23bc684a470cbd381677e357bc05,685,351,314,334
0bf91dc1a7cd4cd88488209466b6b915,1263,393,656,488
0bfa08d841404ec9ad2a24d3c3fb3f6c,845,23,449,424
0c0df22f3871484aaf6dc6ee79942af6,361,338,879,608
0c1c735544514e729ceb76e006a2214a,576,322,557,514
0c2288e325fd4df1954b42b00f37466e,486,300,886,615
0c2301a940a345eb8ddb162a61ee65f4,597,269,488,358
0c2caf737f564096baae64759322cae5,720,434,981,646
0c38efa925b54e92abdf98684da65c14,954,356,910,487
0c493d34bd6c4959ad4251446e690d59,211,293,841,442
0c5d4c759c2949c28562427b81548c10,771,112,402,297
0c60fc0241e140b895e2a8e53d1c10bc,609,217,292,329
0c62c19a193d4fbdb2ab3ee4df845c17,519,309,1017,603
0c75138b5a694f5cb59622605fa52411,438,311,741,643
0c85b5e5712442b6b3f2b929bc13525b,688,476,606,439
0c98fb852faa41c0a38c57ab3ffb0146,402,290,935,618
0ca22cefe0374b9080ff2e0ad579f147,205,425,647,331
0ca4dadde2d747f0bd14a87280f23a36,1290,401,472,404
0cabb685ab9541c7a8a2224a80e381d8,650,344,968,582
0cb730e7c5384871b4963f967f594826,887,0,628,378
0cbd62275939430f946971a01b6d43c5,474,341,653,622
0cc26ba430c74af2aac7d3b90cd2e959,837,74,447,510
0cc413d3f52c4f94ac49d690a4c79289,495,316,901,561
0cc5640a914748c4abc2ba935a3e5801,782,356,626,561
0cd2c78c322d4ced824592eb813a449b,346,353,435,403
0cd8dc7fd1e0463d8aa6bcfc2a421cd0,213,248,1007,563
0cdc1905baae4d1d89a6ba71a9e8857f,0,406,375,337
0cecebf83dcd47658de6286efacd1e8c,151,367,731,424
0ced8d8a47a04c34aaea3b517fc436ee,463,335,666,471
0cfbe44d528244a4a8f285a849358cce,448,502,657,578
0cff224867d74186abb65eaf906c6254,462,2,523,442
0d05a8ba0a5944198bffcd4fe9df9c3b,920,47,550,526
0d124873fbda40038b7e0ec8f2e676e8,868,267,760,484
0d1a99f34545404e88f012a298a47185,268,379,724,541
0d1fc18464b9458f8a7134ad7f3ccf23,208,58,675,521
0d23578662464642a14d0a673e1be39a,170,598,566,347
0d267b6d382f439caae427a12069abea,523,410,732,478
0d2ca0273b884d0aaf871d155def4028,578,398,657,439
0d2ede46dda9403d9553aa2ba6180aaa,882,341,655,439
0d317b3a01ce4590b88e75a9709f35cc,1102,410,712,422
0d31b2a497314d4087406f03f49e36c2,442,210,1152,694
0d3b96b3dbfc4139b23b74f435f81735,1258,505,657,379
0d3eeed823784d18b108da481923ded5,643,437,628,358
0d4e21d62d64486597427b65bb25d903,1004,396,659,380
0d5149fed39d4dca9c86c1a08302e486,1133,212,625,420
0d5321b2fe8d45a6a9a64dd830abbed1,654,378,504,416
0d5a528189664d8ea55e0cda5b54b70b,1244,465,352,376
0d6ebb17c5864946a54b637d7e3e63af,66,301,656,331
0d83449146d74aa48bbe20d6ee856fd4,613,285,907,788
0d8950750abe4f41988883963dc7c592,1170,182,619,544
0d95902b5c4a4f4d949518f4131a280a,883,526,471,393
0da688de356541b08000b059dc24aba5,916,237,655,471
0dc0ddb043e2483d8acc8864e1d197b4,77,436,922,644
0dc13484e1d64ffcb46d8d7c5bd7939c,464,243,725,615
0de617b0712843ba9f26f5ea0b6f8319,980,174,938,653
0deab641bec442eab7a0b1449f894ffa,862,381,714,427
0df42995592a4422895df63cb58391f5,762,369,577,353
0dfb04c01ea6486c9c4eabc4974678f4,589,189,539,420
0dfbd61965194635bbe8d6f6e274e573,359,240,879,614
0e041e2b892a48208e289b60d7ff1321,1008,100,462,398
0e0883a56b6045c0ac3d5a02fef403f9,766,348,445,531
0e2f6b5a0b634bb88495c472b191422e,1010,6,825,612
0e347938b23f44359356cb5ec6411eb0,797,496,437,389
0e3551bf4ee0440fbb6a45a886f4a521,1288,231,474,338
0e44be24b48046328a321aeb332c7e93,474,407,1010,672
0e4ca9ac956448028ebc7b014f339052,682,412,479,471
0e4e44ee541d4dddaa0154f4a8c757dd,345,252,851,747
0e4e734757d441b08cdc9b0ed9ef64a7,318,43,689,566
0e5ba4bda0d8407cb2858f3a1d193a11,627,155,978,676
0e5c8883a014445dbfd17d8fbd86c1e4,633,306,738,626
0e661d6a00f340f3b359603df76a8728,198,425,485,430
0e6ce8343aab4415a1fcb4c8f998bf46,564,429,932,510
0e74e5cfd73f4583af5ae95eba1a255c,363,221,545,415
0e865cc057074d14b13a92416727e020,716,344,589,402
0e8e604af2c34fe0a76978009087ef65,738,165,897,710
0e9babd430ab4702a8412ab7afd78aec,1154,323,649,397
0ea959d77b0c4ce9bdedfbb3678469bb,935,385,757,424
0ea98ca9d3904433b6e6026054e1e1e7,775,392,459,457
0eb5d1b856c141d194cb02cce9c4e2c4,1256,374,508,426
0eb755d8c3f249c79ef2f865b7ee8d62,1065,466,796,481
0ec6305f1f234f3fb5df7d1c2dd0a818,582,376,741,542
0ecfaec81a1244ef8c8a12d3e21ffae6,1198,313,621,478
0edd7ff4ac2746948b6786c0fce4f9dd,773,146,340,369
0ee6d6922aa64ed882742ed09c385fed,1333,289,585,552
0ef020e72d2e4d068cbb73a8881b7408,591,177,902,776
0ef9a67d828b4715bfdf02730bea7465,604,0,547,508
0efd9a5b696249cc8d5494cfa3df6d45,677,348,670,593
0f0b18ec406147d3aa3e670f3927b884,1458,234,439,276
0f18f0d2ecfa4a79ae5e158e4e777b1d,373,209,782,487
0f1b34a8483146abb2adaff5bb02b4ba,331,325,994,494
0f1fbdd2763f4c109a9a9803fda74cb5,554,410,679,553
0f2ae5db4ee6476fbb0e1a8a9b90caef,295,345,414,298
0f332ed13d8a4c1192a2ede8ad07af5c,830,164,686,557
0f427ac07d2c48ff9cadce333229d2eb,954,278,648,421
0f439dc051a947f5bb8885f23639e5c9,300,187,796,692
0f44cb1859a340f6bde375bad77e9889,467,477,459,362
0f47416cb2ae4ab8836a7112fccda688,979,306,760,531
0f522455996d44e6bec6a4d288db045a,611,340,570,456
0f5305fab94b40a696c0a23f341cfafb,197,85,608,496
0f55979dbe4f49b882786e4fdf2103f1,183,501,1173,579
0f571b3fee1142b88d5acd6fcd5f4023,658,452,835,445
0f7227664eb140ae92520c6b0912cac3,667,276,440,340
0f7e7d72a596435cae6572a106cb31c2,39,234,667,436
0f818cbe500846df8f22ba88ee9aa77c,655,283,732,626
0f872fa7f0d04bea89c44c7a3626972c,525,303,830,572
0f8bd0cc173f48c18d03f9647c97c8a5,519,414,737,469
0f902533ebff452298d312ba09bb66d0,215,287,933,512
0f99d721a2ed4c4581d40d5d295b347b,1204,361,591,485
0f9d4c0d24b242beaf2b25ccf4a1f8fb,258,453,971,626
0fa765f6802a4306b0a24c246ad05b50,368,419,639,416
0fbdcadb4f4a4d3587e409bcceee1035,632,254,838,606
0fc9f05c21b14ee8bd746b6058b3c175,1277,84,642,449
0fcd7e7b478e44dab7d9cdd84075a610,1027,485,847,462
0fcde59b67cc469ab6e70f7bd2439f27,701,378,785,467
0fd090f1be72498f9996f064ebc0533a,742,379,784,562
0fd52e6d716e49bcbd2581997c1c67f6,999,90,737,526
0fd6589c8e0348ff99affeb2ec998c35,751,57,327,293
0fe3f75f86914f4da5d75fad77037611,729,4,535,523
0fea1dd956c943839ddf494ba90a8c6e,894,152,478,376
0feb01323031485087df2611f264de07,708,392,694,558
0fed09a1fc044696832778ed10534131,652,382,781,596
0ff7bebf1942434f9573b360fd0374e4,296,334,775,580
0ffa780bc5624a7b9c15a5f2635bfe9f,349,260,1260,676
1001576fa097481fa3e0ff2fff4496f1,602,374,633,545
100b0002537e40e7a4d9fcb5f82ddf33,587,462,478,455
100ed0b4a212467da8f467b163febe63,1251,510,668,369
102587885b394ff1b73d9af9a6d9254d,1178,82,693,535
103372bcccb343f282ce73492d9cb137,112,567,663,358
1036c76ace2e42cbbfce18e00b317ca0,443,448,581,429
1037841a9de9494c9105b171944c5d04,1060,280,573,592
1049d1e88d314176899ef00be12f6e62,509,359,686,534
105cfd87f57d4995bb0fcb48d872c732,513,423,752,447
1063bb0df5794c8f8e774c6f8c5f35ac,1230,224,495,501
10648b00c57e4794b8bffbde275f6c44,0,676,895,404
1074504e236949668d371bdb76cf73f1,588,526,432,352
107f27bf1e1945169726afab00212aec,751,480,870,428
108340ced41a4176831642a5a552c59d,1116,26,758,531
10883faab208465eb8b7b9d452559998,182,403,1219,576
108bbb1eab5e4fa685258e037461cc82,818,118,280,292
10af960714cf40a08bd1727807d15ffe,809,404,1013,647
10b8cb3621e945819ba47af94604628d,809,370,474,439
10bc8f20eb424a3b881e15509a0d1368,242,314,685,566
10c20f7997394b69aa94ab0c8793b5c2,621,77,749,612
10f9784e2e584929b87b25d8f206495a,911,220,616,607
1107f5e30e3b479d84d08d6a8a782661,798,315,739,448
1109968b825c41b99b31b504d1996723,445,308,895,559
111d91f1d8e94baa839bd97d3d436a09,1200,211,587,524
11366f4c5a924fc59a3dbe88487e7de4,252,372,806,501
113b5d350d5e4d40b099be5884f5ffdf,996,237,755,576
1146facc523547958fb39aa8fbe401bd,997,159,649,416
114af2a0ee4342e28216f009fc78e9f4,1,283,1180,591
114cb5bc269146d2985cfe2d1f277860,342,227,971,465
1152287018234fb5a65d3ac587b69296,854,885,654,194
115eae59130441769c1da4ba89f093f1,872,369,635,528
11619088c799432984f1fd6edc03df29,258,283,657,496
116648d0db7b441e9394db0a16a00977,872,234,561,474
116c493e71324b7aabd64667ae6fc73e,700,203,566,579
1172a75d2db84c088a619b76d34a6f18,1032,131,742,482
1191a83c7d7d45e787a36fb02e9ad17f,1149,213,609,421
1194e05ccd15414bae793d4e88bc95bd,1106,258,795,675
119c79fc566e4cd7854b08db7992fa1b,636,326,560,575
119d7e29b1994075b03936677a45a89a,768,353,954,610
11a1b53f158f4a4895eaba0e85080a44,459,274,708,460
11a92f9665f24ccb9a0fdfd0aec48b0d,331,280,1042,594
11b60b471a18429b836c6c356d503695,585,509,1065,571
11c7e8bf7f934fce9085f44543c6f06b,128,230,940,497
11d6e7776c344819a90654746daf9623,583,309,691,390
11dec058e42347ed90fd21389c00f7df,1043,118,790,527
11e1bc04994b44da9f4109937c588aac,111,127,552,387
11e988d07bbd46e3bb3f4d7988a86eb8,683,478,715,451
11e9d9307b9b4ae6a493901d7be2da80,569,0,545,551
11eddc1c3c3741688332c6c9a65bb4e1,150,371,801,528
11fed595edd040eb97ba1a57b39e9143,802,477,493,440
1206d1de622649afacf257ba0cda54c3,591,238,827,527
121729f11e62463c9dcdb6288c0d0241,0,407,768,394
1219ea6c541944c8987a5b485e5d50a6,805,249,783,482
1232d556f1634a90aee63ff9f79b5200,743,52,458,540
1233800e25fb4eb299aa21d794f041a8,897,447,791,433
123c5f96392548e69567cd8d1e06b006,618,0,667,582
124938b60cdf4f61aca1e369d1ff0737,772,351,328,308
125711ac83d847579529fc054cf82e31,801,27,315,369
126936099cc04194917690c1c228233e,1059,0,437,243
1271c49b09c24e51b65222e3b4644a3a,952,375,317,415
1276afacfe2e44f0a511fe5e824ee43b,115,114,781,571
1284d8c4d64d4cf6b792b562c6ecaef4,539,481,963,497
129558c545e245ffbc0be8753ad4c5d4,573,362,873,588
12967ba6c60c440c8a7623eb77cc8f5d,664,466,677,570
12a7eaef3adb43cc9674b6a4bfd23ab7,261,213,495,373
12c2546b27044036a664c4c4ad647439,122,360,780,438
12d9961a35fb4396826df92754ebbaa4,483,85,679,588
12deb593f2804fe6bd1ce3aea7a1d5f7,398,479,638,432
12edbd3762b6413190ef5aea01f0cfa1,850,188,402,360
12f570b5414b4a6384994b1dfeed1f08,572,246,796,588
1310d9c1caa7436aa73cc0a965ab4bf3,707,175,729,503
1313d83b6c8d405694051b82854f9678,716,11,530,600
13298d7fb36a42b18593b7d472856de4,1116,150,681,591
13307a162f6c4871be5ea4e702eb2cde,1085,286,455,319
133224134cb442279465033ea8f37d08,359,203,676,493
133bdff833fa4e97ba2b2493b0a8cb4d,1166,395,753,490
1354009a8f394c7aac138b8ffc0da424,231,138,860,626
135ed5e19d8642f1abbc1da832f930d8,766,455,535,387
13625808f91c44ee902b5179b2aa53ba,57,438,859,404
1366a14c4e744bef8dde5b15d6669c77,860,0,435,419
13701b6e3cd24c3980bcaa2f4c34e7ff,754,63,398,508
138c838bce2343b29112ecd036062abd,349,416,869,535
1398a279681647ec902e3e9616b7ff1f,86,238,621,442
139aa267012f421a8346488a39fb9505,277,128,1348,682
13a37ba94b854faab6bbf22741f8aacd,912,375,843,526
13a3b3ade8684de592155094ce9018fb,615,384,562,469
13a444a557084541b9ebe5380b4b6c2a,444,308,891,551
13a9ef98532b4b5088e9e408c9eedd35,374,315,506,437
13b3a16bce1d4b7ab242fd3188c8e078,75,371,566,502
13b3f796ec7e40eb8291cf9d6eaaf133,165,257,713,462
13b666192b804a36b93c95b78c57204a,346,304,613,573
13b997d5bc9744d180006e5dbbacae9e,776,386,460,459
13bb0a4a4ae7430c8bfa0f6ce6b0c7ad,176,333,810,478
13befb5a9f8443acb3e079ca520605b4,858,380,517,424
13cfceef22fc401ba552e1a268def7f7,321,60,983,619
13d5a9f808d74dbe8eab7b946ddc3479,789,313,782,456
13ddd994d0ee43c3ae26e9418f3ec5c7,444,333,517,369
13e22e084cac4b8b81344e7e2bc6d3fb,456,191,932,655
13e2e24ba8fc4f088c5aea5c0eb3d018,330,343,434,405
13ee126070b74d729cb63a5d689b1e41,704,384,593,442
13fe6da2c6af47e38dd19923e603d89e,667,382,635,462
14081fec76994de9a9850b389b1b722a,1073,226,620,443
140ad0834cda4b40b924b6c7d0d9dfdf,1032,302,613,595
140c8b2091544f7f94b2c22666a08f17,484,0,724,577
1439c9e9f51f417685a97348803b6977,341,588,601,427
14478f0a99f043858def5c647e9bea84,847,284,747,496
144bb1a470184489ac6c0ad5c5b39ba0,215,294,814,526
145f112aff1c4cd1948b0f704dd0f5ca,969,248,950,580
1465b23cb552455897f6800e8a6d0e1b,55,298,745,303
1473ac5723014f0bbdbc7388c8b34efd,598,475,560,416
147432c2c2e94f73bb79e3403fd957bf,376,364,430,315
147d2ee08f624b6bb7747d9adf730896,400,487,876,592
149b3f296d8b452eaa8554087ca18e78,614,334,559,573
14a511dea3c0480abe8bc808028ca2d2,1061,272,573,600
14a7708d8bf345c88dcdf27b7e8eaa58,1200,418,594,422
14aba88913dd484b80f9f95db3c6676a,153,281,644,578
14ac3aa1216a4f42994078e60caf53ca,537,274,505,396
14acb3e28cdc4388a1a26121588ed27c,891,218,590,596
14c52fee69cc4ae3a8666d34bd8bc7ef,160,258,564,444
14d1f8a02d124ea78c13caa3ea7b99a4,647,254,837,656
14da114b3a0a499bb2ece0ac010ec73e,152,488,548,423
14eadbc34ef14f938c5141fb4b69fff8,387,222,805,618
14f2def48c79488cb3530d8b0034bd90,965,0,485,338
14fdc2a3f22c48edba046dd0c8374da9,147,288,558,610
1507c05ca8de46e7a76a2078778a5e80,1213,362,695,465
150a2e6040a74e588c421b1442647a3e,693,478,566,402
150e0ab4a640462fb2977cf5d6bb8b9d,1177,238,610,354
150f21a0b262479e921af566e5c99d2f,929,152,667,503
15176bdecb8d4a1e90b73a82e4bbd577,824,278,777,716
152332ff9bf14bdc82a573097f331abb,656,304,942,555
1529b815c4d74417af1715fb8deee30f,695,0,376,374
154452947cd74b0384856767d022e290,657,126,526,422
15455160a3284850badace1186e014f4,357,558,639,522
154c9d7668e64f8e9ddcc5dc2c91dd25,38,195,661,467
15506dd1353340669b73769a3f5ff286,0,0,1053,690
1554f9d270084cc687210465a6fd5b63,334,271,740,808
1566d9bfc6b646d3b7f0b68bc3dfb739,228,351,939,633
15688fbde4284f0f9a4bc54f3a04a4cd,1282,223,637,376
1571cb26f7f645aabdad9656fed4135f,292,587,965,493
1572fdaba8de45f8af7af0616e548b10,542,0,688,534
157a42af61c5462bbbc4c093d3458314,796,301,720,454
157f7b7daaf548fc804c7faa1368e2b4,1023,70,733,546
158a43d324ec4ef191b3ff0875316a4b,635,219,499,432
158c3d788a2246ca841009eac61689cb,454,184,1143,733
1599b370b09d4f81aefaabf028a9c39a,763,464,474,402
15a296ad3bdb4c4e936eeee0f5ea0f6e,592,391,618,440
15a74b07869e440b89fdd7197381333e,313,214,398,461
15b603964b534aedb90cdb8f75132dc6,661,366,755,544
15c23300bb7b49d1b3e444e67f239721,547,386,610,611
15cbf0238f404fbf88ce95a1b198a579,542,225,785,782
15da14bfc30f46749c668fdd827b51db,681,309,691,444
15e7870bd7954596a3d0773daf6207fa,911,294,767,560
1601d4f7d79e45f7a4c60e0d40389d39,786,89,427,472
16050b1ecb8a4bc58599967f47d852a5,900,267,790,512
160a94590a1c4edb8849ef31c0904ab6,134,566,585,512
160b7643c49b40d78fd3ee5ae8cc3acc,396,285,935,612
160e079440d143e4a5c437670fb01315,509,281,912,614
161d1b7ab93c4508bc33cf4e7833e990,618,0,673,624
16242516365f426797c7b7ca320725d1,506,224,912,656
1624cb91f1934980873eab694467068e,694,383,615,456
1625537d0f724d098a454a582cf49a7d,1256,396,575,424
162e1b377caa4e08999aff289cd5dabd,40,237,863,556
1630966117f84f54b04168214770cb74,453,566,758,514
1638747927de4c81aa81dd20d0d0dd5e,946,256,853,496
163b2f69d37245eab032365a1594f2e8,927,513,908,488
1646cd52269445a3a571684611ab6475,466,383,734,697
1647268ac21b4639aac45c419acb7591,643,508,694,559
164d26637b674c21aa92c95d66ce03e3,802,499,562,420
165597441a1a4570a67bd71399d17a16,768,403,1042,588
16645ef6cd144444b94d18f55751e4c5,672,454,896,462
166fc84e6a0b4378bc08107cc9df4d7c,245,379,1052,551
1671a1c9a4b1406fbbecc3a2028d9c13,576,264,886,555
167852b9df1e407880f518160d329303,544,447,919,632
1679c1c5676d424cb8510bd11dfbd070,697,370,630,496
1684d18bd7a949caa82824ad593f834e,798,166,628,646
16b0000c8b0440ff91cd5f9dd0e1cfc6,966,144,536,598
16c6e0daf6a24b7d8ef9c4e0dee5bf60,1121,438,677,535
16c96c8da0ea4e8e84cd8c1cd98898f2,757,454,538,395
16cd485fc18a4ea2a1055b34b03f4d52,368,105,448,450
16d6678ca83e497aadc1f92a02270c92,1621,486,298,360
16de4790cf1f4315ad4abb8152e1af29,540,354,785,383
16ee971b4a8e414495c148af5c1e574d,715,671,648,408
16ef6deca45d4956a1596c6795d69956,1257,238,556,355
16f14f36539c4cb3859a63ec01dc8f36,514,383,631,416
16f8a03513bf4494949341a3904866e0,340,395,826,567
16fa1dd6af6f4b5da0c08f68dd15da85,874,339,649,452
16faeeae4ac146b38c69be4bb797716f,657,465,735,432
16fe2bc3a0c347938cb324ef07479c6c,604,320,612,758
170e633814124955a733d528ddb18096,1,69,958,610
17154984a5c24a23a0f570a8a452624c,766,249,654,555
1717056f5990440f93c80c7991a1e47d,1039,255,626,437
17183ebd1e844c07ac6e6fee4f59e170,231,263,579,485
1728f9fce2f5458486407a9b26f25502,1072,464,789,481
17327c0f237a46d1ad076a59fb234f7d,0,307,379,411
1740d99083354f5685d523790291270d,983,343,473,371
1744019fae3a4faa840563bd3083d811,555,313,587,678
175c5607fd8644d5a30a38f2ef824d00,922,42,554,530
175cc41b4a1c406fa02e345f8d4e0b9d,1068,462,829,507
17711da466664a808372408fbbe9fbb6,627,410,499,442
177cc4ab8c37454f94298bcc7f1e05ea,93,50,667,478
1795209b4dce4767bd4dc31307ebb58f,208,429,679,384
179556231717476ea89cd798a0294c29,1,298,700,371
179b1bffb1fd4612a92083e231c44a9e,795,371,551,391
17b20471502f4961a62c9c6adbe28b4a,899,220,767,522
17c064236ca84258807922d752a352c7,674,488,369,259
17c17b288aaa4e899a34fa91e782d292,81,368,1031,503
17cb0c526df24028b745960aa09d9ee6,420,382,620,513
1807dc12b232403597df80c12c7d8610,707,129,427,381
180afb7a00524fd992c9fc890e3d909d,580,581,974,435
1815f1920b6a49a4a47c4af66f846290,1174,130,672,444
181b05bfdf464855b185b0b0e0ef71c3,591,177,764,548
182fef9452834a06b3551fd07ff9798b,142,351,679,428
1836c9affc1648a3a25388d17bd81424,793,160,842,536
1852f287971641d4a88da22982dea2a9,729,353,832,614
1854c73b05564496a87055a31bc4639b,72,7,826,606
185a31b8596f497aa59f13dc58658c0e,884,381,474,449
1862572b923642e593fdbc54d07c75b5,681,313,692,442
186405d817e44d62a3ccdddd0cea3f56,756,447,677,463
1866e1f142a049808de3748631f89766,1085,105,499,399
1871d11cf6f341cf929e84bbed7f0667,1008,433,465,439
1878b774e33140b49cc521336eb70eeb,617,432,780,482
1878e500f4974bc18ce863aaff7fe681,160,259,669,368
1888835a653e4fd4ae08ed57e038d2f5,1235,302,635,335
18910349742b43e6a8d58062f4218ef8,336,404,624,526
1892d5e41fdf4443a9a39cb06238906e,1,330,513,376
18960c4f43a943db850051e4abd3395b,0,204,569,436
189cf2532bc84e6086c272dc260f78eb,347,298,781,634
18a3d234b58d44fb80c152b081cc355a,713,597,955,412
18aad17e15d7490ca9884f9f37250f20,1235,427,684,311
18afd4fc628f460a9687f3a82112edf6,566,239,884,591
18ba3f29ac314a92a36628e6f5f9ae2d,922,690,853,389
18f1571066ea4af98edb45581e4a774c,666,409,1139,559
18f69b56c4b14c6d8d27ffc23099654b,681,61,611,592
18ffcda7895247f688ad16791072c368,784,344,548,461
191637c5a32e40f6aee116b16060625d,592,385,828,566
191bfe5e4f8046c195291df54a18d1ac,796,344,950,712
19277fedaf6340d3b703a90f17bed2d8,180,266,896,440
192eb6cdb44f4b87859a892c2c6f1898,1103,380,721,397
193f30917ef8411290b752fcef0e058c,315,260,1010,747
19446b9c559649349ac99d0ec6082a53,715,0,505,295
19472f835fa747dc9c352cefcd8c8df3,1294,15,624,482
195cd4be93764676bc3be87a018eb8f7,310,232,905,630
1970130fabdf46b89f86269fb3c89ba1,664,422,444,327
197c86e64c1749a4bcf9a9f2e8746df1,1235,335,601,476
19860539cc8f4428b0398a4e165a92ed,165,544,920,515
19a5e93b3cd14045be78fcdd694cc68b,715,0,505,296
19a98b0afd7f453ead3222735ee935b2,222,253,618,409
19c7531a4fbf48fe8594ef042d3e5d02,488,305,408,393
19e5276f741c468f90b43f7d0e9536f8,962,117,494,480
19f9974df3404cd1b6dc2bff637a6369,1240,455,643,353
1a09aacf1c654f40bc2affeb2373ddab,610,474,508,401
1a1602caa4414156a1d0a41c3b4e4c3a,660,1,757,690
1a432c799f754614b305b734c33aad98,435,501,555,429
1a5da5b3d2634a8a99d4e7ae9eb466e8,814,388,580,331
1a64073d76914911b9f4fefe3e5e518b,660,395,631,616
1a6c5ceeb2b8456bb973014c31018e1e,766,278,424,388
1a730c6747054be2a8dcbfa49dc58422,36,155,529,360
1a7552b928804a18b1431709aa4083d5,576,397,657,439
1a87a2c49adb46e3a779747a2a299165,626,451,627,366
1a8890ed47724179b60b4e01d724e9ad,639,434,631,496
1a9f52a5b1fa476ab18fafb89f5ea80b,419,568,852,511
1aa9d0185c7e47c88f8b55c69888488a,176,91,870,567
1ad2534e87234e6781ee9a4e79e41a9d,845,213,625,540
1ad79d25f835438f9cdd5ab5de82f64d,329,380,569,353
1af57096f7b74b0fa473c8a99c8c70b7,467,382,734,698
1b1469d98377499fbdb5fe34709da9ca,374,132,408,331
1b1e04c9bf8541dcb05143651303e702,1265,80,630,559
1b2d9832d1f4499ca94c7c68ed01066d,651,385,781,600
1b2f2887539a4700a3f8f23e10f2a89d,325,239,685,466
1b3039d494ba446d8aeba157de121a0e,408,117,438,332
1b415c7561bf44adb7070dcf62f93d3b,527,499,543,414
1b4ab30599ea41178b775b81f5f6265c,1171,596,584,413
1b52fd238c4242f0a6be568c2246582e,195,352,866,569
1b5b953a8e494401b8c688e184d9a47a,1180,397,643,415
1b5de61979b14aeda72e4a7313f093e5,363,462,605,404
1b69e73661e64745bdca767c4df6b12b,398,609,572,458
1b79126c6b3a4b079d0a07604b9da83e,339,590,629,490
1b7fc4c4c6654f179b619a27ce093f67,209,326,575,518
1b8ce36538d64b1382acd8900a12c002,989,106,836,568
1b8f6649ae4a4dd1b3544c9657000631,700,249,672,680
1b92a24a385944d7afc9152a22f11ea9,548,395,618,610
1ba6340b4e214ad1a91e450bbae897f2,507,159,729,639
1bc02e16fc654fea92c766b17b0ed7ab,985,481,808,304
1bcb7e52c7ba4034a69aad49d0ea2167,707,434,775,507
1bd1de15f5c9452f8e7b2feb415f8d55,624,402,514,493
1bd83ee96358475ca436402178a5f944,198,340,654,545
1bdb8e13cf634b7cad7852105c86d69d,559,269,808,600
1be3fb6c7e7c48a8a30920028c9276cd,248,121,664,483
1bf6c4aa33c449968769eef944e04b26,448,268,889,535
1bfe5637094e466ea3b949354d8eddf6,663,426,603,408
1bff0b5aea854ca4b61fa2f33abb15c3,807,275,798,495
1c0a180508a046af98e789ec52e3c156,564,252,866,637
1c0d8ac1cee94629b1abb8e2e2a026f5,0,283,779,435
1c129ac43872493ebea9df957c378745,577,345,738,582
1c14a75cde0f4b5286ce3f66af875c8a,0,497,642,399
1c2d875b757842d4ba991830f351785f,153,238,1140,458
1c315996f08640f29f7a42976bed130c,467,169,710,730
1c3865a6b00a4507b6fac0131a1a818f,743,293,555,572
1c47f5194e8d407d987242d3a14b2262,323,34,389,435
1c505eb0f5274f629086efc0467322c0,595,327,742,480
1c532664cfab417d81c0dd2401e777e5,1097,516,767,471
1c538f8483d54480b35c5ca730bd6916,363,329,860,602
1c5926ac7bf74e67b35be6e9fe45b6c6,321,440,931,533
1c5a8fa8b64a46d59cf29c6ffbbc89b6,669,298,505,541
1c5bb637e44c4f849899bf2f79d17fef,1378,207,481,312
1c5fe26ec86147c7b52bc89cfb09bcb1,683,449,643,418
1c63264de1954fd1a1f03ef20fe92e5e,247,400,810,491
1c650c3a1ce3420f8b4c2e22feca4a34,459,387,1461,510
1c68e32722e143dd903c337080c048e0,77,369,1045,457
1c784f0c1f814acf87139ad31bbc96b3,44,483,619,388
1c78619a6a944c6daece28e28233a533,668,291,647,462
1c85af6c4cc0495aa19156beb8af6719,861,284,729,557
1c8c67c7695b49039e3d3c8f3319a55c,1,110,1047,597
1c9008d4b2b64cc6bfa5d9cfb591631a,282,320,610,439
1c947fa04b1440fa91ab5c5a408e54d4,756,300,640,556
1c9a2b8321c64e99b51945ccd1e39bf5,350,284,928,587
1c9d12122f37472296e934636fd31911,448,267,889,536
1ca1702da7ae498fbb5901e1e539b0e5,470,257,1230,748
1ca532c212074d459fc10863840e7571,704,391,645,467
1cbb488410e343c98b3727b15f5cd886,485,219,678,618
1cc1dd6a9d694d6b980f03bc7fbbaba0,0,193,1052,530
1cc27d775f0641a7a54e958374424227,689,0,541,469
1ccdcd47cfb246179a1d1a9038b965fe,123,170,883,668
1ce3def9e49644528964cc67f89b49b3,208,428,607,373
1ce63df1f04e45e5be3d086ac88753c9,666,634,437,366
1cf008937d854706bbefab5faf23d94e,962,174,765,646
1cf21ec68a524ed5aaefbc1372c64e97,174,410,896,401
1d0236815f684175966c77b197fbc469,1269,90,525,401
1d0fde70c1754134ac7cb2b9419a366f,493,239,511,431
1d1861ab480e43f089affae88ae8ab1e,1039,154,545,414
1d19006a9ad743898e64b954d45b03e4,557,491,666,462
1d1dea3878cb44c4b32acf01c650b9e3,141,298,778,782
1d20073232454b9f9ae073de1ce3ed68,1075,83,637,551
1d223cfb8e284a4bb0d183ac391ca511,544,492,561,518
1d2bf968aa9948898c2a64a3c4925c87,0,139,804,560
1d38247d47734edca662e7fcf6242093,603,0,810,808
1d393e143ffa46edbad8da86d6842af7,632,338,1286,612
1d3e3dab10c14357b4d8a26d49acdb7b,554,271,763,445
1d499a5f71f44464bf28495831ab0a1f,657,0,796,535
1d55fd18105e4b078e18be97715b4eb9,717,375,942,601
1d60c75546e44072ba5c2ce20c2b3035,39,423,698,408
1d610d8afbc54da98219eb1ae1b62dc6,1321,403,598,407
1d632d221bcd4376ac993f77445b9cee,671,244,665,525
1d75695d71c849559ea1e7c4c880b382,120,261,1130,559
1d78b18d0574448da936ba93927b8ef0,921,634,912,446
1d78ea6d08df417ca2adb31e9692b718,519,394,471,451
1d7b961d720d45508cc73cb67d9f61d1,870,255,426,398
1d8217a3d3384258ae8c8fcbae64bd05,0,357,526,516
1d83e65f848149ffbf2596536bd041dd,778,379,456,419
1d9df62253514875936cd956decf2a27,1,0,696,487
1dab977e8d1442eeba3ce47e6d1d1552,1104,431,687,489
1db1987876554f80bd7b2109e4e0d8b3,547,279,665,497
1dc20bdcbed6400f8d76c64b974c37c0,459,403,870,439
1dca744965844812bc1961588f4db380,1078,454,569,419
1defaf2d048d46ce9dfdc3beb7ece76d,737,259,456,371
1df655160bce48ec96909eb1b2de560b,1347,411,572,479
1e0ddf84db5b477ba2308d5f8e3e2051,424,437,952,486
1e1d2b0c47dd47adacc7cd254ae117d6,254,452,972,627
1e2a164e05c64dbb842e1e4b13bd5138,765,339,567,528
1e37da58cb89455cbe3dac0406c2e2d3,1277,412,493,432
1e5fdb0b5f2a419cb26f3fe74cf21e15,845,0,425,314
1e63088e77264f70948d875e4723e4dd,428,552,628,418
1e6693fbf2d745d79ff6bb623f6f316d,609,444,687,446
1e6e1adac3654dd7a031bee6618914e2,796,344,950,715
1e9ae37d98884eabbf460761f09ad7fd,485,262,544,532
1eaa7d49bf1b421c89b1c172f60be334,1236,335,599,476
1ead1e291c644035a213d82eb379c5f1,608,355,581,383
1eb1a9d8afbd4795974b8fd03c36aa4c,844,0,421,352
1ebe1f72da714834b7322f8c10ae77c6,725,431,597,383
1ec7d41333b74047a44662380268a0b7,1141,511,627,483
1edbe48e76014868b688e036a59dc705,706,480,1004,581
1ee765e5da774200b2cf28f23f26b114,505,190,896,706
1f00532c8e0343218715cefe4b9bcb2f,1302,109,545,428
1f074952b673425086298352f0ba031c,156,282,687,418
1f0d552021944ce8ad2ee7b955ad7c64,620,454,622,382
1f160c045a4941018af7e9ff5d843a37,1,672,913,408
1f1af48b9e0e4b188bd491b64f68afa5,954,267,594,492
1f202577349b4fdc811132a652144874,1194,193,605,376
1f3978ad57d64ad4bf2e80c85af7b33a,517,277,501,400
1f4202c2f1a14fee8220f4f7173ec7b2,583,355,899,433
1f4e759d3fa94fa1b0541b146a40e1d9,444,261,987,517
1f562994e9cb4179a9c64e75b39fa434,676,433,616,410
1f5cdb2b74b041dcb81fb1922aa986b3,0,246,1242,475
1f5d5e3453314ffa88e462a485281163,1020,129,740,463
1f5f34b541694b66b9eeacffa607c5a0,688,379,856,551
1f769a90be3a45b79bd5184ef61b2cb8,508,37,985,688
1f7d3b81956543e68118c3343f6dc379,1305,105,614,497
1f8315d481ce4bef93952e0a04520ecb,647,375,574,507
1f8c7710b60c42b0b92079b376f27c82,163,470,575,348
1f912a11eace4623afdb68a608295b35,115,313,700,363
1f99dbf7b3a5477e864a22d459c38370,564,125,490,497
1fb0165105094775ac45c1a4ce177ea2,0,104,629,444
1fbb510a505e4166b3dac60414a4721f,1324,377,522,554
1fc154089ec843079fda25a139417025,724,381,564,552
1fc1cd8c86ae4d5783594c0bb5cb5088,641,507,569,402
1fe01bee40e64805a14481385e8e936d,0,466,631,438
1fe0870283284d8fa3a81d401440ba14,959,269,865,521
1feee1749aee4b859f17d0cf9d3ffeac,267,196,743,444
1fef43311c004625886df9e78de8c831,1257,413,615,461
1ffb6f0948f9470da02566f9e44c4778,1038,154,546,414
201325d4164040b19ae6f7052a0c9595,850,600,667,479
201cee157f9b4a4781025fd4326880ab,607,483,792,469
202175512edf45fd80b6ae4d188ea90f,1,242,664,393
20226d27ec7f423994c07fa2875d503e,211,420,569,476
202bd0a71e33436ea770f2daad51cf50,509,362,658,422
204208913838465eba890bca58da0694,751,2,271,187
20535155b09e473995bbfb2b70cd0088,1324,289,592,335
2058e2bddcba4859b37fb1ec725290f0,631,230,753,593
2062b6c0f11d48e2bfe6b7a5ea407805,439,194,837,791
206a158415c542dd8f8430313992f3bd,655,0,466,480
206d262c341240e093cb36e4dbe38a11,172,428,1167,652
207361a2c1f84da6bb707498d3cc93f7,1108,146,719,507
207b3f59bd1a453eb47de9aca8af8083,317,378,851,372
2082ba5cfcee4b5293d53d11dd940219,1520,0,398,385
2084ce9bfdad4559bff1ef64011f8acf,0,423,722,470
2084e38f0fd34c7eac3484e4208c4e7e,1001,349,512,434
2085855e422f4ba4a1de4379478926b9,14,188,1150,571
209dd81a54984565ac90e0934f22831e,485,185,826,746
20af4ad5955f433ba8b4ead965e4f9cf,526,385,681,420
20b607a0b859498aa07a1dbf1682ac46,14,211,1205,503
20c3ea45159843bead2e700bf4eee80b,200,408,677,442
20d266a218d349aa9d1b9933cfee750a,441,397,730,460
20d274508de04f2cbe48aec334fae2ae,545,521,543,467
20dba23b28a44041952a61a2f08095e9,677,288,1080,652
20dff6e2623949dea487bcbb55a10a78,588,354,547,505
21038fef3f604b75b6e1addbf8421d59,199,323,774,533
2105309fc08248209b6ae16da7c5d68b,1139,514,628,485
210551ab3d604fd6a1c0f9cf2aaf49df,1285,318,634,488
2110cddae6a442dda993c55a12921e3b,901,99,569,398
21239b26ae70494f91b052bc149ddb78,300,238,674,454
21279f50f10543a493d88a87bca69e7b,725,284,824,639
2136a1cf250949ccb442fe5f3d494321,321,373,862,466
21384d995c374b8bb98d3b2961589a3e,63,229,793,481
213f1b82b15a4675966f9d9e28643284,905,276,557,558
21403161720b4820b6f38402b1b9f777,112,568,662,355
21433257e7c740e49b611e5eb3a37a1e,0,404,397,345
214f99628b214c2ebfb8a14fc5cfbcd5,503,485,704,595
21604216a33f4e2e90a37b29a4342f6a,56,411,650,466
21747e618d8348d59e9cc70415ef4685,972,0,742,675
2175c291ccdc4b8196a62be92771a976,70,368,556,467
21792191873a4cdf952c1f031d0bbb0e,659,605,649,431
217dc224802e4ddcb45cd42e065f23a6,549,357,380,341
2181b70016594b72879adb409e82ce81,620,308,494,552
218606f3544f4957a91405de82374eb5,672,400,767,450
218cd0cdcb674f54be95b5dda7408158,432,546,624,410
219ed8dc0e7445d6a7bdf643d74db3e4,412,230,687,649
21a7f4b6e4354de6bb0f105d5d596128,578,368,724,400
21b0c81a7beb48d8b0c22f3f01aa67a8,674,99,521,459
21b6fb5a068a4b6c962c13715a451e12,784,139,426,349
21bb191cb4204142b3cc72dc01f5e1b3,667,231,820,609
21c83f848e6f4f13aca6ee8093595df3,657,334,842,525
21d49ec9696e4318b521691579f48a40,1087,30,753,572
21da4079cfed44c5ad2326d9c12502a2,594,178,796,523
21ea4c6d1718422b864c878225333614,212,250,669,453
21fe32b60923430f84f01f3a79d59074,648,312,531,487
2208a11a25dd4e80a8a95a8bc0119e5b,628,255,521,419
220b410d8f4b4cf18e0d2d791f988c3f,612,189,666,519
22188811272941f0999e3f7dc13cec94,180,331,1072,474
222322d1b37f4fd1896e2235908cd42d,648,18,768,652
2223367bff1d4237a34212ee3df0f0df,728,627,753,453
223439fd2d1940b18ee45b59cbca62cf,266,245,742,430
223d091fac2d4f13bbc8489570c94667,507,219,727,634
22413e96eaa94ad6a84863e8f796c8b4,796,291,721,464
22691c03d57240288d699149cfa7eb04,227,175,936,642
2274552fc21d4629aa5b4e61d6b02eb3,537,378,751,528
227dbb56a992470c98e7eabe12ca5b89,642,512,748,480
2288c5679a7d41cbb06a555a56f7b476,595,453,883,627
228c2a4a2dd046f68b83ea2b2b71b2ae,499,420,650,453
2295019afd984438832d5251696ba692,399,275,820,503
2295299519b34bb08ec62225c9998839,336,528,520,403
22a3fdba04fe4913b7d9c584e672f39c,949,185,856,665
22a6ed7faa9141d1ab141beaa68ec0ac,782,88,429,472
22bcd63c5f91430dba4144562702407e,193,595,566,349
22c6297efe644778abb5b8d5be26ac38,757,225,518,413
22d2aaaf38444817a5a04fbb497d0c66,619,283,478,498
22ef06be15ad4e0b866f387e658304d1,838,378,968,413
23022dee3f9444d9aebba70cb1ff6933,0,408,398,337
2314f25800104836bab53f981cb5f52e,679,514,386,344
231538a8fff24324b5f95e5b4aee1f03,1153,342,647,403
23197bb644744b36bc7a538d40fe715e,775,503,897,454
232765e874f34b2fb36bef437f804879,0,403,723,348
23438a0c481945a090e935b31c91231e,1293,157,491,457
234eca8502e4400089862aec60b3d55c,492,190,673,502
234fee087c0b4c6f9720f154ee2c0017,586,337,725,442
2355a89d771f4646bece09c033189555,1139,490,742,543
2355a990620f4569b34edcfa66e9b888,494,344,772,506
23693d996e3b484c9a1971dbc8de0e4f,885,59,350,330
238a0dc7c1294ea3924d7a56e4807cc7,124,170,560,416
238f3112a9e943ceacb1396e26d8fb06,543,479,625,527
23971ab5fb574c0e965659448c74c5dc,152,490,548,420
23a3882b834347da9ddd51a8346eeeef,760,78,631,624
23a6a74524a64b578485ba79583d1827,1098,109,723,486
23b465e68ad543cdb8adfb9ad4b88a34,1137,114,698,483
23c5eaa4779a465695bbc99e8bcad454,1062,82,752,504
23ca959371484a9694a1d022dd71b7bf,0,409,851,420
23cd4e49211b412eb78b9ad9cd0a3471,602,228,525,587
23cdad4e19934a10a7d0a231af9d2eee,448,276,781,472
23d67547febb4ddb97ecbf587acf44ee,979,481,607,355
23d871d6e63f48bc995893a9be40360b,653,306,1161,774
23e7c842c67f4b6faf081b6828e59f25,2,103,446,405
23e97f018a7e4542ab8d52204592fec4,702,236,383,254
23f737621c3b4b3dbd895c1521bd6ac4,474,218,776,578
23f7d5e5479140709f0a2d2776faba8c,1131,216,504,369
23faae06a3bb454cb706cececcf59f81,619,305,862,529
24062c6260c548ca9dd9cff050f91888,1440,419,471,412
24087f56c44b4e69be01b0521c66fd5a,855,0,514,426
240f8a7dc6d4474a8dc2504bc45a540f,823,290,293,245
241973ff5b0c4cda95bd1a3c5800b305,1348,301,570,493
242a4a09fb074037beda240d4b244c61,604,227,528,573
242d70d9d18245dd9fd059e09a227003,363,213,547,425
242ecdbe127a4ba79a318c333de8bd44,636,515,647,565
2432dc3410ee4d268a6c4ae85bfd0944,374,383,499,415
2439c792633c4a08a1573dc8d4d77006,1050,351,633,723
244320c7b6f74d4188fbde046f0c031f,382,346,653,628
244b33516694422a878d2e7c5a988abc,152,470,504,437
246645bcebf047f2a51dfed044b78827,496,439,629,562
246893e5f1a34d0fb07331789dee9fb4,1400,376,519,458
247b95dae6534a3ba1e897ea381730a8,1317,249,479,553
248359b5f0774bef92c018e486426f87,564,459,744,432
248667deaa1a4a4f84b26f2165ea193d,803,337,545,442
24966c4fb7854d7ab6bef32578ec75ce,151,360,549,481
249cfd9c13f94c95a9e747959d0525b9,335,278,738,801
24a7e7a6895e4298a8ccfeba81c4ab51,1267,458,543,417
24ab438a002044ceaf3ab0cfafb811e9,1014,35,713,516
24ad3b2262b846b69faa2ed0a762a814,600,374,817,539
24b262b727f44683bfea1f8698857d5a,598,501,747,577
24bde1a81d2a485c928b381c11b8e704,983,466,936,613
24c19d68c1244f91bd39e22f0c863b8c,664,625,558,342
24c561875d09475d970c1a07b5053f7b,698,488,622,513
24cca71aea6b4c79b2dc798a465b2b4e,631,229,753,594
24cfdb639ec346789522535efe12a4d0,923,482,873,455
24d9b262603147e7aeec217f606fc11c,365,233,438,474
24e97d8afbbe444998e1f03a1870ec1d,745,175,554,408
25005933b3ce43c6b642ca04cd108f8c,24,0,1255,859
2502fb1cbbbe4c7e84dced75cb6d807a,917,469,783,463
250f3acfe4b040829ae419f53d0a745f,213,319,902,632
251ffb65783a43299f3ef4f5d1de72b7,1107,399,725,420
2537734e3e9e429eb1a9e4574968ef38,712,370,570,409
253a786c5ac448e082205c8d25927be9,109,245,705,427
2548709da3124ff3b8bd929ca9b3529f,909,304,829,544
25647d984db249fdb9fdec3baac7ac3f,607,426,576,375
25688cd022da42d080ec67693ec76746,399,209,385,341
2583aa8503ca45b4b105e4b0974d423d,496,442,632,561
25bbe5742321407aac247eb60317c0dd,23,299,512,399
25be548e2217447691d01c30562bf2c6,647,345,632,433
25d77b9ca16c4a238667fb20b92ab427,84,261,596,515
25f0002a7c044a348085dd82be8261e4,745,2,482,544
25f61be9fb2d4e86afb48e034fda7da8,711,153,313,263
2603da7d54c5494782a0daee37d84748,1185,365,690,450
2607939939e6411cbce5663c9766a761,930,481,965,531
260b185659ad4be098c1b63bc20cb12b,654,417,605,466
260f5b7d316d40ab921bb218760bbcdd,173,378,667,420
26186ecd0d634369b342866ed7b19c2f,677,0,440,425
261a8340f0024a719e2fac090122687c,564,527,802,489
263ee593bb6b47898535b6e892ac199e,719,281,643,536
264075b241584561a65546872056c6ee,61,177,1191,769
264aa75b055c45798ca8f3160673b7ee,1000,90,737,526
265b6257356c4a00b65203f528a8b979,765,571,806,443
2660cbd6eb564d0bbc806032f70df5d5,676,100,514,456
2668ae2c45f143c994414d7bee2c69e7,688,367,855,549
267165bb3ce9402c974d4582c67cca2e,210,299,637,418
2673e402b61242ff8ccb305b617125ae,122,170,562,418
26742e01ab184ab5b581b2a0895e8347,251,172,540,468
26746c3a1b124f318f0994de23868e4b,896,137,848,608
2678ad1dda1a408fb619403ac0a6fdf4,366,370,538,462
267d1159333147acaf518b5940d23d6c,674,298,581,539
26849b377a7841fbb72f5086eec4b83b,568,274,494,402
2696eddc2c5640e89c14aca0fddca7b2,865,236,801,528
26a2ba8aa7b34bf0bacf1e04f3150e19,830,0,389,364
26b1e83abe0f4ac985f06806f2c11016,737,0,748,629
26b2a44a3f5f44e3b40ade3d4dff081b,981,601,937,416
26b51904edd944b78e9dd526478a9b24,742,296,521,470
26b9ac7e8f164bee89e24288701a0494,558,272,809,594
26bbe31f1580443dbe4c6d2e52b78ab8,897,589,904,474
26d4e4f2fe83468c918e0a34a37d1939,629,386,635,471
26e4a7c4215849079ca75eb4f1f0d734,450,81,749,702
26eb604790a845558a8c880ed00815e7,628,447,601,524
26f6b7149adb45e9a1e5dcb09547c57e,576,246,803,622
26f6ec2cc845420291b92fcd0cc1af4f,772,304,795,457
26f713af133848aaa86254f0197544bf,315,228,720,521
26fe4ca819a64ec28ef78901d29009b9,1220,378,648,438
2703a690588b43b694857a01f3700eb5,223,382,639,421
2716594a9a7f49a586eaa548b111db5c,724,459,463,399
27180b4eb7d94620beb257872bf2c229,58,171,657,472
271d211d31f94e679f553a7b017ee539,219,69,669,427
27276f69c27a4f46a7dc1cfa0d7f3882,117,55,867,601
27402a3940b240f48c234a57332f19c4,559,309,494,416
27572086c59b4a88ac0c2b001854afcc,447,278,713,487
275af6ee8dc24c4eac42c102d1d76333,273,245,1177,608
275b60651ca54877ab956721ce176095,684,391,923,521
276a8c414ab14a0ca93cea198923b6bf,738,295,622,636
276e15b76b1d48519a846ea0090a2a54,404,40,541,524
2772b3eefacb4003b878aad04ef991f8,1244,285,675,522
278125d70f574dfa8ee2bc8ff92a716e,260,124,657,483
278b0d92ae8b4da886c9cf0d1b09b6f2,1097,510,768,466
278d619cae2842e09a862df8d9327ffc,1062,83,751,504
2796ae66b6f84d25afb29f9fad5ee674,1277,3,553,387
27988117685d4e1ca02c1f3885f42d12,1211,227,653,581
27a5128d73b94d16a79a96f5f7e3c7d9,657,291,730,616
27ca794b47504488abb05582a151e3bb,328,343,1333,615
27e06d7eab874314b4c55e22418e7ac1,1121,576,607,461
27e69f0da62f4bdf9972c76a5e6598f9,203,239,660,457
27edc82ea5e74d089056073c4a32bfe8,745,307,1086,655
27fc5164ffd24e009621fe5b9e2f9b6c,450,283,726,632
28052dc8ce8547fb81b915cd518699ed,726,479,606,389
2820d376a61b466ab6ae90ee80021459,714,276,732,451
282748f13fff45db9055463e6464232b,1103,352,814,562
2829b88b9cc34ba48818b26cc674b945,715,290,846,612
282c6df4bb234fa5a4fc718a301752d0,570,301,324,327
283d0965f1c34331a7758f41df399610,1096,264,538,481
2844608f7928434991987960f7ec44da,1215,368,693,451
2850d4d419954cb5a851ad5e7ef9ced0,542,335,829,502
2853a0342f0a497db48eec4195bde6f9,340,367,637,446
285421040b2e444b96bf990aa4831b12,1164,350,722,425
2859815cb9dc4ef5a2a2554f9b223c27,682,257,464,420
285df8ade3994a309b335223db75660d,518,444,812,510
2863b21cfc2040ab8353b1b86c2ca7f2,309,400,993,624
2866f35cc4ac44cdb4340fbf0333052b,705,455,565,366
287695fb615e40edb6997fa35b5afa32,58,174,633,469
2881e71760724f178c17cbacbc664b30,682,0,615,417
28bc651d2caf4ce89a279ce270f3c359,1115,292,634,383
28e3891b0c47438c81373da13e104180,479,448,731,514
28fb9852c0334c418fe52b5c48dd1cc7,682,311,690,443
28fe35368f5b41a9b6cd5b4c84e99daf,801,26,405,367
2904dfe5b39e44be87035ed023babc68,657,505,952,575
2909e3e5153647619aa6ff34fc00ce6d,556,175,778,687
290fcee71d28483c96c331adbf68a7a6,686,492,700,588
292098297a8144d293338f37fdc395ed,159,412,591,353
29226864e56044c8ace4747094a3e28c,331,287,1042,586
292bf84b9f984114a8ac1e3f5d2d154d,1215,398,646,458
2935b76c5e9848cf9cfc772852171cab,165,448,531,460
2941a07c1b7342dab73b86daf7ad871e,93,109,427,277
2949194a1c1148a4b7d808ec2a47bd60,218,0,506,408
294aebbf01934db28337701ed1dfbdf8,466,300,746,560
294b01193cec43ec979e13e478f8339c,1320,313,538,554
29591c652f5d4a4fb5b371d3155f7ea3,588,149,661,679
296ab330ff8e49dd878d922c10352ca0,1199,433,682,594
29702efc5f854a1ca8a7ef781704b004,253,401,882,556
2976a9d6959647e78dbcbda300ef6d7d,604,393,670,448
29771da6b4e9418d831b96fbb9c558f4,1114,121,558,437
2977c87360b24866b60d4ea57cec7fc6,1099,323,820,486
2978fe38151349d2b75431af3f6937bb,706,483,856,465
297937288c4a49c8a80380a1cb412282,1142,344,643,668
2999ae8e23bc4019995583daf6b1df92,433,305,759,447
299fd15f7bdf450492972aaa56389f57,736,461,635,523
29a63a51405d4384ba62046f24e3d5f9,651,438,556,525
29b672540ce648b9925e8c23b0452236,713,234,727,479
29b73337d850436babb9d99f6b3ffa5f,1532,123,387,377
29bafa099f98441fb72a4510f68ba59e,729,72,611,596
29c4cd98bfaf430ea1f28fbdc04fca9a,1239,157,680,428
29d24356429c41ddaabbb5ffe87f2824,783,499,484,448
29fe0fbeea784a34b2b26af216fc87c5,1343,145,576,398
2a00d9bb4484468dbce4ce531b7ecccc,395,228,462,377
2a08e74ace18489c9434a4302ce03cc9,750,160,718,634
2a09711475d942a0b725eecfa6c1775a,562,203,707,679
2a0a39101a7b49389ea27c2bca5f14eb,658,503,949,577
2a11dcfef8bc4674a904c064d72331a0,731,365,478,554
2a1deae41c354f0a9f959b75e0e5e556,913,497,1005,528
2a240615b5f04d9cbdf62c509c06acff,625,391,711,404
2a2db86f50ed41219d4cf843470383d4,279,395,574,543
2a2fbb07bac34ee8a89c0e5b479a029b,179,217,1104,483
2a31126efe7a47a6b3243991f636a50c,618,213,622,488
2a42542e1996421391a5013ddb62fa57,639,358,711,403
2a5d146b49754150bdb021b819f8843d,783,408,760,434
2a624f0e19be4c7ca0f8f7db5e20d51d,1344,197,512,372
2a776116956d49f7be17fe3aaf27fee2,164,348,1198,625
2a84c863344448e6bb9a63bf2a03d653,392,199,729,506
2a85479737b1400bb08b093be55d8523,123,164,882,672
2a8a771bee7441eea129f9c3c4e71b87,472,0,657,586
2a8fe3fadb4c43ed94c5a8ded147d75b,667,394,693,556
2a92107d74764c28949ae386bafb041d,643,205,662,735
2a94b5bef2354f289bf7f793385a3479,467,477,460,361
2a962318fc314daeb51111655cc2faea,617,137,640,645
2a9e00c44e3d463991cde177ffd083a5,45,81,907,556
2a9e301021a54ebc886729669d324d78,1344,199,509,369
2a9e5c7f67fc4970b567ced36bb273c6,522,513,630,567
2aa245f189d845d4b7b312e0997e697e,476,294,789,786
2aaf21fca23a4bddb5508c68822ee49e,1197,284,626,398
2ac27283ff5840e7ba62d0be69fe80e5,642,244,616,456
2acef0d6c96f4029bed4ee21b1557c45,693,450,470,502
2ae177de490f4ecbadeada039450ff10,596,411,572,529
2ae3cdbe314f451ca17653fbfaea7f2f,1166,395,752,490
2af1f537ba904a66ad456517ec3cc192,410,602,770,478
2af7bc1b4f684dceb5d33d56e4a0ce25,263,423,825,489
2b13209604e34246a66d16a9b2efce9a,932,323,496,374
2b1606199ed44ee398fecebe5a4e3b37,141,460,819,404
2b1cf739d1aa43c7b0ede502b30fd2e9,1002,327,870,464
2b1d79f7089942a9bfa36fc3244c49c9,479,371,705,459
2b2e09664b8d4057b68f84e63ed40dc0,1283,349,545,431
2b3404914cf94687b583cff225c31268,376,415,441,384
2b3655582b8645eb808f1a6d1420dbfd,579,424,658,518
2b3a4b8da5c74050a98d1ee431144d07,110,653,769,426
2b4a39f511b5421985ca82ccd123087a,716,343,638,529
2b4fe9b67e654a52bbe90df8a0354535,1301,88,618,412
2b530de7f9b645afa2866a4031effaea,632,171,676,694
2b596590501c4765b15dca99e2679f70,354,350,902,636
2b62b2e1a5eb4845b0d65ca021da1989,0,330,514,376
2b7655fffd584b4baf13894ca2d47e17,409,174,932,677
2ba63489d182441c89ac972dba0ba740,827,217,610,552
2bb0f124946449208f7be6f271c8ddc3,411,137,624,508
2bb117caf453494997908a81d5c00b8b,35,243,789,462
2bbb203baa0a49f187b39a5f0eaf86da,342,347,894,631
2bc8e848105a47f590ecbf63e19377b9,756,102,766,596
2bc9999a89504e709b17af3d6024ad42,351,405,515,468
2bf7f7c39e3f4f42a305ba159fb1ecf9,524,541,952,426
2c055a7feb314e8797b0141387b354c1,94,251,938,439
2c085764e1fb4cb19f555fd5c7f8f6fe,296,325,774,588
2c0c14290a4e48778c927e0bfb5f43e4,904,367,493,346
2c18fadd08ad4ed9b1ed59f9103bdfe2,690,273,541,560
2c255fec175e43dc9304ae9e0946960b,476,205,519,419
2c29c30a0883406aad3d981375c83b86,0,254,368,474
2c30f3c3d2ad40978fd57bd7066479aa,642,0,619,521
2c33cc0e7f7c4e9ab6f41113da171e95,756,91,766,607
2c3d8e89e08f45c0be466a39e5311a0a,463,332,665,468
2c4082f83b5a4517b1601eee725866d4,498,322,737,587
2c42e33110ca4e93b1f7a4163f8a044b,1244,287,500,417
2c43cf73087b4d0cb874530db34d6d18,846,224,298,279
2c48bca85bf94434996d9b5642658f37,783,571,593,508
2c58c0c9438943b0b0a9623649f64a20,574,301,646,543
2c6545108ece46488ec60bcdb00d7a9b,872,0,507,239
2c7464e5fddf47cca4b20168b84c0573,289,326,1051,481
2c7cde4e292645bebb8a32baf657f9e2,1,141,1056,669
2c9fc31411054bcb87faa12027a0f0f5,657,465,480,288
2ca9fb661bc744ff8b8946af61bd88b8,717,124,886,812
2cb694547fb14dd39e3b0f8067390b1d,20,480,624,388
2cd582f6e1504efabde1d03aee3bba02,686,0,430,425
2cedbc8fb4164eebba8d6beb41ed4ba7,1,400,1087,680
2cf50d2f4efe4ee890a4c1ed202d842b,611,282,604,684
2d150f7edf074e12ae95eccc2928cca6,490,142,499,456
2d155d7fe4d748bd817abf753df9e767,0,136,606,370
2d1669a047ef449fb47dd3dfd2af7b3e,621,484,590,553
2d1c32c39aa3444c857f73c66fae02e7,337,243,577,410
2d1e418d605a4558b094757c4580ad26,692,237,355,324
2d20c60d3ca440eca63fe3d8c9ecc42a,507,335,490,403
2d2262df3b914dcf810ec3c88406b175,850,315,801,587
2d318afc048d4168a76f2c9fbcdc742c,354,256,860,463
2d324daf45744bcd896173a23f795d9d,752,329,478,488
2d40645ef3a94e0685962040b3fb034f,551,326,1221,506
2d49ba6768b34876be6d4f7994c641be,576,239,478,484
2d56660401d641f1b09adbc0215dde59,1195,297,629,379
2d5846410f5543a1a733e967e6a47cce,1199,442,596,425
2d663215f0ae4c98bc96b0ec425301fc,94,380,489,444
2d685ff6173f4640947c250287751994,736,71,393,373
2d6ec54b2b4a4143a63f8ab42203cb69,674,127,843,608
2d6f0957136948f2be711e399cba9c37,660,304,768,552
2d76408700624c738bc5fdd277d9168b,844,371,891,556
2d77125a046b4c6facd797edce174521,653,287,834,502
2d799e726d394d0db25e6a9180d9c456,117,431,500,430
2d7c04c433ed41f4a31b5558a85a0778,398,478,690,368
2d7ebe86d90a495d855e2661d80b4e80,392,394,509,351
2d804ac733674574ad056947c5f4647e,524,315,831,571
2d807a07106d4da8a7748653d8c03eeb,606,301,936,584
2d8c62e71c4241918304aaa8d3b615f6,512,298,647,488
2d8cdce187a241a78d3bf1a9e8bbb4e5,308,336,682,584
2d95eecbc4784affbf277f4fbe0b3cfc,817,355,637,666
2da2e8878e974ded9d7ac2358723da0e,401,270,818,512
2daa97638f3e49f2b7d13bd1b330f09c,1,306,449,436
2dba212ac07a4faab9ae389c4a8dde89,2,385,1058,695
2dbad9680beb4541aef4e42e4a4f0ac0,1246,315,570,462
2dd0e1c8ee834b3ebed18c78bdcd9e4a,380,274,1089,565
2dd9fc92eb8046649c37f8f6c462fa6c,527,152,541,401
2de1e491bc4f4e728601d887d22108fb,533,289,932,637
2de1f43eddea4858994d542f3eb93829,279,245,618,394
2de237e7dbdc4e73a8f70a0012dad1b5,582,422,683,441
2de30b5ae63b447b9cee69ea9d7df038,750,70,397,353
2defbec298a24ec68ebb2ed368678769,722,216,485,401
2e03da79945245f1b0a460ec42f3a3f1,800,355,327,331
2e0483b974c24a5cac374b3e2c6864dd,664,705,670,374
2e0a7baaa678405fbd3fe75e007cad8d,470,258,727,494
2e244117adc14201b7cb4b0486ed3384,229,505,945,575
2e2b73cd5755446e8a8b4680f45c7f0b,643,310,908,548
2e3ada55e88b4a16858c58d2f274875e,798,345,332,265
2e4b2428e081495993927b6dd3486de2,615,427,502,464
2e56f47d785b453d8455f64a7ef69b52,485,177,828,752
2e735fa9951a46d9a01826761cf987b3,529,410,645,561
2e76b1b42fc044db8027bdc7c4fb51f6,618,580,709,500
2e7bb3c32dfd468baaab3f65dbf8dd05,188,513,624,358
2e7bbabc527641ac975082bd7196041c,702,379,898,493
2e7d03b601984ed89a3775edcd4cc947,329,419,664,480
2e816fb3519643889ac9f927d9f9c56d,699,374,661,447
2e885464fc7f4f63810df77a1dd0775d,598,217,707,625
2e98a115b5d64645bf9dab336d62925f,799,353,533,446
2e9bdf26e62e4c6cabf6823bab9062e9,951,468,837,445
2e9cd1b68ce144dda3c4c0749da54f46,942,77,711,576
2e9f5d2ef9b24e08ab3d6017b544dce3,46,577,617,387
2ea166c89a294d0181278c4d41708e39,381,242,923,592
2ea4cf3a8f694d1f813c3067e9cd193a,1291,320,628,492
2eac65fcb1de42f9969cf65fe243d711,585,0,861,628
2ec564ecfe634712b6a78ac43d452c4d,323,133,408,337
2ec9ed6cf1614afdac481c19f1c4f37d,885,448,792,459
2ecfe75d9e1940dfa83d9d0315855d4c,247,269,630,370
2ed6d9d600634482907c40f5e653545f,530,323,675,597
2ee02a0e4b2d49f79b420b463818ddc7,604,427,441,582
2ee0e9c159774b599773a2a3741b0492,642,194,383,408
2ee670b2b86d41e49e6236b26f1caa7e,644,421,671,433
2eec8a24ffa847c4811d4cb9d9839104,982,348,797,584
2f04d10dc8904ebcb333f05ea1e6e8b1,908,340,743,424
2f0ba3588bfd4704b5723add0feb055b,286,219,685,492
2f0d49b58dd04eab9dcce1054ffd152b,1203,360,593,487
2f15ea8a4a864fea8cfd40458c4c4514,454,524,1039,476
2f188ecc07ed4319a54c708671be127d,567,326,702,471
2f1b04e8df394b288ce7122bb4cbb057,147,237,1143,458
2f4b075d4cc34cea9d6e72298ff9c724,1136,462,781,422
2f4df3c984a84504966a79a2f9da78cd,418,569,851,509
2f54c494f2ef45ce95607918fc8cf801,401,179,386,333
2f59582458e7420f9dcb62091656adef,747,390,677,542
2f5abaf1308b48979828ada071bb3fe9,690,328,664,541
2f612df3291746f5953b50515c50ade3,213,295,811,526
2f75e56fc3f745dda4b2a6b14abb7314,546,279,651,486
2f859753e31c4ba59df4695379f3e98a,422,229,491,335
2f8bf6c15b11426ba7ff77641e897e9a,115,352,660,447
2f8d583083904527a65ee9b5e5cb845c,727,164,432,386
2f8eb75ad722467b84ba20d5e4a5fbef,887,0,484,564
2f908bbef3cf4c619de138a8d78c70dc,224,563,826,517
2f9adf38847a4a8087cd7bf154e5a2ec,584,492,683,368
2fa246b5833d4a57a4b7323eb04fc48d,1174,599,581,414
2fb45d33414b460b97eff25b63453022,364,236,1007,716
2fb7341abe5946bb831f22efeb02b691,794,408,805,466
2fb7c413156f4dd78a319beb637428d4,234,285,565,543
2fbed30b5fc9477592455eade4d11f53,750,368,809,639
2fc7eb56d40c4727805c3a99713d8fc3,678,395,696,397
2fd2d68961be490a9365aef4ae54fe15,720,450,678,520
2fd38b3f85a14de3a844f860b2f3bd5e,86,410,582,472
2fd88ce571b141d3bd17d81011227266,749,445,455,457
2feb0b6205a34bb08cb1e4dc715851da,88,478,1076,602
2fffad955b064976bf83500bbd399e03,442,505,765,575
3000578c88f44dbb8409248e4a66ec55,861,445,721,467
3005c2a5baa84a13b346289c536a4352,1245,386,550,415
300963d974c24a318e3df1804184a71e,0,311,555,314
30104dc1eb014952a5b71615ac4ab338,115,345,491,478
301268e3b5384b1f97a814ea81b2f3dc,818,338,641,678
30262aebdf6b4877b2ca878aed0943a8,349,287,705,705
302d758f299f40c8a5a427686f851bec,334,177,642,514
3034108b54134bf594c4207a9554201c,672,218,868,608
303d4ac34247456ea640d2b97d38bfb6,736,0,466,304
303e679cd0b24ec3b78144a039c7951e,1421,160,498,270
3055673ebc9a4bd490ed031812bf874c,0,509,757,434
30573eedee014057b7fc486d638fe0ed,1319,38,599,488
30691cdbebbc45f889447dea9a2fc611,813,322,413,473
306e6bb0629741ed9e42e4d6604462a1,1153,118,563,416
307a2d9e6eeb4ada8eacff663c8bfd22,46,427,533,455
3081ace1e9784f56afb67bde0f590cae,752,429,656,393
309e86f3d2db4c708fa610db3c02ce8d,709,323,880,615
30b1987a8a284f72874cec009a742f83,229,468,800,504
30b28df284cb44449668d53972377f29,636,318,699,587
30c5346bf99c49a8ae6fee6d4a2f5893,417,235,907,660
30e5ad5c779f4208b7dfca351aea6f6c,1241,335,678,589
30e7b31cf38d455385a5fb31a83adaec,1188,341,629,478
30eb7a92125444739bf9ffc764067e00,649,253,854,582
30f51777f3a9459b86fe75f994e16330,844,0,449,512
30fe5186e228426484bd51d3266f1c8f,549,241,1073,732
3106fef0fe814cc8b8483736e4c6b2dc,473,537,1034,441
310bac30bd20405da085ef7426f058fc,1109,140,716,510
310c78c8926049e48a7ffe7b21304df6,645,207,656,734
310d7aa74fc349d69e59c492e96cf922,735,195,838,649
3113a932c7e04bd89f012bb1401dd90f,569,568,376,414
3117715a37d848dd80c94c6c875b0a39,624,463,684,468
311a4b6145604047b73ab011990391f1,90,297,725,323
311a5ade6ec44b019710c6032ca7fe5d,777,0,422,394
311d99a0ea8c44c6a0f7c422008fe2ba,923,634,912,446
312ad9a3588f4e26a775607d52bc6c70,688,331,713,444
313977778462437e9be84f55192c4b3c,1188,246,670,501
3140d080c36c44ac89cc5e49ba8d3391,516,606,415,474
31410f95915e48428b4d671ab6f214ce,444,171,903,848
3142af6f322c43a4a4f844247a882c5e,732,473,562,551
314b032e1a204bbeba335d139ca00a46,256,209,1152,708
314c1df83a5440d5bde1a31b3570587b,109,239,1041,835
3157f3c357aa48edb539cd421feb37f0,394,300,551,424
316b8f23afc74b54b905dfc71ef6c3f0,415,172,1156,753
316c6d562a954410af901088d8f3aae3,732,527,549,353
317b319c62354cc88407d820846070ac,945,285,566,466
317cd9680d97426d81e18dd2e094a3dd,844,280,646,483
3190a3c945bc4b48b377f89ec4c5a9e5,0,275,433,432
3195eed8c38748c3bc8c226bdf27a96e,599,352,485,481
319d53a33b244051ae4b09e3c39463ea,679,380,606,463
31a0541fb4d44d6c8d5197c2be3a02eb,114,346,490,477
31a16fe088b847678d1f99cc68869daa,428,180,445,409
31a9808dd811492fbfcfd4ff247b427d,715,283,731,452
31b0727365f04e49b6bfee402c9a33a9,531,151,739,823
31b56e9352c549bf9956582bd5287f7a,1047,258,513,363
31bc8ee6b49646fe8533ac1628887e94,1,78,1151,614
31bd9d77b2e1418288782eb2a211c17b,776,367,668,493
31c0ae12d5eb4fa5b18fb2c25f8b7467,767,111,672,564
31c53471c1d24753bbc42cd8b95436b1,301,583,776,450
31d1177a4f8149129f92abad74944a32,96,205,596,313
31d46b6ef6fd4860acc5026f7d11903a,655,306,1160,774
31d8dfddd63c40588a71e71054c7261a,645,341,645,559
31e4301a233b462b863c764f9daa69c6,688,510,491,327
31ee8766df464e73ad51a0c22524bb10,401,344,517,462
31eec009c0b1463ba66a1c22f1b52c8d,671,144,407,364
31f5fbdedf49492dbaa97f048ff911ec,765,378,456,421
31feede541f9417caa74b1277b1b38e3,1048,560,432,342
320e864a4acb46e593a23c1022a89439,787,0,237,176
322aa8641c9e4cedb098ede6f4ae1589,612,333,818,542
322bb48c1a3a491798b11b96f1534300,313,213,402,455
322d0bb431bf4696b1948b6b588d1c57,185,398,1216,577
323082f23f7d423c9ffaa2690ecb0856,843,153,629,511
32381a0060f74faa8770f9174208f1c3,1001,475,512,396
3243224b39be4e33a273426b06602fbf,726,81,585,503
32473c35a5ee47a781101ae80a68d1bf,1016,0,485,349
324934f05f454fd19d7a3b5b25baeeba,1370,198,548,345
324cf38cd877481697a88337f923d1eb,0,141,1057,669
325776ccc6ed4210b91b188438f94f0d,843,313,497,527
32668eb5415747e0873c3949ee717a55,681,21,678,624
326ba7149c464bcaa85e9bdac9699e23,814,200,541,420
3277050bac1b4d5b9842c4b9a75ed44b,249,340,554,536
3283742a3ae54cd1b89747257d04d3b9,730,187,934,619
329bd3416a0a457785f4e1306d6928df,465,380,736,700
32ab52157a4f4a2cb6138b7b5df42e60,533,587,686,492
32b564f3f00c4c7888f60e0c129c624d,384,387,878,693
32b6040583834a2a85098dc0182820ba,644,53,731,642
32bc324bbfb445fe8761dde16ba7759c,337,73,747,590
32bcc17109504afdba2cb8be0ed47cde,537,380,752,526
32c5f76ee03d4f2a87d5d7ecdbfe6b59,1013,156,626,444
32c967b339744497b8239551db6c4a14,779,301,804,589
32db3bba7253473f801df5be6cda2712,302,258,690,534
32f13965f60b4d03a69a081f865c1d7c,625,0,336,174
32f16d71d9224c56af11dafb80d7137a,1012,255,765,614
32f703dbdaba418bb8bb813263b127dd,676,397,809,683
32fde174f61a44fc891f6396a9e260cc,752,333,478,483
3303999d836d48e2b07439bdf7f6e4f5,960,235,959,606
330e0c33e0dd403cb4272d516ac65323,472,456,671,477
331a99f0323d484bb4a7e5d74cfd4774,734,284,460,431
333138565ec248a8a0cb815f35961162,728,324,704,532
3332c442ac2d479fbbc7883bf7230bfd,482,311,689,473
3337b8b8412f45a088d5ea386ba9a2bb,516,420,703,534
333a3ffac7a244f3a5dfc3a866049ddc,883,532,470,391
3350a4de34254974aa75146dc0eebfa4,50,318,545,518
3352071b6e224a80abfaa375deeb33bf,798,319,1107,760
335cfe3f89f24d638a9f8e5509cc01ef,380,354,548,365
33687898b8c74c418206e3adefba4bfe,843,301,735,477
3372d41e018442d49d3275690a2fc32e,307,359,923,634
33779f65d40a4c66886b7684cf6e4196,568,261,755,538
337fe1edf67445848e284b248ec69b0d,903,340,571,404
33800d67b08f43c0900aa57c0e446893,887,301,830,390
338777ca5ce74150aefb36ca21c49d74,192,305,673,394
338d37c9b5444c739359584e0bb62d33,396,226,462,377
338f55a87b0a47e788d0920a228da750,66,397,543,449
339cf78aef744222bba9e5777627c118,605,478,543,384
33aaa3830ca64c9ab0113487874e9e73,1005,397,657,378
33ac91433cc54075b21a66c8fbe99004,591,504,630,575
33aef45ca7664a42a4e2d00f55481d33,654,0,474,432
33b6e4166d494d0da49df82fe504aa6a,591,97,1082,693
33c775ad393847f180aa715ac2d4c970,631,201,822,626
33cb26ee69d848c5a5feae959a466dd0,208,257,1099,561
33cdf405a85142d29b8db4f3ee47842d,892,175,403,353
33d030cd149742899fe96a8f6b5b1b04,720,435,980,645
33d0908c2b1a4e899bb38e8976ea7e71,0,334,576,414
33f8365ca71847d28805603323ab3f23,563,363,912,500
33f8939d09984bd2a82e0884ef035f3c,363,219,545,419
340f87466c8f4f25a6b59952ac29bc3a,301,181,354,374
34115b569d224427af0993048332ada3,597,272,487,360
34122c9ca00245a3b664e9ce90305f58,36,396,1248,467
3422cf26af5543b5bfaefcf6c8cd70b3,513,485,927,415
342c3892756340b99c6dc7621767bc12,575,131,846,683
34360b4dd3d645e484e4895ef6cfa1fa,235,302,652,409
34366dc5ceca447aaf173e3f1454c691,599,59,246,230
344070f55ddf4d7dbca57c61119b594d,568,270,494,405
344610da83d24727a0c7e270b8c85d9a,473,279,750,615
344a17a7c02948fb9a1e7f75553f324d,641,316,687,621
344f68d8398f4b3480498a9b2e605d7b,630,268,600,534
345437a866f3420abcef332d6c21250f,706,243,654,560
34585d9d2264499d87f55d14714c50a5,0,280,1167,588
3468315766784e1a89e681c27eb539ac,588,235,726,649
3472c9ae1f9d46dcbc237911ff0a1da6,654,401,796,614
3475a3c02e774c80ad80eaaa0add256d,567,492,858,501
3477c46cbe1d4c89ade3c68866261978,517,285,528,393
34877fd04260495eab3744ead8bc5556,774,411,1035,586
34b254d8cb3d47c897f8f7bcb4eda835,192,452,931,498
34bd2a512c104243bd9bb8c05bcca1ed,774,419,781,437
34c2df1001964bb8b48fe6442d67e300,584,287,649,661
34cc666b2b3645aca9b45266c0ffb1a0,638,480,734,364
34ce227bf81b43cebc586e590d385b54,390,72,406,322
34ce7989a4c440a882c40fa7891ce9d4,378,204,623,489
34d00b2a2e2e4527b009d8ff6265da25,563,404,812,465
34e2488d77ff4e599b3d0988608e204b,432,562,693,518
34f974b37f9f4f08a15206897db77e99,201,443,471,409
350a42319ad444ceb791657dbc8b6320,1221,380,647,425
350d77f3519c4254a5439a549a967169,603,267,806,585
35129561951548998dd559f30329b9aa,90,436,575,426
35366cf486a74e8682e541e4ef3c87e5,1234,425,668,362
353cdc2b04d44236a959b08789e1bbf4,601,247,590,765
35489db1b11b473e983551277d37d535,598,302,645,583
354953ea1b7d4e25b9c95ec871a33abd,994,317,496,353
354c6bfa38a24357a3166cfa84f513b1,613,182,825,596
354c9cecc09d4dc4a6276fe226377d3d,339,231,974,468
354f24a8c28541cd8ee72094685b5316,1070,100,849,605
3550f8aac4724eb2a4922193d37bdb33,745,150,988,652
356708dd064441f993bd443dfae8d57f,804,387,577,439
35670e367bd041ef863c012317fced53,633,191,660,512
35708d60c5fb42b1b0bd33a306180dc5,381,241,707,552
3581b62199424801815bcebfc321cb1d,522,315,497,369
35bba08da17c464eb903148dc5d87628,393,219,754,661
35bfa58105594af4821b338bde905dc7,422,319,539,439
35c1138c90c042deb214206fe7d143fa,1415,236,499,313
35c50e9bda0a40c6a281cb7a6bdb02e4,641,528,710,394
35cdad39c3a74a4eb5a46a8601dff904,978,479,608,355
35cedfd6b4c641209a42fe5698aadfb0,449,422,806,605
35ded009542e472bbe284d3447005ec8,814,341,637,671
35e512514bac40b4814b8ab46499757e,26,418,754,386
35e9729f3dd04cba95f0419ba6186712,353,170,667,461
35ea5858e88044ef974eb3fe576d3af2,731,79,418,352
35f975ad771a414d899938685351d906,254,305,594,382
36032281f8fc4ca7bb8331a6784f6a2a,335,251,578,403
36206b77f9224cd0a19198fb0b93e642,520,330,908,540
362d8d44795545fc8118cffa47d026d9,653,360,510,440
363547b5fbc94813a6ffb95e5675b4cc,141,462,818,405
36387fd3678f4ad9bb08e49cace3d0cf,726,354,509,596
363ba31cd12043d89a6a882be7a9651c,155,46,677,521
363be58e596947019875ec7745203da1,751,395,454,469
3651c1e0166e4942b776fc6d133cd30b,95,205,596,314
36524de925204e67bc10e32e8e6878e8,549,270,468,406
366fb77451fd4304bc110fb19018e7d8,111,237,471,483
36791436c2c74481b2f4a7f7252b046a,606,358,612,553
368195c7226f47c1a85080a3d122cf76,671,363,875,572
368c9fb6134d4deca8a85e6fe44d43f8,455,609,755,470
368da2db0e33460db6c4177b46fcc804,187,176,712,597
369555b4946c4dae8567dd4c1e14ec3a,728,124,991,682
369ba19e3db84f8aa3605854deb94989,965,148,537,598
36b67422580648f79aedab84459318ad,597,412,655,503
36b71f11f7a145e984a92d025a957619,563,376,638,479
36c01c100ab84ae58220abe10595c344,654,473,555,520
36c93433d821494cbe2391fcb39028ac,717,179,659,633
36da6fe6033248c09474d9ca9dd2936b,1207,412,653,457
36e1fae3d59845639dcc2d2df571cf11,773,397,529,453
36e31ce5b020420bb0311a1906df52bd,96,367,648,307
36e5e9de99f64ee6b295d0970cc701ed,251,122,662,482
36e5ea1e96ac4631bd195fd2b6205c41,936,625,816,455
36f1277380504352a6ca67241629f6a2,494,353,700,393
37000b102ca444468226c197605244fd,541,400,604,457
3728d99202394bd7aa84b86454ab7228,411,99,450,370
3729c2bffabd481eb532fb68f6b572bc,813,196,798,527
3734e83cf4124413aec2f9a7000e321e,1349,167,570,575
373f310d63714b02b9fd6e31631aab31,497,398,594,449
3758fa0342ce4f4e8698b333267644cb,700,189,763,609
376ec7e2aea44bc7a754e38cbc1073c2,1130,0,706,523
3775c5870cbf400680f496a8bed08066,1139,247,662,408
37765664aeed40759b867cebac947b9e,349,114,796,569
37860d06901e45ad8c0345a019aff709,331,85,701,585
378f8d121a5d4c27b12611c1d03a4df5,643,395,671,685
379cac488dbe481eb505bb55c6578366,1113,269,720,489
37ac705d17a24ed19ab867edf5c1f77b,496,416,573,422
37b1014d038741fcaf6008b63e36771b,1148,354,685,377
37bb96b8584e442b98003fc25c0d7057,642,480,634,364
37d7d45c87a8445f99f9f0fb810fdd0b,999,93,737,524
37e560d7c64d4556a44717c5ea5fca63,724,347,682,530
37ec1fa9e640439f9f34cc09fc558c5e,247,251,696,585
37f9b525d6ed442bb858051b7093f445,1257,278,658,488
3800dca138784641aa3d512b6cf41739,1251,292,483,483
380b0687e9f047639201be5f553d2b77,207,10,676,657
38115514f48b480ca57dbc98efae23bd,644,298,733,650
382249ce2e6e4b3f8959b13e1916e03f,838,1,576,471
3839ddb06ccc42e59394e7110b44dd17,135,168,805,477
38468e11252c441f9caaab5815447b98,525,143,528,577
3846fc9d4c9a462e94364ff852e844e8,587,340,724,439
384a911fbde84709bf1a4f966785585f,780,384,656,445
385140e7679d427293393f7639a01826,715,19,449,431
3852e11fe7e641f09647581463f0366d,486,181,647,571
38601e71e958457bb1594eb46e82514a,627,517,588,396
386a781d0fa94c7bbba1182782f5cecb,644,443,628,363
386fc8ca75ef40e393d9705ec9345017,1173,471,724,501
3893aa081b9d4b41a3c351aa571e43fc,161,14,790,634
38941606d96843179020f6abce0e4ee0,637,395,525,412
3895ab955e8f4a24b51463a6cbcff65f,1077,454,569,420
389bf105c03e4a02b0982d75e258758b,1381,383,538,465
38a87ced888646a7b925bc27d82c739a,1167,3,626,448
38a8aa36c3e04e62877428d9d721663c,527,229,838,729
38b0287944904e45a63515cc21562997,270,118,755,544
38b15213a9f0492caa5947e695230710,730,249,662,574
38b284b7043f4b089e9ef1c3b0710ea5,1266,364,635,418
38b485f9529e42acb5e6e5f8dd5e86a3,1619,111,300,370
38ca86b373064f6f8ea7658b49bbe330,113,180,446,315
38cabbd472bb45f2b654d81d393808c2,521,362,457,370
38ce4d5389a247ea93734ebc9b77a13d,628,225,503,436
38ce9d8e362d4121bc78d00494e41bfb,530,150,742,823
38d082d9d7d1467c8c65b66e5af571d0,531,319,475,412
38d151de74644ade85311b2d649c3f6e,258,419,764,435
38d4dce3c51b4423be38472cf50c2047,515,426,706,538
38d50c196fdb4b7ab919b110136a9648,815,388,578,328
38d67c73351d4f14a096ced5ba7c8062,184,514,1053,566
38e5c6c4571c4072a37103ffc2ae9ea5,1138,490,743,544
38f3746460d543e8a9d7ce0f546e7899,644,211,605,585
38f74bc8d69941e191a0264fd607d886,395,303,606,401
3903410bc0a64824892690582a8bea3c,1090,334,427,448
391332c620834e4da0b969ed3869c1d8,0,508,760,428
39145f21ad10420794d3b0bbee820d94,620,176,713,687
3923e495d10940e59c9dc28e385058e7,48,53,498,332
392c0474fd5d42e8b84f810f35ad6d57,457,270,711,463
3931792a81b247e097e6ecdb451cb891,515,561,719,519
394b80854a76420c89e60fc851496572,182,289,651,402
394d91aed07147daa6f552bee00580d1,660,235,424,253
395c22db326348d591aa1eadc960a91c,1,230,1060,542
397721f8591d44ba9317776843942787,513,51,801,702
3984cefbbec0485cb99dffa309a1c51c,13,424,565,473
398a9c7b0b7f4ca5801e72e313b0e558,153,470,504,438
398dd69070074c8589db2cece7783c6f,444,362,852,486
39925d0366ad4279b6d347802317e09a,180,509,1176,570
3992c31354bc4fb3beb28dc425afa650,803,398,545,386
3993ef597c174e7f9bd78b420f8c9d70,165,446,532,461
399ab98cfba44b9abf2333b92ec88751,710,245,1044,714
399bda5896d244cf8281411bb246a345,1098,516,769,464
39c309e3e3af4868af6d9578ee09c928,12,435,566,463
39c9b8173784499486cd9a36d0e6b05a,480,383,450,341
39cc7d0e8e8e43c7bc13ed14f665fe2d,544,439,921,435
39ce9e8eb0f04b72abe1a9dc16d3b529,796,425,963,624
39cf432c619a406f8f95c1d50395caa6,700,171,564,618
39d38742e089445fa54f8b60f56c2a6c,496,328,500,443
39dca67b58684754b1aaffa52874ca0d,0,359,526,513
39dcfc09604542c6a68247c888e0cc57,1119,103,758,459
39dfdee0654f4b62a987e4367a1a6484,609,248,541,474
39f4563f68dd44c69c26e0a30111ce09,1194,195,600,323
39f634de87184e62846911f78190d42f,998,284,777,679
39f87062a69643ed9f9151dd1f6848be,412,406,485,433
39fdcfd998fe45aa811ed178e353ccc7,676,347,652,569
3a258f09d56d4e409a29362eb229793d,250,193,771,682
3a2dfcdb213b4ba69e40b23a567a1bf4,707,419,672,456
3a392f35fe0048b197671e1a20bfc655,116,116,782,568
3a3e487903ba4c34aa9fdbe3c2d2a97c,611,476,619,403
3a47d52c433448c38cc2845d96b56e5e,664,148,737,766
3a52ce59536040efb18dab5bc42177ee,253,427,1019,486
3a58c43b59a643a1a174c412735367bb,547,393,620,610
3a5da3c5e15744c8bc787317b63342ce,464,82,1007,595
3a5ebb608f9845c5a6412dc14c5787bc,627,363,692,486
3a62f10411aa4a68b1be3e3355407735,580,95,487,446
3a69f95f869a4112af832a3183ae7cf4,621,529,401,310
3a6a19340620491f9340ce2030eacd4c,1158,303,591,365
3a6faf9dcf5a430ab99fbefcfcd83373,2,0,628,456
3a70e0e4d14c4d3f86f4ac76b2233104,523,170,547,493
3a7453cf9e7649aba4de6c139542f9df,1134,213,625,419
3a7959c266094a82835b0bef9f2a3f25,460,207,665,509
3a825373b7d04c7396e21b5757d01c49,714,288,848,613
3a8cb05a406241d7abfbac70bd06bbb1,538,353,787,384
3a99b9d218674e34a867062dd752fd3d,501,310,979,647
3a99eee7f8b54f12a384bada83371210,729,448,899,512
3a9bd6ed72e64b59bdcba0c12146f7d2,737,0,748,628
3a9c449e5b6246e1bbf709ca8b9e0077,508,287,625,557
3aa76340e1cf403eae242e9ec5517954,1140,51,537,454
3aae8aef43114ff2847989b8c6ef559c,700,375,785,471
3ac16774c96f4481bd0bf3e18671084c,1295,285,475,482
3ac23d4eacf242299c57c51cc7735564,1212,17,665,542
3ac7d38cc0c84ff6a82b2425f9f796f6,462,409,736,480
3aeadf62aee242a88dce3d1a162772ae,606,489,790,466
3afe797b0f634ee88f8adca9b666681b,530,331,826,748
3affabc6789e45cea3562369f04d12bc,636,162,886,577
3b022fbf6d7f497f8be82f0ace81e25b,1079,106,591,398
3b05b7b951f949b9b931a2ea34aa4cf7,1361,47,452,407
3b256772905d497bbfd8c729c2d37120,189,27,786,729
3b46f0db140a45999e06321694ee10a7,535,418,700,492
3b4c9a892f6e471e8fff61a2aef8d577,570,336,546,411
3b54aa0d64dc4176be41316a7a81db57,132,459,909,518
3b5a5dc114034cb8abf323ea7f0d6269,665,242,633,657
3b5c9011dbe742238dd37f2b5ccdb4d3,1270,413,440,443
3b5ce3d53b0c423bb7b504c7b9ab0862,1132,240,504,368
3b6a7993e4054d2db6a6f8b77a0be158,564,621,823,450
3b6b65464aad4c869825b9ca0c06bf49,733,66,433,450
3b72059813e7415b948be582b109b7b0,1097,110,731,486
3b7a3a8a3c924872933c742096124e8a,99,348,671,389
3b7cf5ac1c8d417dbafcaa2f5d53e8c9,275,475,619,401
3b84434e154d4f419caf7fadbe6ef65b,537,399,691,493
3b8ca77bd874459399f6f8a82753fc79,628,257,523,419
3b8fc5864110444f82e94f624b583ad2,414,437,494,413
3b99958fd3ff4748bb94bab5cb4454b2,1108,439,578,346
3bae4eeec46e4f299ea792a3fc92be88,400,301,607,403
3bb0e71056104172ab85df184a6ee641,442,435,576,437
3bb6df664636403595442b39ef93cda4,1281,456,461,425
3bc8aa93064144588c3d217a7e4a6012,830,0,389,365
3bd0a84fe17743a18c3779fa953f74cb,92,380,492,442
3bd98eb5c8e344f6942b1e9cbeda5d5d,583,370,813,499
3bfa85fb1d6048b598b77828716da683,334,413,856,545
3c07690849734903baa740cf4f700e4d,225,402,617,409
3c19bc6fb0934afa96468f825b29b230,721,491,475,382
3c3022f7cea84b74ac4e085a37f2b4a3,496,227,889,651
3c31429151dc491fb6ba6609574c9943,672,206,690,567
3c37e58055cd4a5486ead0c982999274,1264,414,596,391
3c3c2528634940bab51962ac49570536,119,231,750,453
3c4226f364c445a68bf89a08b13e01cf,861,298,814,416
3c482bd54ff64cf58f14610520bd0b6a,639,224,851,578
3c50b164088e412c954eb46b8e0a4ae5,1271,90,522,401
3c5c5023325942ed933f16f4ac949a11,709,247,404,322
3c671fb948c94239a1f1a171c4b0edeb,305,371,999,607
3c705c74ff784fe1b4799c90573644e2,557,299,752,588
3c70d7af45c847738c3c8e11c572bf8c,1052,305,547,404
3c9162d4b6644be4a5ef1f6ab947ada6,198,425,498,427
3ca01c651364467a81f2d731e53c3f44,781,565,461,398
3ca54eea9c774744be5951919e6801fc,710,326,881,612
3cbffed1f6bd46029b75810445118fab,161,301,987,652
3cc1024774c44fbb9194f514d4e21e8e,349,343,814,629
3cd623a5ca4243d38352c2fc3c13cd9f,276,302,416,346
3cdf56affc0a492b9f891bec52525ccd,721,418,566,381
3ce718aa62404794b8877b3c894945e6,710,253,340,411
3ceb2cf6fef64b2d945575aceaca87e8,189,398,618,506
3cedcfbeb4af495d9cf7d92028d02198,619,525,402,400
3cf5793aedf841a790a8f60ae9f9e420,777,670,738,409
3d05ad2d3f7a444f92a5f2d6e2bd6ca3,951,241,873,617
3d188ff3981f446f85e0d6016847a8d9,889,403,808,459
3d1befda3ee34df5b4e27c1fd90a20c9,600,282,1187,678
3d1c5c44094343529abea9ad61e47fc3,340,389,487,355
3d25faed5e2d4565ad6fd22d7923270d,540,292,774,488
3d2e332c9c8441fc9a7876e85fc1288a,113,444,653,377
3d37812f45754ac8ba8bd0683fb87f91,366,103,453,452
3d402a6091df40e78314d46d7db7a439,371,419,579,458
3d405e84eca1467a85b0739ce73cdbd7,604,481,544,382
3d43a9624a154fcba1338390eb86bf08,477,129,815,731
3d4a0219156c45f19a89d72b1916d5e7,835,304,553,421
3d5b8613680045b69869f475bac244a3,1385,397,534,478
3d5cfd6fad324340ba90dfd8f7057b2a,1186,388,711,431
3d64b88041c24290a95050c737999e4d,1016,33,708,520
3d757703461640b88274346ee99ed708,778,124,637,525
3d7fd47923ac45d39fb159ecbec21e75,1199,434,622,592
3d864e75578f43d998c267481df8d540,597,412,654,502
3d93aba25db64060b351b89a122f38e0,647,207,681,739
3d9cb136ffe84d31a814078628702799,926,559,944,473
3d9cdb7975a74c5895f8aa27a248886e,771,399,528,459
3dc3b06520c04fb4b2273865cb745bb9,0,402,723,350
3dc94cec256c4ddf82a82d566bfb5149,637,469,610,401
3dd440e24be74d4f950ca1340eb3f57f,36,21,607,419
3dd45aab82494a7c9a01bcf34d25fc66,617,439,618,398
3dde649fee4640f1b1b2c1369cc174c8,225,328,951,531
3de1038891d640f8ab5f2113c49ff9fd,1148,111,676,443
3deb5b1d4f424fef8597aea8192f37d4,591,184,546,647
3df161ed117d4f3aaa5b202b2f46ef77,777,417,883,541
3df1d991e88a4be694289792a93ab00e,162,337,1207,629
3df60f9a00cd4f4f9b300d96238f75ec,461,448,510,368
3df7570e8f03446a9586fd3f970a1deb,1247,316,573,460
3e0448c0a69b4deaac16da520fdfe64b,715,374,944,581
3e09196b092d449c95ec9a74859d81e6,666,268,852,650
3e121418877549259d7f9d59ad4cb292,495,508,741,571
3e18ea251cc345148d1be63c9011ad52,240,229,729,423
3e2a6c1b4c5b4e09b7ae5ef462666f1e,541,256,906,763
3e2c70ba9f9c4070864989d0c4c3a773,1433,239,434,325
3e40e211866940608cb2ed49614f6adc,1077,571,841,509
3e40ee225d41446d905736bd2d8cb49c,253,337,598,566
3e41542a4f3f4929b89d39e7551a37c5,750,445,453,456
3e4505c39bd34ebda6ce91d4f7944a09,762,286,785,449
3e5246623bf54c91aa04c38fcc0e2963,1069,260,565,484
3e5305292419499f9ce8192ab83d0861,32,525,488,413
3e6b04e9c98b40c1a2fa7e5180e2f9b3,318,343,844,485
3e72d2dfa42d4eb5b5dcc787b70b5bd6,680,295,500,453
3e847436bf674f5dae09f59658b6d472,1058,539,729,487
3e91beaf06c2421f8e0d0d2d0ec3ed69,195,415,598,403
3e984d26d9fb4beba80dfd475b63bd10,749,81,561,498
3e9e31f9483f4a5c871712af222ffcbd,633,412,986,667
3ea37fc13db242c789df05a28d88ecbd,341,588,629,492
3eb16aaa29f043c08ae5b54dee7d9725,142,137,565,429
3eb4f1925bc54a239fab1394417567f6,1177,237,609,356
3ec2bf9b28cd406388d1bcc86d99a940,417,314,834,566
3ec8427774024a5bbf63db27b28622d9,1085,449,709,475
3ed09186c8a84365b2e6f0ce45ec664f,926,0,229,176
3ed4c3cc7f894ef0b55e9567febe21d9,556,337,645,526
3ed52f12f44a43bba8f61bf750b213c4,921,466,998,446
3ed96a77d81745f8aacad0a51389d4b0,187,406,615,506
3eebb87f81c5425e913ccab4840f215f,1165,355,651,457
3eee139968ee4d31bedaffa2725169c0,276,121,1351,686
3f054ce65bea420d8777914cbd1b3d21,458,435,753,442
3f08c4c423984cd39aab187578f33228,464,509,741,518
3f1ed67c47f942bf986a347fe45c30dd,1139,408,779,361
3f238bb7ba8f462d832148bded6f0c5d,36,484,620,371
3f2880c5a473426193a45db10fb60685,833,239,405,370
3f29de04a0e74e7ab2dd343c7d8a33ce,340,588,627,492
3f35d522d03d4c17bc86666aa25fa8a0,0,20,500,570
3f4aafb3a3a94e009eb936cae206a61e,474,541,1033,444
3f4d54efdf78447a96aad9eebc7d3a48,603,18,728,700
3f62a18b3e5a412d9118dea15f052374,275,409,796,456
3f6ec552257a414a9d86cd293b774825,351,118,797,572
3f7161dcf1754739b1db53b591461dde,878,321,544,455
3f72c5f1590d42dfaa218f678ddcd999,802,280,427,515
3f773877af9b490188f2dfec21566b84,328,236,679,433
3f79e5bae49544ea834989f49bdecb98,674,288,448,393
3f90f1e08baf42188bb18181f761cba5,654,317,833,511
3fbc86b4f67b477db457c81840d7a006,712,317,582,570
3fd2bc15685745ffa6d7e60e7016ccb1,936,250,517,408
3fd6fdcb92f74e24bfd4c1c2990b5d73,1040,103,681,629
3fdb1561503447dfa5ce7273717a801f,762,281,371,363
3fdc43ae9a3d40e5980bca67f16e66fe,757,184,332,344
3fef12ac8f6b4570b7f91dcd9e0803ad,85,670,823,410
3ff06f5628f74a5b98e7b79bb45a26d9,569,289,929,643
3ff3976817004b84842bdce633178573,433,91,885,894
3ffcf6973eaa469fb8676b179ce12001,538,390,739,690
401003e8da7f41209e28ad71d643e6bd,935,294,526,512
4020b8265cc54c7780bb0bd22b23f355,584,398,652,515
402759d58d4646cabb1809f6767e7492,535,188,1070,692
40291d6ac23545e1b1e9eeaa81e78540,748,444,455,454
403553bb125847319001d50cf55e3824,675,273,663,586
403913c193e14db2bcf102dc287cb539,197,394,711,409
403d91521eb24c819abe314065539db3,547,316,812,700
40484c7c6afa4e05a946533abd26aa67,0,417,534,338
404dfd7a69164636823ba07fe10cad43,0,351,419,430
40576565cb1348bd83d4114aece70d93,770,573,948,405
405cfbcdbdfc4f90a27fd96c1a0ab3d0,929,182,894,730
406b8cb3fc3e493e852939ebd50ce22e,160,27,812,601
407377a75cb248e1ae0a365cd7f8eacc,0,190,1053,534
407a4ebd476649e6bf64859abaa068d5,308,356,632,347
40801863becf4b3aae76503a734bec53,89,403,696,401
408ba04855544593b8173e1de23d372a,465,514,816,362
408c933efe2a4c2a839b1f078f4185ac,892,342,652,438
408cb645389a46f19bbcceac59c44ef9,463,441,590,490
408ec3f510ab4b61bf3c5543a94f7f2a,705,0,659,690
408fcf00621c45ba922f0019cb577717,1277,100,493,384
409377a9993648668a14e648afb8fbee,1268,109,580,427
40950f42e787472285d9657ada7757b9,1198,431,664,403
409dd7af66964398aae80bfe1eec4992,0,196,509,442
409e531eb7044611a626eef78974566e,1070,288,608,585
40a9c6a9de71471cb0344a3b8db95ffd,383,247,727,459
40ae0ca3f4b142099e85da70a6672203,202,398,1088,639
40bbeee6d97244a89af02d07265ee450,644,395,1172,584
40c60c49f81640b7992278170f090aaa,1,405,1090,675
40d4834250d444099bd0b91a139b5841,1043,223,706,580
40db947e2d6042eab39bdfa19659d4e9,837,151,1081,764
40f266bddc234accb4a47073b015b051,1041,219,708,584
40f647824fdf4d63a0e99771bc6104bf,190,8,503,375
40fd02df1bd942edbb90024d3b2f1049,612,409,814,471
41193ca607ff41c7b34e7385c0d0a267,557,496,667,459
411df7ed06e4485b8c40190af10406ac,210,439,606,406
411f494dd0c241b4bf5c89bb9f69019a,1103,136,650,437
4121dc3398f248648c8258fb4fb5be71,343,256,550,357
412b7215e4884719b2331cdff153157e,689,347,611,552
4134413184f64801a8667f23131785b2,0,284,455,413
414014397bf1471bb1575dde5384a938,175,127,532,382
41448cd6b7be46bda6ee8f7dbf2c77a7,16,124,854,498
415f75521cb0436a8521b27fef4a09c8,719,145,315,280
417f99419c4745ae868a47dc7ec1bafb,604,239,529,570
4198c9cf7d9b41bbb7ae2ed0951e840a,904,543,555,537
41b1122ac725411f94ec7b150bd59f1b,1201,371,652,427
41bd4c5368894cd5bc944127e4f44a6c,70,285,650,383
41c1b16297d6440296b8b87ea81159f5,813,93,398,406
41c45de422674e77b24675b344d5c5aa,489,177,407,355
41d63f7e853a428cbc2b0692a4b5257f,720,217,485,398
41da8a7145514ee3a1ea5ba96d26b482,596,65,538,708
41eb470705024a64892964e71c7b2205,599,122,646,740
41ec4cd3e97f402b817c4bace700a3dd,2,0,654,457
420b3ea39c7c4ed9942d26282b138832,1261,374,594,415
421147fee9f2424d920ce1852ca7f9b6,1003,478,917,592
421bd880f6fc4bf6a89a0af307af332f,613,483,1248,544
4221a3dafc6846778c40b3d124765ad4,576,464,871,588
4225c92a25d24af6bebb59f4ae665ee0,320,407,880,439
426564a9e2234872bd008daae895d248,222,433,1016,647
426c70cd2c6c4d568bbffd688c351f61,1351,107,568,408
4270fbbeccc74a149436d1636723dfe2,1127,178,763,575
42779756f76f4d5caf3ed5a5da987c56,705,369,510,515
4277a9a844c04b6892e3f784ecc9f8c2,635,387,526,414
42a63dead79841668927bcd5c32bfd60,84,334,686,365
42b07aa332c547ccba3e4f680625a08a,1,898,864,182
42b9c9c0fa03407da5aee0a3eb2a8e13,253,336,595,567
42c3e883586e472f930129cab9250438,1044,0,790,649
42d603f86d70443585b9ee258389ac3d,595,149,705,584
42f86449669d4e0883bfb397fbed8e4c,489,342,514,353
430387db73084d44a907d81a7603e181,421,281,412,322
430b25adbed843b69f4df8ad42672adc,626,456,854,477
43259b8a4dfd42b18a104364bb4b73ea,1212,232,585,363
432caae01b93438ba6d0652777a6f4f7,881,182,656,585
43320cf6611242c380361ced5c688d42,399,119,449,336
43354fb206a54ed3b7974bbdb3c48502,460,445,591,490
433bc5f564ce4952b2ad645254ba6ff8,733,0,598,554
43407e37b924491080b314ee2164ee9b,1127,138,692,603
43425da0e50843c5b41e82348eef485f,717,464,724,497
434f3d8d9aeb42d888d83ad261a6ed55,674,257,615,631
435c5449832b42d48be9212dc5d42b61,1264,393,655,492
435cbecc19f84b56b0c4249f6729697d,1438,93,481,401
435dd59c05d44c8eb1df0680115083f2,625,416,836,470
435f92cf31714e3cacf54ea5c63a3a0a,532,182,783,589
436b63d5d89a4769b4a92abcb812e968,483,409,755,454
436e1613137945b4bc3b94083b7592ea,759,0,748,538
438e7392b70b4b6984dc3840a2924223,557,174,775,689
4390feeb3ed94fdea5f0a24fa518caf4,835,368,662,342
4392f72272274da8aac6e47dc44e0026,621,526,403,392
43a3adea6f9f47f3ae61d8b8ee0fe9c6,693,374,960,693
43a6ad4ddba741b3afb7aabb8b3da371,616,359,462,372
43aff8abe6d74d2ab572288d6dcb7a66,97,416,741,385
43b83bb6ae4e45cbb07cf96eb4751dc0,550,262,467,413
43c160e63d7441fd86ce8feaccfe09f3,1039,58,658,486
43c79b5e4aed4ddeaef383bc59db5ae9,476,201,518,426
43c89831c5fa4a418dc4f242cf64ee43,646,342,645,558
43d28ee7f48d4b6fbcaed814bd5b1a61,235,271,612,437
43d5e4d34fae4465b43146e131d5db7a,278,229,583,506
43e07606bd5644e7b51179bf7994498d,511,572,685,508
43eebd3566f54b2083a6cc64d6177202,558,322,1061,497
43f2c9b634a2423a839628ba1a60ff5f,717,232,490,429
440663d745b94e689878e5a8d24d480c,898,50,317,342
440ca7cd69a44cabb285b05f0b1bdc7d,557,211,1258,722
440ea9ef4eb0429a95e2340eb6ba4dc8,754,223,271,263
44173220b0bc401a81da3b98f53615e5,698,585,959,391
44210ffbcb8b4196b0e97f29a29adb44,419,567,516,328
442b806d4b0344cd85cb7c129de2717f,484,485,638,593
4430aeada3244c88b04d9d69226d2565,902,368,493,348
4439cc7f44e641918d2a304cc9c4a626,805,257,699,532
443d041e3557489391f4088ac8102fa7,708,518,1210,562
444153b4ce8c469dae222c5abc9d1861,190,284,781,706
4455517b60a44bd7b600270adaff412b,576,133,750,681
445f92bfebbc4f448c3dc25ce8fb067b,0,105,568,524
4462271ea52d4f8d96ddc9cd2ec70cc5,769,353,954,612
44684dc1cb0041a69174fe146f687400,420,586,542,490
4473ec14ed19439782979cd0f7112c98,263,197,407,411
4490fb47f56a42f789d44e63d391432d,531,303,1087,753
4494dd8a18c94b48887c57a3639ffbba,637,432,632,499
44a01d24afef4d258cc6a6adf7b632cd,520,136,1120,671
44a644f7f435417b92add3d589c12e6f,659,296,943,673
44c2d3b125b444f0be3413c3d6642435,582,418,807,465
44c450baef8e47299b1a231adb29d14f,321,0,617,419
44cdc5d829ad4d9c963cb3dfd6d462e9,802,403,633,522
44d7a2cc864f4169b783fe15a615d98a,1053,245,608,386
44f22e8633f54702a2f286dbd8fb07b2,379,96,1336,763
44f6444f99664dde8569ba8f1c5a32bf,609,248,837,564
44fa99cae3a84fffa87db35a4cf954a6,567,133,877,727
45054aa3f15b43a2b7a93e5c362832b4,154,280,701,420
4508773cdb6f4e528bb20ff22d4032fd,198,125,1100,871
45223b3a34ec4fa9a61ff46ea46a3dc6,625,304,690,526
4524d0a6dcd345878b90fc4f3b011b03,136,618,655,326
452615bc032d49339277cd0346d92474,616,482,1250,548
4527dd2038b549d9b52e068035017204,667,299,762,655
453895e1373442ee98e1649ed33dc36b,181,252,820,542
453b094831ab4f47b24fa1a248376527,1164,260,522,367
45457a94f8904a8d839d222f21eaf5fa,370,78,1103,599
454c1fe7fae84608b182146263b00b97,148,444,566,338
454c4d362f4046728eb8f2efb8af0819,233,322,1026,758
455884e0908541378086ca37a521e869,865,204,482,368
4558b0cc682e47369a938f5d6e53793e,1073,149,739,481
45660766c8344cdea9a71f162c2dac90,122,370,780,431
457d38ae2ebc4087817bd9968463d1ce,808,280,956,663
458395a10248497c8cb37414b38291cd,685,237,362,324
458a19bd8c0448e7b033e809d3f0cdb4,734,398,787,432
458ba7ca707443baa41e19c5e72bb721,639,313,597,522
458be5cfe2ec449fb36dc9d681ff0d94,738,66,391,419
45937585e83e43dfa95c88850436f3b4,862,241,760,486
45977d189f40433d8d0cb8b0e1ce4a3c,596,403,665,574
459906b71d834d72b8dfa4ad57640e7b,58,167,668,478
459e052694c041518f767b9e90ef47c4,1186,385,715,420
459ea82d9e2744d084b124446b29e80e,183,290,650,402
459f0b630625458fb278dec2b9ef26e8,533,473,630,568
45ae39a731bf4e679aa6f852a21e2427,902,364,603,428
45b0cefc0e3c4b10b441e7204b0fa00d,720,425,656,488
45b2714019c447bcbd9abb9904091224,792,313,709,450
45b346e5d661417da56ce2e7ed28afb6,48,53,500,332
45b64bb913f244baa3f1bdee2bac3bc4,431,307,540,400
45c1ba662633438bb261282a3781682f,88,474,1078,606
45d8efb0edca4800806c04764b948f89,732,2,291,192
45f61c2ae2644b20b8695302f4eb228a,517,304,1016,606
4604451c718245d0aa4cbbe22259e8bb,379,547,672,532
4608452a1b3a4bbab8e3bca11f835e97,802,383,590,429
4614780623b14dc5ae947b2c225d8219,906,290,557,543
4615c3426f694ade8c1321e66d01b306,514,282,787,502
4619111a46ed41d598174e910c99d2c3,492,343,833,462
461c890cf0fe4455aae89a22a44562cd,885,379,474,448
462305c1dd524a7fb1172cf0e58be202,1313,152,496,448
462e9cc51c4145f1993ddf8065102cba,609,434,1026,557
4638c400df124a30976c0423094e06c1,1368,375,520,453
4642555bd2ed4153ba4011a60df21ada,481,0,727,573
46437c2118c0411e9ec04bd4d9e21a2a,326,261,691,537
4648da56e5874407862dd27848afd3de,516,204,865,704
464e2f7e9e6a402f8a9bb546d67066a4,1153,500,604,455
4659a0b9ec0b44c2adbc365b41dda79c,771,447,958,521
466381a8b1574a299b5e0fbdf89e2f94,72,7,827,606
4667db46865b481b8f7056f4eb1a5e17,525,0,866,778
4669b5481821450b837241106c22b721,1091,75,649,463
467e768e888047cfb4bbb030d2aa81d4,714,231,567,535
467fd0c4828b4ffe9ee71bf1efe01295,131,204,656,447
4682916c775448228e5a8b6fa9e19c7e,532,247,515,475
4687755c404845c48d15ac67c6f57c12,1283,265,462,362
468862456ba84b499b3e27539d221f1a,0,277,434,440
46a6007949dd4b0aa168216163a2d697,437,326,744,507
46ac50caa5d641df854e1a40202109ee,701,271,756,520
46acf864f7aa4a0ea328186e5449ecd2,671,230,667,633
46ae8ab0864f4032b6af26e8fdb0243b,494,192,687,504
46beed64d2cb42c5ab8d8280dc2588d3,441,295,787,680
46bf836aab904a128d722ce1f6a3cb41,0,228,750,573
46c7b6f4b51d4a81b82584931b9bc49b,1,168,908,603
46cafe9d6eba49e594bd78df08d41c2e,449,251,795,641
46cd88cb440346c6997e7f242887f6f8,457,387,1463,512
46ce7a9190ee4f39ab14bde724c3bf1d,644,482,522,411
46db4940540c423b9a6c3178a23019ed,752,377,951,461
46dbc191ccdb4a8ab0690cac9d90643e,829,362,1090,531
46e9141d2f82455897a5a44a3aa90cf2,557,328,852,676
46fb0c66d0e44624a206dfb8d088b019,798,319,1108,761
47128b05aaa44dc49931b8c6563bcbaa,1114,440,576,345
471f3a6900b54a648968cf56dbbecdfc,401,285,742,572
473212fb140a4e38ae84255e4b18746a,1187,255,732,518
473a187ff44443f8a3492c3f36601959,235,230,793,514
473f4ea09d174378b62309ba18fef083,811,273,955,661
473f893934e5432c8b0f0f51631243f1,479,182,578,756
474e06e4e1764ba48999e083664a48a5,408,497,832,558
475da5fddf774e69883e872eaf674f32,539,355,786,382
4765aa01438240308dbf40add42ae5d5,672,417,836,413
476a98dc28c2414f9aa632ec8befa140,836,643,826,437
476f60f067e9441aba12c5abb7d3ce7a,418,173,926,678
4772c33b785046248ca4e9276962da24,429,199,1042,707
4775864e0a8c4b6e90583414cec98ba1,273,345,792,554
477c4bdddea74c61896e2091ad3a1d1c,664,485,619,594
478618bcd6b941198990ef85bfccf2ca,600,272,596,743
478c4e4a35d7432f8d7f16153b1702c4,1033,260,802,559
479f56832695402eb220d05d00e90547,590,307,514,585
47a3fb1998cd4717854ba1119a5852d5,258,461,1162,619
47a4d333f248429a8b4b7bbd2d812a41,700,250,670,673
47ab87240899463185dbcbf9e646efb5,705,544,904,462
47b28b8a63d34ddbb5e7c48690e937bf,276,253,1096,766
47d17914f09743e986612058523f92a1,162,14,790,633
47ed995c199b483a9d0c064875e3d994,699,461,601,400
481c2a6affaf4f769400a788655a12df,680,92,669,567
481c598180e44e18ad772348e04c8597,184,0,789,641
482715ed41e944268307bd7b61de2ae5,894,154,477,375
482eeeff627a45b482af3482f8cd1998,507,297,1409,635
482f0965b7b64cbd930bb9cc1f1401b8,1020,133,739,456
48332884b1a64bb3a5237ae525320ce0,633,289,597,526
4836b8f4ba6745b9849fe5b5d84338ca,318,269,801,572
483ad021c5b34e81b40f8233e6860397,178,266,897,439
48491886eacb455b9cc329940c6b990c,1315,148,509,452
4859f03492fb493dbd0df2a727ae6d21,178,265,563,440
4861983433e045a699d2da9c399b13bb,488,272,555,402
486a24bd703949c283644ece1b0bf758,465,139,751,559
48837aad5bac4791aa9508613a435612,664,406,1141,562
48865b67661d4a4cbe286bc772f260b3,428,202,827,646
48950f2161a64e7180e638cea0369236,819,286,320,373
489cd2409ab241d3a241a5638ddee214,1261,365,657,499
48aeafbb9555421e9f75d73ce0106d11,1,378,437,352
48b4735ec06a4fc4b81dc1da28057e1c,1315,108,604,424
48c2e996ae094b30ab2ad11f4925c4bd,304,248,970,524
48c9c0cd16804450b91ee1a6a1c7fa73,973,650,945,430
48cbad5819f9448496c6c3fa1ebf2b47,415,298,793,723
48cc70f3789c4a67bdfe90c7ee176646,645,280,962,561
48d4391b2f404b23aaddf458f31a38dd,672,449,897,465
48d649080c4641c49118ac97fdfa6b41,613,272,990,711
48dbb5a7d0a14551a1d053aec5b2a3e4,976,240,678,495
48dc8a7677534605bb8ba6797fe805b4,924,189,625,562
48ea6f91093243d0be9295388952a5dd,910,192,531,501
48ee0f4e4aa04ee8b1d3b9b9ce1bb1a1,1132,227,559,490
48f7ccb3042c478982dac21264b55863,754,382,634,517
490b828b6dc34648989d53dad50b757f,141,318,730,427
490e4f6f375d4d2e8e6868d20fdae949,476,278,981,619
4926e715ac374f4da7cdbba239286deb,594,195,535,647
492962b01fdf45c6990fb24118d11ab6,633,411,986,668
493e395737d74896b0fb8b71d12cf516,146,263,669,485
495095229aca434daf13ea33340b9bc5,569,528,632,405
4959f99d36e2467eb9c74fe23f63ad4c,528,349,1046,662
495a7c9571ef4bc381ecef70d30424bd,666,311,524,467
495c4ff8370642c3881f6c5b08c3e014,554,409,575,470
4964513c6c5946858e2c844b5b4a9c8b,966,0,483,329
49654fab1f0b43239bc17239216e52fb,1309,65,609,483
496d8bd8415d43c3a217b265706e8329,336,408,622,523
4988b52510644d3ebbe1e0d7ac756261,56,291,1236,527
498ee40f7cce462b9795ccc841fd8119,1319,259,435,302
498f9efbbdae4453b576578c0fddbe98,728,492,416,409
49922ab3b6c84c9fa9f4cd0b9cdc33a8,716,485,476,375
499e693bbe9d43419cd17a986881dc6e,1430,420,489,412
49bba56f920147debeafbee5e60325df,1255,375,508,426
49c2e2c877734253a217f64954575d33,732,259,720,672
49db54dc3eea42aa9c6fd4652c0b53b1,1035,85,572,483
49e3d0a22feb4790a353065949387139,107,383,1133,684
49fc033ff0c4497f9150947d7f85838a,673,340,911,581
4a0c76c444774527adc1d21491aacc98,691,490,607,387
4a292ca38a6c49b6be0569cc356db2e7,363,381,627,440
4a2ad83b394f4daca7b51f320510c3eb,785,336,686,570
4a359045262a4eccbe6c73e7500551d5,1323,0,596,378
4a3ce0b48d4b46108c13736ff1d0a3f5,211,250,983,482
4a3fabe0e36e4b97a78119d8fc080167,855,320,710,403
4a5b141c1f414f68bd5aa7b43c74ef10,883,26,752,575
4a60c9ff605447d3829d06a382244075,269,314,997,659
4a67a8259ed0436f8bf9271ff8224121,655,430,688,570
4a76c822118443c2808ef7b6da40125b,141,158,738,453
4a8d31a0408546078a25a63ae9e6683d,311,476,686,386
4a8f038328c648f69c81d3f6939bfc32,106,48,582,424
4a9cf37cddc6454282f07ad7636f2245,521,131,1121,674
4acda1360d4042a693666c023db09e3d,637,361,701,520
4ad58e41ae3f4494b69d89c68ba4148b,528,231,835,727
4ade5b1fba594b48957e737709fdd14b,481,94,671,596
4ae4b55d2e244458838c2a94240d9694,625,465,354,394
4ae6070f9a2041d4b608beaf370cf364,430,166,918,773
4ae6e18dd9a742da92429b2f6faf17e3,437,369,555,373
4ae783693e5a41e4baa7d1e8992cc70f,1118,433,725,554
4af2e951c1f84cdcaa4168011cfd1bee,201,343,654,542
4af3056a3e3443f69037e4048ae04a86,597,268,487,360
4afce88519754be1ab7633b9155556b9,671,335,526,464
4b0869af13ff403d8d3431b130860ce2,115,152,888,556
4b20b86706a946ef9c9037cab2b54de9,334,56,993,748
4b2493bc8f4248e69a31153835bdc6b1,491,215,743,692
4b29d8ef18c34184ad86080e525c7295,1276,488,644,385
4b3f1e50bdbf4fe2bf3004bde4b35d3c,274,440,659,470
4b40982fb0e04f60bbb0e1994bc2b1b4,613,398,555,457
4b4c7196cb834f84bc5eef0e5a05dbbc,549,317,765,539
4b4ef141ce8d4c739d2c56ceb5297cbd,472,298,775,481
4b500d073d75412795188a561bc7eff0,276,672,648,408
4b58a5389e634596969ef49d7980ca1a,240,485,1028,595
4b5b3e4291184339adf6c5b4ecb6281f,488,181,594,476
4b5fca29b3854008a9b7b6110cd88d65,39,442,527,450
4b6223cc051743c49641c335f967b25f,927,3,909,684
4b7335d0649349988f63c09ea2d1bc9c,235,333,1032,747
4b74f50ab18140b692bed5e78ba097bf,327,632,634,394
4b7557c6bb1e4393929a3bf34621ec21,1043,56,657,486
4b88cfa27d344f0f97f6b45e717781aa,234,427,428,481
4b90daade9334addb76bf838887e1430,1169,628,587,414
4b923259dd0e4e2b882a221e52b7ee20,129,378,951,500
4be5844fdedf417fbb480c1b733b74f3,1117,433,726,555
4bf7ee7a5adc46cf8e3f26f72ec9c02b,1250,509,668,367
4c08377d8c98426791c7b3bbebe7b3ad,762,459,1076,538
4c0e5d164d5d4f4d9015f7bfe15caa02,744,301,520,470
4c160c42e85048adb14d0b4c93c93293,610,300,740,551
4c1833bea00f4212ac95b37233ee4009,318,268,800,572
4c28c38c15de4ea7814a05b823152e5d,440,200,1094,704
4c374d14082240cd9ef1015d1ba1014d,1101,380,722,397
4c401b89fc134132bcca0d08cccad481,406,141,628,503
4c63af944db0494393d6cb2d5f7fbc9f,46,188,906,513
4c6a0533d9fa4439933f1e4280bf3483,201,293,472,512
4c8c1aa2dad94376ad57bce8df700de5,1049,351,472,435
4ca28fb412ec44a1b9b26d767d1807e9,84,256,1046,626
4ca8f3e2d336454c96faacd40a7fd473,720,0,762,821
4cb829c4ea5d4730b269502d2cefa38b,432,207,748,573
4cba1145a8244155b8055255dbe7dcad,898,199,624,450
4cbd3bc22d544c47b4021ffeed4584b6,761,434,438,419
4cbdf636d54c4a0faf1206b6115329bc,124,293,1024,689
4cca5fee572d46c297d57a412930d44e,211,446,1027,543
4cd0ff94f54744a1a342f743e9493ae0,76,170,833,541
4cd17c87e0024aa680b0be35e8bbe8c3,546,2,814,806
4cdf84aaa2b74103b0edf3ca1de5ac38,871,214,771,715
4ce54064a5ab4393a4600b1bf33e6acc,910,467,1008,494
4cf02a5e7de54906956b0fcea61b9313,705,508,627,572
4cfd5941fbdc4d15810523c55efc1e78,964,104,459,425
4d0ee1e00f6741fbbaa430736836aca6,210,301,637,417
4d11d4234b824cb9a36b6275913d59d1,715,223,494,414
4d186bdbc29b4de5a790160e53ccd1f0,432,286,961,579
4d236650c6424409877ef4888481da61,678,295,627,556
4d330f2383c84559a650d2859ae45d19,430,173,456,355
4d3437f3913e4f6fab21182453c9987a,601,307,793,534
4d4114ce60a341218220ae99db9c76cc,802,645,460,350
4d5389103e6347708243af6a58f0197f,632,308,740,620
4d5de53a079045a08f29b6392041bf63,932,318,511,381
4d5ff8e79f9145789884a6afa120469f,814,390,579,325
4d601542d96343ff962ad88c734f2cb4,834,535,810,477
4d67590144bd41679daca4bf3a24eeec,155,46,678,522
4d6f0a92de49449aa0878d2d8f3645ac,675,289,458,391
4d7282104dc24dcfa0378736c26d5086,435,168,441,334
4d80c464f3404538b3b181110b9155cc,612,546,527,442
4d88cd31e25d46dd9333661af33a69e1,498,242,802,468
4d9350ac2c4f441bb8ab78693a1e8d38,149,237,726,418
4d9832d64c20483a9b34f85add0bb031,621,312,579,504
4daad4390f274c77b5d36255ea128a4a,581,552,904,524
4dbd33a5712a4a1ebb73d1913a6fb789,950,263,699,484
4dd0c7abeefa48ebbc3c8c46c2fa6cfa,308,339,713,411
4dd377537d884b908b430709ac4aa51c,572,247,794,588
4de0ba1da81e48a9a5cbe583d442a37c,580,344,730,436
4ded65f419ee4e38811dfed98c7b9bc8,1250,283,483,481
4dedae0bfcd54ebf9ed037a80b741a50,658,511,500,383
4df7af5c992642e2ac6542a4833606cf,1076,364,750,446
4e044fbe8bda4746b6e6d99a90f72a16,1047,336,530,398
4e1112b34b4f4530a642412e7941496d,216,482,625,372
4e352a9bf0114f28b02aecc5b340fbc2,589,342,573,510
4e3e34b486ee464ba4b740971205760d,377,508,803,362
4e5c97532ccc4c808563da5decf5b920,696,66,493,518
4e5e3b5ed5be4ec49817546fcac1e91a,198,684,739,394
4e63e84c4fc147bfb3f69eb510335d53,757,0,750,533
4e757cc9e8bf42b99cc7f035d65a72ae,820,279,492,439
4e797cca47b74afdbf2a909b3e6af571,261,683,349,334
4e81b07398474d3eb9ffa37fb9704f6c,449,436,635,564
4e8a00576c374f28b1a0e193c6fc3131,707,409,464,482
4e9127cb6e074d4ea6ec86bea316515e,844,189,591,455
4e936b9d60fa4025a7e7743a414f6ef0,660,143,406,371
4ea3e8505b5d4e34b1bcfc0544e15bfe,1120,99,758,460
4ea4be8449394ac18802ea9735e85b11,262,214,494,374
4eb64b357322447c8e72d068be19534d,610,506,744,424
4ebd4923eae948808abe3be58a47f5ea,710,0,392,175
4ec38a158862427f941963336e1a8a11,765,392,595,471
4ec9008c9c5745ca95c7d5b52e40a0aa,478,370,709,456
4ed258b6ca78451aacfad78a884f37cd,687,402,632,678
4ed571528d094df5b6f8e385a33b989b,5,236,914,478
4ed97330a22e40839050ae563fdb97ff,1276,100,492,383
4edb9c429d2445d5a95b8b9f57fb27bb,1167,232,529,363
4edc7162d9684060992aee850af57d2c,560,399,737,489
4eed8d2ea7c74b088853b1a94307b051,1085,272,634,601
4ef9f2a5f65d4269a524811b242754a7,777,120,638,528
4f00245d9e61464cac12739c7d401d6b,605,384,618,412
4f062b84f90444238b1ccdbc8abd8aa2,1012,545,830,484
4f16dbd6a6e248f2beab3a0e001bd38e,971,103,711,544
4f1b9697beb24fc1bc428048959b8f64,214,447,491,336
4f26828b735a4427af54400f91d186b9,267,90,678,560
4f386be703cb40b796396310b5cc5ae7,1039,67,712,665
4f38e347a81a49e9aec89ccbd9ddaae2,395,102,440,345
4f49510bd6754b1b86a61caea30be836,495,232,508,427
4f4e24d916e84a29a13164a2d0f917c0,449,0,954,956
4f65b3005e844e168b9376850d101471,0,394,402,414
4f68435022df40f4b6e327eca73ee8cd,516,388,739,578
4f6d371911f14bd2932d3d515abad74e,885,145,625,664
4f81b86cdc39423987938ec6b2ef5b4b,604,453,522,426
4f91f129fcdb4df4a2408bb519847a08,948,323,552,377
4fa36e27057c47d1a67ef08b1eddf0ad,773,48,869,722
4fa5a0744fde4aea98508a36978e61dd,680,267,877,542
4fa5c1fd9af54341bdf379ef9b01d62f,761,327,638,460
4fa7f4140f8f4db88080e893842b7258,574,360,845,513
4fb2052237834bc39ea210d91130013a,798,252,913,463
4fbb533c1a264935924afbd1d69a6009,571,337,773,444
4fc1a66fd2764eba997b6cbf375bfb5b,1059,0,436,246
4fd46fc71f2d461984c81471ee35980a,433,302,764,544
4fd67a6d6bfb42deb249467ae81bc6e2,280,366,660,530
4fd7849250aa49399d6fd8d51bc1e6e8,672,352,709,418
4fdfba6fbdc548028a956b97826ad3ea,183,402,1219,576
4fe26eea959d4553a3f4f79a228e52f3,720,0,435,459
4fe804c952414e2fb8cd312926357acb,650,450,730,403
4fe9c86cae9249ca9a7f962e5800999c,279,175,872,625
4fefc99c38cc4c0ebac23a81e383d351,439,515,539,407
4ffc13e61a2f423985e0cff42f92f105,1164,357,737,499
500707bedf064e5f99ada230a839758e,371,206,780,490
500b7333dfd6475b9e2da65756392e88,1155,542,280,249
501476598a6449cb89b7b0874e1bc302,865,56,376,324
5017e8aecfdc4d98b904743ed65147cf,410,542,574,463
501876df7ac94a31b49078596f69678c,242,338,531,500
501cdb6f001b4d3ba09e2a53882d9710,90,451,499,430
501d491d76e84f42b5ef8e2f1b915b34,111,220,793,476
502256cc667a47f5a89c8d9d8bc3940e,1402,148,517,365
502870478e7b4ecdb8e068d07e1156dd,610,463,623,495
50355e615ea74d449185436ff81c6ba6,788,551,477,408
50391c4d1a05428c8534e4a748d2d148,161,416,590,342
5046f4617ef84b66a65951d53bc8c8af,414,272,711,552
505614d7dde14f3c94b9f28dc756a2cf,15,208,735,425
505e86e3b0f64d4f9150e6d4123b5035,700,533,1006,547
506465c733f640bca8d2834acb072f8a,519,560,714,520
5064e800d93248b2bb5edbdc125c49c5,1154,110,697,497
506693f0873a47239500b9a1fc0224b1,674,90,505,484
5066e220c9e847008a65030d41547512,815,1,526,568
506c72895b304abd8840bef67f2526ca,623,329,851,642
507843ed09754f6da00da29e990b24d7,374,305,508,441
507ddc65267a418fb0901a34d8bd49c9,1073,118,641,517
507e20b0429b49c286ded195d00a3124,194,530,564,368
508719b497a64cabbd5f9e7b545f76df,745,334,741,478
508cd271212e42ae886110af5bf15385,0,191,1268,692
50934dc4ae9046838cd233f03d2dabd5,439,511,540,392
5093b5d5bacf407ea9219fe375ee60b4,577,96,490,444
509c9df9dfcb4509a5676437750ce388,527,53,544,685
509cd93b551b483a987f93cdeb7b8608,576,241,559,535
50a3cd3c65a94edab938c058178fb839,408,199,728,505
50a6538228c745139cb65869407ed704,712,666,681,414
50a9e3ea1cdf440297563ae695074b89,534,346,891,573
50af2dffc610462ebb4fa61e9f11a5df,1007,288,632,581
50c1e256a5e441cd9165d61398e4cd01,1136,265,555,415
50c574372f7647f4b96dd8555c0b694d,174,171,1038,871
50cb7df44f7b4e1f9d41ce597230c965,639,531,788,549
50d4db4f0a454a81b7cedecb88d2572e,644,395,1171,585
50e704d3f5e148deb202cb2d498be590,72,351,508,471
50ed8acf5d2149d082f5a4106f4edb69,344,288,840,638
510ad084140e4def92af6f1fee4ad9eb,431,526,623,417
510be672325b4795b74c3130cbd8f447,707,0,421,438
511538c87c264922872347b3a668465a,160,18,789,631
511c64e363414eae8834d419e4cf9a61,317,23,778,692
5129ca1ba1c84c8baa5aac10559d1bcd,778,254,404,488
51376881afee433b9bf959dfb492a8b6,410,292,561,489
513a434cff8c4a0b8167c94572305b8b,578,253,801,615
513d06889e484ec3b4346fa38679985c,647,514,649,406
51417d39c6324252b3fb0d95b0692cfe,644,112,303,239
5147bedc824d487eb70ba45cbe4c07b2,493,334,705,355
5148e6655e0748e5aa41847022cbe4ff,394,302,552,422
515e9f025c054515ad16e92d13bf9f93,519,266,592,514
516dae63c8084754bae72b9713a3fc5e,936,193,536,403
51736132520d41739e934db744368a6f,1439,92,479,402
517f68f65f7642dcb9cc48ffdbc501fb,762,325,731,654
517ffc01bcea44c1b7a928dcd62a623c,710,92,646,609
5184e109ba9f483a93460f1518908f09,160,412,596,350
5186173b48364d628c2cd650e2b34ea8,155,487,548,426
518918bb784240d4a9c22b1372a5556c,153,490,623,360
518e0c0fac00479e8c6f02d625f217a2,217,466,818,567
51959ce2fd8e4f98aa2438851df9cbcf,554,196,816,798
519a8b6ee8aa4ef2b70a190e516258b6,498,225,808,655
51a1dd02453a41b2b71e1be57628b913,1386,393,533,481
51a8a71921f14cf18e59801fc479c856,114,237,805,477
51f40bdf9e3c4e228300068ce6a65838,676,293,448,390
51f6fdc27aee4f31a7217bc6a54ae455,652,169,572,549
51f994b3ee5741739d125fa219ca5491,715,462,442,406
52096473cbdc48d08a98f6e7d4cd75bc,260,193,409,414
5212502453f24bfdb3abac2d1d910624,736,252,732,454
521d3db36ea54369aabd733aa6f95273,464,539,511,408
52225d8a824d4687b595248927644521,570,365,746,715
522475d04f77484da53505417986521a,759,563,768,517
5224bba2511d489a99c1a9ff52e9dc88,632,412,786,459
5239444f6dce4a37b55f4cdd2cb8a185,914,21,259,230
524c80ab24494a21b7c79bec367fb902,319,253,793,826
524f3a74bc3945f3bc9812c95cd761f1,1262,411,601,407
525230fe4d4644f08a1a8b8c35e82fb3,552,559,669,520
52536399b67149a28fc1f8d689784eb6,1052,189,593,536
5257a41b709548b2aa4c5bcae5f03c08,346,281,838,647
525f99f36a414fd1af5c3209577c8aea,341,396,827,566
525fa5c9104348c6a78acc5c3e1da717,681,413,461,410
5260afb6b7ff42da930d05694de36869,1041,55,659,485
52756c61999f454d8195887155c36c70,740,0,322,194
527bb65afa1e42a9a63dd6be3776950d,548,489,542,464
528b38f7fdfa4af9b32ac4de226a5b89,249,306,555,532
5299584cc1c64543b8573bdc062c5062,965,286,626,360
52a9f3a17dca4d5a897410224c777892,378,200,625,492
52acf6c8c9884a08a8df980e050fbc2d,1154,502,602,455
52af21f834bd4d4d90f0626e99fb017f,848,453,529,369
52bc40ec974d44a6b0833137ad324395,815,193,799,527
52bc812e99cb4d1082861f28d4dad927,1232,395,606,438
52d2ab3c9ba54ceca0741ed50bc377e3,253,179,694,583
52d7d8b1d28e4e86a1e2499682085f4c,1080,96,654,470
52d8b34b4a1547888a7e215a55c1ee8b,1094,247,552,460
52eaf996c73445fcafbfa0a954ca7f2b,381,109,483,479
52f00a62345f4958949b739382687f91,1026,322,666,403
52f66a2b92cf44eea064eecd38e079b0,47,369,529,469
5300fc52d1984aefa27b9449563eedcb,252,178,540,462
530560f46b8f496fa1a411774f31c4c3,574,331,703,555
53060a19a6a04f439583b0714a88a29c,683,414,479,468
531aa1d972a94f9180849edb46fd9dad,529,409,641,560
531be37fc4d848178bdc02bfd14806fa,56,431,581,437
531cddd94b4d476e978d15f705520709,1304,73,419,310
532b13f1006d431482e698abad6f4ee5,266,278,582,557
5335b7dc41c047e39605fb0dd2c7b507,554,114,1035,814
534538c89b6c4695aa0153521db26fef,1184,532,581,456
534e4eca3c65469fa2fb7e0215c4c387,618,258,818,597
535210e206a24af9ba9eafeddfc2fe0a,381,330,733,583
535d184259bf4a50b992f1139f8e80b8,680,365,592,508
5364d139388d448d9d7dfda9e53744e1,407,582,856,497
53674b9b4b674fd8bd38ae30856f41a1,219,247,751,412
536ffdd4f462434281f747b5cb724a02,800,73,604,504
537d88c7b89c4e49b79da5a927013159,195,514,619,356
537ea51cb7e1426592f084b45c2dc5b1,456,432,622,428
537fb99fc0424168a944407f5260fb25,116,512,663,354
5381ab03ba064b76b91fab219d0c6802,925,513,911,484
5396f885f90e45d7a41ef0d67ee0ec76,1051,225,580,379
539a165eebd24a148e7f91a4768d4e04,572,224,704,662
539c4e2bbed84df2a88066bbf9cd1ed2,60,123,1099,699
539d6b39c6f04384a3f093151a2ce000,197,681,741,398
53aba15ca8df40b5a449e7aedf1d4322,550,0,630,565
53ba664556c24ad2b8ec64bfe5ded724,524,350,686,563
53bf91482eb042a8b3f958c21d0df2ba,471,197,926,662
53c5e520abf04f2aab37d135fa850488,682,257,464,421
53df0af88e76456e925ffdd274d8c6d8,378,508,802,362
53ec57522d4d4bf28612c4c79bf3464e,803,143,424,349
53f5f923158c409aaaa735bc855d06ca,1011,255,767,618
53fab54aee2d415fad3b05a54be497ca,124,203,1133,628
5401cb45bd25418aa83db97490d3b5d3,1272,471,541,389
542fa4f51dda476bad6b0f77cdf03be3,132,459,908,516
5435b42467f54fe0a00df76c745d2dc6,658,3,700,806
543b2d868f0b4d0ebf8f74eea362983f,156,428,644,413
543bc8d336c445a78d023fa805b2eb37,1162,171,748,416
543ceb7137d14fe4a95dc4cb2cfe2fef,301,339,712,414
5443865787604baebf63b8b7e48e6285,550,216,630,686
544b3f3385d54b519dbb21d3eed83bd7,104,370,668,430
54506d5acebf4174b6d6702a39374f12,539,388,725,470
545756fc4d424084a944996ed24fc065,589,162,666,602
545f127f4e584f5dab421848438ea814,99,135,1127,551
546194c82d564643af6089759e21568b,859,318,481,372
54632418604f485e96d0078be5280ebc,181,416,610,487
5464e399591b4851a9737337de95ba9b,887,148,626,661
546792a9cde74dd5b491de8b5c6dce1c,598,310,698,552
546f9c8efe3f4394a0edb1826972e47e,717,68,376,415
54773bbcb4614ed7aa93e20744e79cbc,962,224,958,624
547e1a41bbf64532b2d074019c19e44c,1180,410,682,414
547fc25d4ccd4bc4bc8ec2ddc7cb54d0,635,526,626,497
54827a99a8184ae2ab9740a014b12254,536,363,788,438
5485502ad99a43d08c32c10ff4491ff9,849,423,815,510
5489c5f6e7394ce9a53d892d3fa0fc75,121,57,684,490
548fa49a676b49298148af019ee46eb0,708,410,463,482
5492d1e32c1d41f3a4e8cdc19ff8aa2a,1208,442,665,386
54986e13e7b541d88db53d84c6cc9199,1155,502,602,455
54d916bebd9f4a11a90a123bb030d6d7,1089,559,829,519
54f29d9d27a646e7b299de68a85064b1,1250,482,638,377
54fd35d9af5e49b58ae461f2db18845f,1190,142,729,478
5508f340b4fc49c09cfcede86f5b19d3,545,480,625,524
5515bdb5158c48168ee1fb5b9db75c77,755,313,526,440
5521cfda8bba4b15946327e09e389309,1240,398,617,492
552367f585154bb48b5832ba893c1b1a,452,454,617,441
55332f21864b46eca08c35ec5a6390d8,419,153,894,699
55365b01611b4fee833e50d26796363a,448,139,981,681
5538df2fe44f4b01bee5918f1f282beb,827,347,541,366
553cf78505c6462a840c70001fb14edd,234,448,1075,512
555e89a029c74d3b8567f86354d62b3f,701,277,757,511
5565c42cce0a4782aaf74a3dfd694909,1098,470,761,575
556b0cf62f26426fb3ac97366071dee6,706,330,935,501
55738e5940204baab2cec65f791f1bbb,1052,187,592,538
5576152bf53043c5a3a44db6a8228787,519,263,858,702
557b7059e5854c40afa4fad4e1645974,789,341,335,267
55841f4238e942a68bec2d9400ab9633,653,198,724,536
5590cb52bc7843348a8cf1f927761a9c,732,375,815,633
55920865513e4e16a79e7a898d6e480f,429,500,830,535
5593d56323674f75a74b1314cbb56849,433,168,444,408
5599b0d9dabd4a84ae2c5a9f5fd4caa6,714,291,848,610
559e9f3fa3934a2192918791215ac6ee,154,308,711,391
55a3d722371b4b97a3e0dc146858f136,578,399,657,439
55afcbb50796481ab233908292f2e36a,701,152,323,261
55b72c44a0c1402b874bf14a8b2d5676,451,79,749,705
55be70ae9f3f480c86710678e2a5b014,834,428,510,424
55c38ba53a5e48d9a68c9299f5a6edf2,467,345,814,549
55e036de1b774391af0c6c926e28658c,550,235,1072,737
55fc517d51644e50b3f298ab3527e934,482,382,449,340
5607a372116549e7a9b2928fd7dd761a,1090,153,637,416
5608856c09214d37bc77fe7689c76174,518,416,953,503
5609217c40b44fd1a326793144e79541,583,200,781,534
560fd9d6654943e691d558996e505b2e,809,108,343,466
5622ff544cbf48e995e74249b2e39473,379,178,451,384
562b197cdb7d4d1cb893f31896f70a70,827,0,553,492
563a4f2d7f86455db1554d7d12ef4438,1254,283,664,496
565051e917d44c4cbb2ece571932602a,618,0,668,583
5657582c76a74449aca0a3b493cc1e5b,1021,351,663,625
565998ded6674845acff1b3debc21d36,850,320,713,408
5661e753ee0e4902a043f6ea8e6427c1,1014,146,904,651
566d61b2b1eb4e3c8613e95b4619a349,1209,574,573,380
5687f98fb85d48499e16db784fb3ec60,725,179,438,411
568b7d2adb824027aeef9a636d4ba39d,421,353,785,665
5690e21b7cee4d44a180b823bd62e34f,0,345,478,361
56aebc1ad0714f04bf89f5b1bf6a07d6,402,212,429,369
56b0fd4da91545038e7228e5fe3706f0,630,201,823,624
56b1d34a4b60403e86e738686a00242a,122,208,1134,622
56b9ca84ab514216b8a29d20d465d525,584,304,679,600
56bc6697a0da40908303796848eaa257,801,288,515,511
56c27526ba064935b78a81f5ead54a5b,674,127,844,609
56dfc41ba1204b8480deac5d9963b578,1271,47,620,493
56e2f5d0c9594bbe88c974c0be534449,1452,123,466,382
56fd841efa844197a614a70b3784b7ae,0,409,849,422
5706b99226484eb19f5d7272a752ea68,860,0,434,415
570beeb88d4a48769f5edf060889f5d0,885,145,748,546
57151b4b6c604157a64792a7eaa627bd,414,223,556,469
571be97b2a7146aab3e7792889192dad,858,212,757,707
57234dbd0e5d42c7a18fc68e851e18dc,781,267,861,507
5725974249ad4fdeb77884aacdde9dfa,570,374,684,488
572cbdfc87794a6882e191ae1c90b6e6,765,347,447,533
572e2b6112fe4d1c8625c68fec54565d,417,394,835,412
5730b2d213dc46bb9387c8d75e60a610,642,572,395,365
57328608f467439999ab141540222bd5,457,435,623,425
57386a6e214642dd8e743677e09bdc6b,495,0,1031,699
57559508558246549e32314048516731,0,412,787,464
57563a5399eb4ae28104ef0ef7723547,93,363,812,485
5759e146cbd04794b733c55f046df7c8,574,368,607,583
575aa25befca41bbbeeb4c62d7b4f15b,331,382,568,355
57633a8b51d04fbabf5b4744bfba59d8,766,486,626,433
5763496db46d45ac801d87bcebe62c45,510,311,709,526
576633332e48499a8c7199c2b6ebff41,1034,79,575,484
57667f92cd5942a094fd2115747b65b2,1072,225,620,444
57745068fda341bbb6cc8bd21bcf26c6,874,486,547,459
57820d45a5dc4461aa9b891f7ee15160,253,396,883,554
578be4294ea24e7e80c14a04930affb5,196,221,863,616
578d26addc834e26a420febf946cfd0a,135,549,825,531
57900f81996c425183267bf27fc1c197,288,31,1321,914
57901f349d9e42afaeddebfa9d6196c8,508,158,729,639
5793ce6ab0164247baadb10841b4dae6,776,260,383,296
57ae1e25941a420fa066e097658ac84d,410,245,1123,627
57af1027337f4638b84c3c90ff8d9eae,407,227,428,324
57b8f5237e1e47e584358d4360f1a733,600,283,815,655
57be69b7482d4c90bbffd1faa0e8a0e8,578,581,976,435
57c18daec33240e490d82853ad9dedfb,702,376,783,469
57ca2cb100d9414fa3dd3666be870ab1,865,483,749,415
581f599bbe28439c864c5ed106acf23a,189,172,1031,636
582d947911404f71a8c5dc739d2281e2,49,301,655,334
5835acc3505745ef9d594ea72fe7da1f,779,201,340,384
5836865f9e27479cb02b99e694466e25,714,308,775,547
583c0e71886946cf8b0d05560c35a827,1145,448,671,449
5851eb22f6104ec3824595cfd7e84454,593,461,714,470
585312fb79dd4c2192e3f3aad3a0a2c9,1049,558,430,345
586eef9469994095b2f26b7609a44e40,209,436,679,379
58793f985a2940289be4a1896e99fc4d,519,609,413,470
587a74cc8a704980b5ce73fa168bfd4d,579,157,824,781
58a8bdeb687a470fb02413e864c83de4,696,343,610,555
58aab10be487470eaeb8edced629eff3,583,119,816,698
58af9e024e2d43b5b55353bcf54c86f4,327,329,603,481
58c9cacc3fbf427e9adc8b34bc7ed243,833,240,487,495
58d5c4dc10be467ca912ea675610a702,713,378,1085,699
58df9dd188274d52909b77d0a4e4e680,707,480,1002,581
58e15a99e24c45789358cab30308e03c,1,139,1139,651
58f49fd5a92a4ac2a7e4027c37ff9140,0,390,437,349
590a155d640a4e9eb39021dd3b3483eb,306,171,817,909
5922315407044b37a3351c2d160d664f,777,318,313,288
5940de2772844d0fa103d399bf10308b,716,388,764,429
59417b46abe34ad0bcdcbb2d0e45f507,677,0,466,398
5951ab69439f4fc1b589d75ab57fde3a,934,115,575,703
59520dce675a46ffa8e6269448a1b77e,793,485,644,446
5956c4838e534db080a43e2b677c3b5b,1001,348,511,437
595c70af27fc432ba1fdedb81adc5c3a,547,346,730,488
5970d0cd9e0a4b6eaf9d65b72c2eee2f,1084,80,657,504
59752ec6bd22404db3a8f73ad07f4141,726,105,438,423
597847cd982545d2b9e601efda36c0d7,436,0,904,806
5978a8d24bf34899968e435b77850840,529,406,737,674
5978ac7fad6c4f7bbe4e4f42aa2fa1e8,290,390,525,432
597ac20893024a77a04ac621dd155e91,671,386,533,539
598873f876f8435eb1bb3c53088560c0,651,199,794,534
598f359622514e5f8b69f29a05d36737,114,398,588,465
5993a2311296402cae5b2fd778512175,1,104,448,403
59a1015c73374019aae774433f8238e6,902,301,573,406
59a81948fba94544a26d2ca5a0867c3e,846,224,297,279
59ab32b0841041eea203db6267d484aa,314,313,447,336
59af1fc20f7647ad98eee4319ae04751,436,237,464,349
59bcdb016b244569bace9969a1a6f2d4,570,576,622,504
59befacc6a9e43beaed4f66bad8a16bb,669,311,521,468
59c08ef8462b476dbf87f2dcbd3faa4e,796,139,380,380
59d1ae70c8b0425bb924f8863001b25a,1319,286,521,554
59d608d88b634a03ad5380986e29c0cf,830,430,786,511
59eb946ded27436985084f598b58ffb1,1259,171,660,357
59ee5e451406490ab0f1c63d44ae6c0c,597,139,561,578
59fdb0273ecd449ea0fa306f14fc28b3,115,384,652,373
5a009c38e8c54817bf1fcca595d76c8f,846,349,836,729
5a093786597d43a28a486d352dfca619,740,600,1005,422
5a119a38c4a74f32b02cb7714d39204f,603,462,519,420
5a24165771484608980253f9b29f3215,1358,0,559,302
5a3f661feff842aa9419b30e148651d5,597,518,642,427
5a489429e3cf45b8bc22bbc9e29ea329,636,476,739,401
5a4df13cd72a44469920e4727e4e06d9,1,193,638,468
5a4fe9d789f04260ab666c72ff0297af,197,332,867,569
5a5f676fbb064bc0af71730fd41c1c6c,429,225,894,617
5a7d7d08e1ae43b0a122d44092444ced,770,191,270,254
5a880cc95d054236b6cd31c731d5b4ed,132,304,739,381
5a91f4af0b2c4fb0ba7ec79134087cb1,43,69,1509,798
5a98cef28deb42ecbfeff881ac52d415,113,619,632,333
5a9d755ffd6142ff9b2002054d5f5a83,653,825,1017,254
5a9f0cb8412c47e1b6d83b4ec84baddd,609,431,807,411
5aa146b8aaaf42129212ff178e43815f,845,280,644,490
5aa154229af142949dc66d2a883795d4,659,477,894,489
5aae75caeeda44baab0a0c1c71422799,750,381,631,602
5abaef7c792f42daac2ee82796788564,960,270,844,520
5abeea997a4d4c15b1a78c8ffc06c80c,526,0,865,777
5ac1cdb833404e4f9d20120665506fdf,380,47,650,602
5ad7fc4894d14386942b4b0fddb727fd,978,368,510,413
5ae02926d29d41829eecb94181e95a2f,910,317,802,439
5ae3cfd286554ccd8e6a132dc7f6fb2c,706,282,263,271
5af2b23f7b694fe0a87a579924a2805f,289,515,864,382
5b006984aa8349828d3573ff42995be6,1287,372,508,499
5b029256f8e14d86841a9597dc51ce8e,339,528,635,520
5b039d7c795f47879a37b2a03faa9c43,289,391,523,430
5b0811a07afe42e5b0312d878b5cc294,543,262,799,605
5b0ba8d3e20e4c6babf83dcf47fdea57,974,488,945,415
5b0dc1e15fcc48adbb5dd6b90023870b,676,395,807,685
5b0e312f77e44703b6f0dac806c7d11d,1130,496,712,460
5b1053dfaa3742b98dbeab9bcd95f774,490,458,683,527
5b1cd1f24aa84a42967aa7d2c0f8b9c2,730,388,558,542
5b2fd961c68c4cfaa88933dc62bc23a5,1070,279,568,420
5b453fd25d8e4490b0a974d4c450e8ef,1046,249,484,346
5b50a508e6484e1e9cad2fd2231ba7ed,396,323,556,394
5b6294dd00084f98a305134a6a0d71d7,522,135,651,632
5b6bbceb0ccb4c789d497a6e35e4c105,611,448,609,474
5b6e6b4087ae42fba10948863e148d98,357,304,791,723
5b7206e44ba146339f78e7b18ad8717a,778,227,408,375
5b76cd98085248d7a72e249a86ac1dfc,1167,443,524,330
5b7baa07e07640449243f4619a3077cc,1,317,434,414
5b7f83d8b1c746a995c8d70f2c2b7ba5,472,390,943,509
5b80d56e5f30465abf4ec4a8d07b14e7,566,239,836,592
5b939fec149c4b5cb3d55dc2ae9fcca7,76,261,771,417
5b9741847635416b988c71e7cb34106a,529,496,731,569
5b98e79652914986a26a1a98a50b5a92,191,346,799,440
5ba90b3ac9314e9680377526ec229469,647,342,645,555
5bacd2be5cab418c80641d5dc22abcc9,728,377,670,573
5bbab81d8ac4441994b9261c54b815ff,1092,567,827,513
5bc1fcdfa432492192e3987a8b323cba,720,421,509,565
5bec85e21d0c49fa9ad3e79f7c9244ed,653,0,474,433
5bf09fb59333489bb8d09b34ee7bbb44,792,9,1125,743
5bfd527b44554f6a8aeccbe2a2e02ee1,836,345,541,558
5c03ef49e55c439abe1bc09cc5fa2493,546,317,566,506
5c0f4cb484434d23bed68cd08f97d8be,158,388,752,549
5c11bb2763a346d197424e3dd1138f45,1001,326,872,463
5c1979ec5dd945949881fdd68b96204d,630,301,718,538
5c23ae5321d047e3bc9cedb7975b739d,660,455,976,625
5c2cd07209744d4dae9784e5b1b87be2,706,364,579,553
5c3132a223724be7b72e7bf60f7b6be4,1,432,1182,648
5c3e398e1af24a8a8e1a495dec3ce97f,1386,394,533,482
5c44098f3b86422fb3e901913c1f8034,73,174,841,538
5c51398429e14a15835fe97974140fb0,1150,353,680,379
5c5781031f8240cfa105b2bf4dfdb7ac,152,205,1137,590
5c692104d8ac4008bf0fe24139e10002,251,267,825,614
5c6e6a339bb04c5ea939a670a60fd6d7,436,324,815,474
5c82302d33b54091b703ac1e159fc00c,551,298,834,688
5c8476ad61d742dc8ce5bfd0d123e758,314,373,701,571
5c849896471345359eb4c2a5088698b0,72,225,1203,578
5c87cf1cca2e407fb69cb4c050dcd752,570,483,823,597
5c8dcc4882df4c5889312c794d681299,705,520,458,389
5c9387069e274fd3889d7847c60b515e,201,292,474,513
5c9e8ee930664ac581c209994d6831d5,940,277,517,370
5ca7e3ac9d3c4bea9efcce81941faa81,445,295,954,595
5cabf3e68268472ca4a915a378c67e65,631,300,716,537
5cb265d9313c4bd1ae3619e55c81ad28,686,440,595,398
5ccf0841ab4844d589835f60e67ab2a0,802,419,1017,543
5cd18317b2ed4357a7e1ae978a335fb5,925,301,664,543
5ce7e15b3d254cb8945f9a9a03229f41,582,96,485,444
5cf195edc13d41ffac3cf7099f9e9d0e,0,400,399,411
5cf351cfaa914e5ebbf4c05bd6f52ab5,615,404,582,397
5cf79f1556a74c989f978098effc3f56,640,261,1161,658
5d149fa34f3742a2a51bb9ac82d9edb8,423,82,433,366
5d25ffbac1354b179aadc53c5638da12,325,288,1204,629
5d32da16a2d847399180e48cacfd1b98,705,392,645,464
5d3353ebf4a14446816af81439de0bff,188,9,505,374
5d4688181d9d46e7893b65b5a26cb99e,483,272,767,637
5d56ece3870b49138abb6415c7c41299,479,207,1409,634
5d63447ed6904ca7a700ae7cd28d3d6a,903,368,646,380
5d6c935dba684be2ac5d9ba77e43e2ed,653,372,574,453
5d729664ad8b4423a5c3dc888757b2c8,156,496,619,356
5d7504e919c04f29843ea03bc6a4021d,630,386,573,454
5d7ef7cc058448b089c64c800cc1d442,794,321,706,445
5d86e9c7adc449718d57c9c4f861e88e,1246,400,593,414
5d888e60a2274c7cbe5b9d141c1d0340,347,283,931,589
5d8ba63916cc4519a50090313574d0f2,737,351,508,471
5d8ea0b6761a4da38b012390c3ccc7d6,668,465,807,546
5d9012ebc38244f7b86b3d23203e2fb4,536,409,693,490
5d9370e7362848cf846b363b5a4b9d91,1267,176,652,730
5da9371771154a3f802917f806a410d0,485,66,675,604
5daa2b70705741558ebef517e49bae32,536,226,640,534
5dacf6a02e674434bc8014c466b8601d,288,436,858,570
5dae571a1076425cbeda98af09c7ec05,173,174,499,356
5db50abe6e0d4b439d74312bc3a379a0,825,272,744,502
5dc65306ea0c47a6ac9143e38178c7a2,1164,356,650,457
5ddf78fe914244f5a7e1c38391dba505,586,304,761,397
5de3a042e0e242938b3ef364b005dbcb,564,343,803,463
5e20a74c7db14275a3226e22b97b0869,348,295,711,552
5e350e745af14592bf2bdec317cea744,295,449,862,631
5e486ca08d92477a9d7d6601a3832ce6,847,430,512,516
5e4f98bd9b21453bb2c5450f9292eeee,1136,464,782,421
5e4fa847e5c74a8d84f68976e19a35cc,580,164,627,606
5e51414a296c4813911aa9736db8d5cc,1052,127,579,409
5e53e4d8f4af43e58a5efca3aa25977f,469,171,690,729
5e66a4c48d034de99f7d042665ccd45a,413,301,805,725
5e6b2727a7b5465298858172849b5791,589,234,555,425
5e78afdcf3ca4a95a710da9d1ddd35e9,704,404,668,534
5e7dc2adb57144b89d622282c16ea86c,1385,119,534,415
5e9350511d654872ba6bcc6aec03a65f,541,461,764,356
5e9435235a554606a984254a49a49e12,949,265,698,484
5e9a3988152c4aa49e0d5e8191201bca,659,76,1016,632
5e9af4c38ed04ee98e566eb0c6f2abfd,465,303,509,390
5ea16797bc474ff6b8f6cfc3d4ab4995,503,330,847,323
5eaa3dd2444d4eb3acfcb6a26f671b7a,646,323,557,581
5eb5679b4269485abe0f82dc69bc4ed2,619,406,642,574
5eb7218010154fd09a218a13e9cccfa1,1047,307,477,416
5ec75e4bd78c49d680254ac11f087cad,600,348,821,512
5ed8243938684955b4defcefa827a891,882,556,879,491
5edea368e47e47ada4673bb993eb2206,1080,68,664,509
5ee68a391e8c4a7994375afa5e725910,456,433,622,427
5eeb0fd0389048bc975c66ba53320bf0,68,179,899,449
5eefe12ae7ee449fae24179422630327,634,309,746,532
5ef3ef2c31834898acb317e1a7d4b058,583,559,583,350
5ef89ed51d604b18820563d7386df252,234,281,947,799
5ef9741867d6437bad5d525ba3105e89,411,440,495,410
5eff37939f434852a0e9ca2363f7562c,703,37,602,582
5f049c42e83f4fff918e01c9c8b2be3c,80,54,568,417
5f0590bdf5d543afb2e532f7e2e9af17,881,4,394,408
5f0ad3cb7c2d49f082bdd4d9678e84de,551,475,671,575
5f213bf40af44fa1b91c622a68378d1d,0,192,720,430
5f235239ae7b4af6801b068c5e3fa383,485,298,1415,637
5f36c703054c4a78b60c2d387da0b661,303,303,623,573
5f3ad5cec06549f68331314b514553c0,657,281,734,628
5f3b6f9b28e64a119ae53a6e274c20aa,153,46,691,521
5f41f61b7879412b896770bc03baf5f4,465,36,435,416
5f46394e7920462cb0f41f1fc5045845,734,40,771,664
5f537f665b544cc98b003a3190bbd150,573,439,567,465
5f564a4a82ee41bc8f7ba5da62f0998d,1197,371,544,426
5f6afe6a4f43434090b0823072180fab,1277,412,494,432
5f6f063cab6c4c5999508e16ef20151f,376,280,719,402
5f6f82974ace4740ab8e85ca1eef61a5,504,60,859,771
5f756a821bd3446e8d721209b7dba0fe,570,491,855,499
5f75e82c2fd24c14a9e3e666f49e73e1,792,441,1096,517
5f78945f13cb48d48c9c0c8e211fc90d,1123,151,465,401
5f8db1728da8415f90a51f619930f395,1136,264,553,417
5f9197f5afe942de964af7fd5182b911,648,167,611,489
5f991434149549958bfb8235e2adc523,635,308,745,535
5fa558fc11624ab4a1db5c02136072c2,936,132,641,410
5fa6e283d639453aac3c100725918b76,84,195,699,580
5fa73ce98c48415bbdd0dcd58a6439be,729,228,614,510
5fabd58624814b86ac36635e7c5368b9,628,177,1067,687
5fb938d7aa7947578e7d1b4b63f2433c,661,427,521,373
5fbf9da58b3c437797b5a54ad8800daf,439,318,742,508
5fd103c1ab63423499d0a567c457033c,304,343,870,389
5fdffab52042416495f06f58334bb8c8,726,346,682,530
5fe494748b2646f5981b11bc48e98e8c,660,319,938,566
5ffc2a5cf7a546e3b5b41a040cfdb2b9,937,462,739,347
600725cc19aa47c8a0ed01cbcaf8508f,1149,183,723,436
60127ff01a1f44e48865cf09ba7caa7b,1046,250,510,344
601b528edd0c4117997c5c5ef55ea885,12,436,566,464
602585d1554f471fba51aa61e84c70ed,446,302,513,528
6025b377f2614dd9bd22aeb6c21b9d13,135,448,607,417
6025e9d55ca94b5daaff6f3bcba7bc40,788,421,567,423
6026fec3e118451294fdaefedefe8bf1,619,230,487,445
602fc2ae757f49ada2a1f08e5e1ef03d,961,169,767,646
6031b46d3aae444cb13d7039b64233d1,542,330,560,476
6039a16e9b4d48f292237f7009bbfd22,420,201,566,343
603e11cb9bb74f6a8da38b2c2be55302,716,372,816,636
604206104cc24e5a8148803c110ae446,750,356,717,463
6045603bcbcc4f77a7fd280b5756754e,1177,273,526,363
6052ccf5c7174d44acffd8fb114ef34d,499,367,519,474
6052f476da6946919a60ab23216976ba,512,326,1232,602
605f69da48a54e36b8e4270e0aed1e24,250,392,1064,513
606bf5d94a244c7f95131f1f92dcd1a7,900,251,738,527
6078dfd220fc4f1383dea11cd9119fdd,205,103,1051,672
6082332dc0c542b78f85205b3ea8c9dd,716,0,504,296
6084ed10996848f8b0b8551fb17459ab,739,35,998,696
608ad2f895774fe48bc3fd398e3beb5c,402,290,934,616
608cb59380114f819e6df30404ed50f1,60,124,1099,699
60a0de1ee6d54401bc60cba4147cf897,593,475,599,437
60abdce6d72e495e91d50fb6d6a65141,505,337,645,485
60bf78bb42814826b439714ad1db2636,772,0,361,375
60c1251d35d949fc9c5e54226c281197,1,524,682,556
60dc74cdeb67417aaa4f08ae7fe449d6,889,345,714,497
60e8f74bf9f34eca9a34f43ebf2d6e29,868,385,777,492
60eb1d68dd20402397fb9f3bef3f8ea0,493,484,744,596
60ef7df5a0c7408f97816100eb3f711f,1533,126,386,373
61003b5ea3e44f0e931884dba9e89905,150,415,492,451
610eda80939e46aa88f1e872b1ee6272,418,167,454,361
6110be7fff5e4d6487024d05eee01cbe,350,100,439,424
6117b0ff90cc41e2adfc6a080b76ce1f,803,446,590,420
6125ca0dd60445c5b9a0463d3fa8878e,1294,283,479,487
612e78f3417441f099740ff93ea29f72,1275,466,544,371
613527a36656490e9cd8b5402a7526cd,442,395,447,340
613e99171f5d43a2be99836459dde805,730,0,557,524
61519c8ee8e5468885a0d25453ff08b6,642,479,523,416
615676b020a64fd0bf8ed64fcc79c6c4,462,326,999,541
61641d2217124b94814625c4e0686d5e,638,448,780,545
6164c40618b642889fa1aee3d9b2ab18,642,412,673,441
6164de44fe634f41930c5944f25798fc,312,191,875,889
616c9c87a4b2432ba449aac95b00f68e,1091,339,426,441
616f535d978341ae8759b5cf6a91bbdb,298,366,610,509
61710227a4ca4a509acd967b980a0d4c,716,462,441,405
6171986b4aa24f24a83bfc046a952033,1344,350,575,563
617cc1b691dd4789a60d1e8d4adbe9ae,673,448,595,533
617d468e9b854d6085ca6c2e3522c2f3,156,352,816,422
61a018501fe343c698c2bc52c9bc6e2b,1106,149,813,437
61afa52b57eb40aea2bb67bd87939be5,394,298,552,425
61b241450d134d0e935327acaf7434ae,326,408,997,513
61d260752f724f50b8ac73645d821c3a,494,58,519,622
61e63ea5622b49168a66267abbd94511,1304,282,489,463
61f01969a86f4dc28382a5b2925978bb,197,83,609,499
61f0b76480684f7aa9d5709a097d07a2,322,380,701,535
6202ed87e0fa4948917a86f62fd9c8ac,307,338,682,581
6208273eef8048fba08f13db4000fe70,381,324,627,412
620a16500a1a4bd196864a0927b64ea2,278,363,609,363
620b5fc663d94471a90581c327780f94,226,175,937,642
620f0d06a77645a9bd3fa2a702ce8311,783,478,571,433
6229180db56544858609ed7eec3b3989,753,0,560,552
623f387f77304b3c83c4a06bd2b667b1,525,308,1090,752
623fe9c000d348a89879395c0f819e8c,1136,189,642,438
62440ea278c44701a2648b1e5dce18e9,307,359,926,634
6245132e13a34a1791c3815b7776e0cf,1333,216,584,550
6249c449ae5b42c196ff1a92657bd350,663,323,613,636
6278a2eb71e14643a0c9a6feab15ac17,889,334,674,393
627ae904c4cc48a8b490352f214e7325,392,289,938,610
62de0c73dff240a79d3599af93a130b3,462,352,787,604
62de15e037654307b242628f876a8ac6,367,57,521,490
62e4c46453d44df39484214b1dcc3adf,886,224,739,539
62f6c47800e14b68bc0189e8cb73221c,14,189,1151,571
62fd639860f646b2999613088501594a,406,316,613,392
62fdb5ec18f54076a0e1ad4c05d0a664,640,194,385,424
630209a8c1b14dd09c0cc329b24b764a,1324,0,518,468
6307d88be3d94c91bf12984a9cfd9ce0,656,307,522,491
6312ab22f36841a9985cf41a67179a69,566,0,878,665
631c78824c02420a813a50375bf4fa48,720,47,453,550
633572632dff4e188c83b327a5c36db6,598,189,644,566
6336a721628d449fbbd2d12dbe75df54,1259,380,502,455
633923bb46fd4fea963f8d91c3ea1409,591,546,672,499
635734b5caa94da28e3ce66a5baf9904,704,70,729,619
635dce00edd942ecb5c18d0c0080c4c6,1122,579,605,459
6362a50d1987496ab65626c6b14e8ca9,653,398,658,476
636eebac1f4f4c0583c396c7ccb67100,637,114,681,645
6373073c60f04a9c85cc3892c3be2fb5,580,385,769,519
6381f56518584dceb8c004a9d9f0c7c4,619,274,853,477
63847fc2f24a4e51a42090f928132439,652,288,837,502
6385a563eb40443892881c7071021cd7,1024,171,766,694
6386efc84c7143a3ad05690e82bfeda4,558,171,757,645
6394c5b6fb4749d285faf3d8a8b6d6b4,610,494,623,493
6399ebe41f1949ecaea14c03dc0b074d,770,190,270,257
639d396c1c584671a79eec69f735bf8e,401,382,442,383
63a0eb8f0c8e464a8aae0f288bc4670b,290,511,864,387
63a9c4c655ea428b9678c8aa9e950a55,639,285,1172,648
63af7c89d59944d7a40c579d0967df24,564,427,932,511
63b03f9bf1f9437f9e91443cd9e70064,867,272,867,436
63b0dcfa5c0c4e3681c4ee2966645107,192,31,784,738
63b6bac7908d4672ace5c9100067ce0a,797,492,441,366
63c82e659fc047218ee4fdfbcaa0c0ec,807,300,1018,617
63c8a53921a34baa959ab88ba1a4f814,235,273,614,430
63cafe8f6d1448b7bdf96f93b2615950,0,466,754,522
63ead8a404c94b139d0a8f32c516e6c8,122,369,781,431
63f0ca70f7364582bbc9838e30188512,11,205,768,485
63fdba5f942645e0989cb791de612f47,1136,213,573,372
641f3b88a9794cd597abaf01a7af1c80,746,1,483,547
643942b3d7144cfa997ebd29ca7cb410,757,261,614,501
64395ea6cd34429c9c86a1409789eb0e,786,446,1100,516
644021f4d7414a32bdb5c15171f3505b,785,70,449,554
644164bd66e444ebb77c3b11301c1db3,759,0,387,328
6452e2d962fa4e6d8a5724c0a0121e72,1033,482,787,345
64585b1246ad411b994bb8d8f2deeadc,756,467,419,353
6458a7a4809f4430af30db5b4300838b,892,62,258,180
646d6fa87b7b4069b4407fbbd322301e,485,311,687,472
6470c8188bb04bdfb445035926b9bef0,779,569,465,401
647956c8e07f4e50bfc3a1b15e844cc7,565,416,668,452
647a936e8bf54b6cb1ab96dedc361259,1244,153,675,431
64814e639164477383ef8305dd42bdfc,630,257,636,540
64826cbcf7df48e9bc734f1c7e109a28,539,300,774,489
64986628cbb241668ac6734a37f4e8b0,834,366,663,563
6498797458c244e48c3fb15675701b15,649,121,748,695
649f6c21909f41e8afde06370e46701e,650,308,510,582
64a7269b6ccf4d8d917a5ac50e756449,897,220,772,522
64a9bec33f0e4b21b1f9a0c8f8504741,80,455,597,417
64aa37c3fe8f4f66a2cf3b2e34231e32,562,289,903,547
64b04e9d34434dfa8c33999e60a972e0,232,218,610,437
64bff71766694127b00f7e98a0e4d7c5,566,478,661,490
64c24c07f5b04e16ae505bb6281e0529,106,167,760,497
64c2efc01db04247b3ce5bf7b9a7f633,1350,390,486,297
64c63c973e6047ba85ff167f3c70cab0,624,333,849,639
64d14f52a6924c8c8f25bc7fa5185c77,630,150,749,787
64d55dcb3c7449119e74642f176292b8,43,449,542,466
64e28ff7ff37463eaee2699b99577d64,210,127,637,560
64f7531e9de2462ca3e1e599d04d59cf,597,414,654,500
64f7aee2fc3e49f5a1259847e2379a36,801,202,311,265
650040b7972947a6b90c3166ec47bc48,1309,237,445,336
65150477755e40a2b160a0fe4a6865e8,589,357,546,503
651d2bc1cdfd40de80966295ff90ad4a,560,278,1179,765
6547f49b11ed42209a994aba406636b9,396,302,606,394
654de7ff283c4c1e85b43b64367df1e3,1019,366,466,372
65a73820e01c45b19683ee76f94216b3,632,117,686,644
65b24ba1f81b431ebd2197a398bb7406,67,394,602,514
65b3a9c5242644b991c400a6ed258b42,612,346,762,530
65b7a74b0bce493aa30297ae76d948c9,401,478,638,432
65e416487c9d4c00b0942793aed72fd9,363,305,858,632
65f29c1c7a3b4d809616e79656dd976d,129,555,616,354
660b9a2e8a2444b0a2e5457eebab7984,560,410,660,447
661b53d4995743928c127df8e59e4839,227,285,961,635
6621f60861864c40a48086a71c40e152,399,316,726,505
6628305f060e4397bed3e2bd0be907d5,307,343,635,528
66317b5c5be9486c8e153e7d9dbfc593,630,414,558,581
663f1a16c90448e38c4db40ff1e319a5,154,301,982,653
66445f56f77d4b21a8fd08d3bc1d5479,554,108,706,649
664dcc614f3543c09b663474aa5c1884,282,377,990,703
66522fbcd3324433abb0adcab3ccb072,79,312,638,389
6653a06e4736470a9166da889f619661,520,200,762,710
66727631f32b4e9d80e7a0b8ddc6f5fd,653,307,644,502
6676046cdd7d4d389cef9950d917ef0d,0,282,450,442
66764039cef04ad7b8f2207b8a00026e,418,487,463,349
66790e80d7e141549ecf2efa76ade349,715,280,734,447
6680803ff4cd4749b9398ff0ddd46f72,356,147,929,787
668196e6c915430fbfde3f0e1ee003cb,768,135,548,689
66a3713872ce419badf41c1c3129da77,229,283,951,797
66a4b101713e4dafb9d57f44e5af864e,720,301,725,503
66a77104aba7483e9d5d090b7f1ad584,423,34,496,519
66ad79d5920b46739f55a86005790ef0,487,316,531,383
66ae0c26d89d4792b6dac771ff733f1e,718,420,512,567
66af634ac43e468894416014f9eefbfd,586,508,1065,571
66b0aa3d23284fbf9f3897f71a5b45ae,337,425,596,412
66b164f2ee734baf98feb5546a913505,846,0,424,312
66c2d53f44aa47dda68b91efbc9b8a22,678,205,439,331
66c6c5d4767a4697b5e93a3400c1fd34,429,531,658,546
66d991e62d224810aa614351662aa0cd,292,409,1005,671
66dad95f80014ab9ac28ef7374b0cd3a,818,432,615,481
66ddc1b5ce1549f59831279e04218924,222,295,610,359
66f128a957eb4e1a8c9800bcb1c4b397,122,172,562,415
66f4ed4787ab4998a8705a57bcbba8a8,884,412,784,382
6708e4d73af94d4facfe76139e426ca6,1238,418,581,406
6710b862f1db44d5bf5b3cdc37365c90,733,433,623,453
671cddc19dc546648ce8b12634ba6d52,84,333,1055,689
67272d85df504864b8c627da93b8d822,1086,285,453,321
672f74a046ae4f338f13ccac14c2bb1b,752,395,593,398
6732c1735d054905bb2fe07272a7bfa4,1043,115,792,531
673385df200240a692b1f2e73c70a381,480,558,751,405
67414f01cf87451b98a4b0ca5064c4d6,663,303,632,563
67442c0552704f92b536f1acd6ea3426,623,485,798,595
6753429fea5f4148ab49a4204fedfd03,0,409,768,392
675374e75be84d1aa73c3930966454fb,951,528,730,468
6763ab606a104e9dba112cb5d8080df7,525,216,478,462
676c67ccd48e48a5ada90282c55512cc,693,11,625,606
676f7365eac64582b6c8a3d94c68c9dd,196,555,636,323
677e8b7261114fa288cc350da33dd0e3,659,327,626,591
67819dcdec6d4a83938eb165bea02cd0,510,270,488,404
67a83a79478d4880854f98e64b6279d9,557,319,834,621
67a9254a72f14eb39a593c1dd410b612,329,383,554,346
67aab4d0862745cc85693990ea4c860d,760,164,405,491
67b6ba36a5ff45ce8659394d052e03e2,671,366,557,516
67bae3d4670640628d6a35947b45b099,399,394,858,686
67c6766137d748dda80b93b1880effa7,597,348,824,525
67d04391afdb4983bd19c833e64bb668,650,235,531,648
67d655460a72478aa13668581d59b7f3,1010,168,627,434
67e771313a6e458dbd706e8ff2063894,608,269,484,448
6800fb4be297494b82424c0e818e8afc,403,285,615,429
680cdc2ed3dd4f739c663272936e47e4,744,428,612,468
681bacd33fb8473dbc4facd194bdc80d,546,89,549,414
681cb37301da4297a09a96b466a33430,109,367,661,429
682729001d444261960e099872ebb9b4,62,230,789,480
6833b87ac592429f9b019bc03e5cbaaa,380,243,886,813
6833d914f5cf464eb9986c603b23194c,1262,411,604,407
684063f822df40958ad422773a97e9f3,720,396,779,476
6841f7f5241940cfaf8f8f801d4e2b5c,94,110,425,277
6844afc55397436b8182d420b5507a2a,600,374,817,540
68453e63eb094a9eaca36e772558510e,755,444,677,467
684a55dcfe9c449f8564d48e5daf2f33,40,582,623,383
684ac61449314f84b3e9ccf147f6b1bc,778,372,494,432
684c3bdf95924e07b39843716582c033,697,272,656,504
684ee82d82084416ae41f120b1db4e77,512,258,623,589
6856092d227941509e7d83fc3b17b2db,1073,406,652,367
6856c756fb884e76bd223902d0e7eeec,987,541,932,538
68659dc6f6ad46ddaebb6c8cae7cfa6b,465,181,452,357
686a4c081d414dee9905400ae4cf3a95,1020,380,466,366
686f3767556d4a609e5aa232c17f5860,695,608,728,471
6871099738704c91ae84f1ce8a91e369,770,528,560,433
68796e16d10245a6bfb69e0f2fdabe5b,882,4,400,406
6885af571a9842b19f1a6b4e9432a4ee,611,473,616,424
6885d693a70242cbb179772b680a0039,772,231,750,495
68903bc2e5084cb1ba68e09e3203eb97,1258,367,659,496
6899ec5c96364464b5c3fb281112032f,635,370,526,432
68a5545c9b3c4e0fbc04a5375c03b5fe,80,179,698,733
68b042ea22894391abcf6876c2580042,598,352,484,483
68be0a56d41944e6bf382aa84b38be22,648,167,612,489
68c16be76a214e5a8ae4e56b67f1a2ea,191,93,914,698
68d65a559e9c40868445acd88ea1deaf,654,368,509,453
68d80249e29d471ba7bcf43459a12842,292,141,769,579
68df0cdb42c44386927d1ab20f02d81b,12,525,837,419
68e93748163b4c83bd442f8b30acaf21,201,380,476,367
68eb1880caa546a5abf3110035ebff5d,590,97,1083,692
68f1dc386f5f41b8b6fac18ff9808666,1020,327,654,425
68f397aaafbb412baaa07f42f5cdc0c3,468,455,592,426
69056714e8ea45f79bd84fe58f580117,190,107,800,547
690f69046708429ba88d181b81dfa546,160,27,811,602
691342b4dd14455ea0b95b2fc811ceba,1065,433,748,429
691621a51c924c52ad4f151cc19ad5ae,701,276,756,516
69187d1da1d24368b5b8d52fc73db59d,1190,372,552,426
6918ce9cd29d46a5a2de033c95dc8413,689,435,702,474
69228619e55b47e899932e81e78b9367,277,232,584,502
693f5f98cfe3479fad83ccd690f588b9,996,159,648,415
696338b4dd4c4b43abcef7447264cf61,578,193,900,653
697c1cc2f1eb4885aafb19378901c6c5,349,410,979,670
697d7f3c8f0f4677929e67f0a807a61c,63,373,886,526
6989821a0e00446f823b508b915325cd,898,0,511,236
69952319b54c4e3cb17fe9d7420939f5,523,413,472,472
699a7c9e79e04c31855b1f5d3031c1f5,628,324,990,562
699e13d9a3f84d34a09edb302a900a37,1195,262,724,513
69b952becc544233a68a9f5570668fb6,771,420,784,436
69bab896511c4301b8c10cdee85d15d3,627,216,621,730
69c42daa6ca14140a411d31f73b3be02,85,219,1181,581
69d255edd1dd44ebba2b8bd7a7619e10,1262,404,610,451
69d5f48e75124172b16a3f5aa1e19ca0,784,72,449,555
69e9a17b494b48aa85ed4b9aac347e7c,1176,86,694,531
69ebb268dc19465b9ede9806ed0051c3,718,395,775,445
6a05d893d4f546059d51e797645eae84,651,282,497,494
6a1d4be4bd514bd9aa329e9950045c41,883,100,466,480
6a293e9010404019b885179a3a73472f,740,304,623,638
6a35d140d5b3443082983ddb92385946,1154,780,765,300
6a3858f6e495430c8c70c7bee34a2454,13,199,766,493
6a38f391972642bfabd41c2fa039c452,595,345,719,544
6a3da5bde7ad4564ab04bfdfc9e011cb,406,341,489,433
6a4c1a1f962f4f56bf5757a0390d37a2,1441,421,469,410
6a510e408be54fbb8e3eddb41acee418,649,342,1269,599
6a57496316494a85a7e040a316a8db4c,1312,178,504,536
6a6b0f2e43814e918a0dc95d8a68fda4,1167,230,530,367
6a7a3763560843d5a2b8bb086ff81efa,337,302,796,723
6a8165a69fba4d35ade9ad8ed1fb0a10,1284,457,460,425
6a87e54e5b0e4d12a2be8554507b2be5,771,382,988,530
6a8c884fbd3249229b253efa60f97bcc,637,438,983,642
6a8f8af4691a4492960091c510102476,78,669,911,411
6aa6a5ffb7174f07ad4b2693442a98a0,656,473,592,405
6aa766d423e24c0a98c7c72a67ed7d70,642,324,555,579
6ab2a5e6467c47a3b224530e21a5e17d,1189,249,547,498
6ab3b5f144ea43679eedcac8182b336a,0,223,370,417
6ac6b312bba6439b8d169fa0a5f147e4,218,391,977,689
6ac8ac61aed84e4ba97a9a773b2b588b,680,266,876,543
6ad2ca15cd104910b3d4f087c0ef4c0f,275,297,420,346
6ad565af90ce47f79e5e19a3b691cdc0,42,280,513,458
6ad8ab44029548748f26b28fe970681d,284,375,764,381
6add03aa0370406687b41a38b4bbbb0e,989,497,929,582
6ae675e25e06437092a316d78eb12f63,1197,358,675,454
6af31bb65d704ecbab64daced0608403,238,584,938,496
6afb0888d091408da4c4c2f7389dbfae,575,465,872,599
6b17f6640d704db9bb3c4ba6a186ed73,740,434,860,646
6b2056a09c3e43f097300b09a16e13cf,909,462,917,497
6b271afbd06b4d2c899815c862b552ff,35,492,621,399
6b2aa378d6074e82ab35cd6c1e7148ab,36,160,527,355
6b4cb2406ce74f808723cfff67cb5ff1,725,326,700,534
6b5942a2ade04cbbb68cd5905e6c0742,1,561,1112,519
6b6282bd84ae4a7a99add11800812337,303,370,1001,604
6b6897d96f914ff996bb2fe13ffca2ad,262,414,527,452
6b792af4e4a24354a1c5512357a2d2de,1284,136,634,609
6b95c9c8fd354c3fb75db759b4f0fd46,491,335,652,534
6b9b6ca6105342699ef0c88d3817bb99,85,241,724,457
6ba2d42243034469a9e4d703130dd861,718,62,635,556
6bb796a0361f4949bf9fee8fb646fb8c,578,477,570,424
6bd0ca46f9334ef5a3a1fbe01c797af0,1042,496,325,370
6bddb085b250405986a89a4b92bf8d8f,113,241,472,477
6be41f7eea8f46bdaebb948fdca06103,542,263,830,554
6be74ea8ca3c46f68a9067ff1d2fe02f,675,371,661,488
6c0fa2da477842b3851e0f616da4b741,444,320,508,390
6c2ed7c4919f45e39e7d6c32c1a1b860,8,282,638,406
6c3241a9206b4bbeac3f7a5341575f03,177,768,1743,312
6c325bd14ddd46e9aec03acf0755eaa9,0,79,1052,673
6c3395385d064f4ba64c931500a11d32,371,179,840,570
6c375a0b10b84724ba1915c6b06b3887,884,0,529,409
6c533ee93f7647db913ad7d68f2aeafa,115,117,782,542
6c56ac4e773e4ca5a3f0c79eaebf9a01,891,218,557,589
6c581e1b6f1140f1a516b4267ad905ed,652,170,576,548
6c68761d291d47edb10595723cc1e8bc,390,120,887,758
6c6dcabc71ec40cfad78ce8384d367c0,341,369,635,446
6c78bc024a4f48939f346c67f8253b62,0,323,1158,757
6c83d890c4d64c3aafba0d100b93510b,509,312,710,525
6c8687b0efca4b01a63ac04fde53e9d3,544,624,671,348
6c884d418d0c47d88e4f1e65a17b6482,291,178,868,624
6c915f0f93f54b5abfba00ae5dedfe98,1147,572,673,481
6cb5dc5deea1461c99bfc9f68d50ac18,601,386,674,456
6cc2407da6ae4380b8167b8d952ace36,877,433,833,492
6cc3abec83db4da8ac59d6a285009a2a,763,254,916,464
6cc7049513304bbeaacf9e368d82ca6e,182,187,803,500
6cd5edb359a84be3b69a15bd14e1a4bf,1010,406,496,348
6cd709736e9541ec9d89d510b816d9fe,61,434,577,432
6cd96773cb214cf6b96df4b1b2414a75,472,199,924,660
6cde4ff229c04fd69b79cc6ceb28b98d,1009,9,825,609
6ce0587d639d467ea028c7192762ee76,459,539,516,408
6cf26ffdea184ba486454d78744f5d1f,765,301,589,601
6cf593e7c60c4090bb9aa60c5a336a16,480,452,731,509
6cf87941d7ac4940868b6617ee88eee2,549,330,578,523
6cfc225dfeab49a297f46b1d4594f546,429,405,526,443
6cfe6f1c49aa4773b378276e7bda4614,633,412,986,667
6d0ab45526ae46ee96bf7c844df6de71,341,395,591,452
6d135bb4cdf54106b9986aaf52791003,1044,360,519,472
6d2d76b1d0ff4d1d8b41296902940ed6,673,535,479,374
6d310939d98947a3bd1019c12c60ccff,429,439,502,393
6d320a22dd1346f4afb9df7ecce74c81,498,342,785,669
6d3d0fc9cb254b5da58855b56f9399c4,908,271,761,642
6d457178d8be4061a48b43fc64e588ff,1213,305,589,478
6d4c2e0c0ea64681905dbfa96fee5cf4,492,529,657,338
6d536e2411ba46b3b8106d5c4d0c4bcd,43,59,1508,800
6d73395e831b47a885f6ccd0ed5ea877,689,308,801,547
6d73c197f8cc4bc2a9f73509f912aca0,0,236,617,370
6d7ae1f788df4147952e8d43c30cbc2a,1646,486,273,341
6d7c3fddb3414d959a78d7fa72dd2e1c,1046,250,510,346
6d7fe0e889124da289749ced8d9ad980,712,395,608,440
6d813a171e564ec4a47e9e034c95846e,677,304,623,546
6d8432f1de9d4c6dba6bb072de96cce8,947,200,538,376
6d87f1485ed74c3aad324d8066e3637b,929,410,627,512
6d89d35573d541c7b539e4f25234ec37,55,260,773,398
6d8df547200c432494928ace97383a9a,1067,278,570,422
6d8fa09ca92a4bae8c0915d483c59eff,464,83,680,589
6da92744a6e24bb19cf1b3bb37a83f6e,655,419,610,465
6db4a59fb71d40dc9e801f382817dc28,972,241,573,522
6dbd44fffa0c406ab4bf27126f457516,245,319,1043,533
6ddc48ca3955476190b1c51614ae76ed,1283,458,460,424
6dddda3db42e4b5980bcbfd60706f06f,508,311,711,526
6de25f052c3f43e2a6bc0a3383554e56,437,322,778,543
6deade69c5044029bda22a19e6ebac7f,214,289,880,673
6df089c9c452457d97b3ecbd8b380d16,836,240,403,359
6e019566dded4098ad6ddac0495ea9a3,140,383,729,427
6e0a140dde544087bafdf563f7e1c94e,69,229,898,451
6e0bb1fb27044202ae8ed8a2d7037d03,476,515,528,413
6e154d0b86004c8a8a28026fdfcebfcf,366,279,1328,662
6e19a9ff6c5c4daabea18f29c9b9c3e6,428,433,946,488
6e1f0a1e33f74d87936b6ffe5721d4e2,897,170,624,572
6e255b603503408b9764a5a987170044,832,0,508,395
6e2583ee4580488393b43e6901d91514,123,310,745,373
6e3c8cbebff541338b2657c974d95b05,1020,126,661,503
6e4f5f87a1fe4b55b0656a2630e9b9b4,698,477,625,474
6e5807a796424b698bfd614127941c83,408,0,1001,843
6e5e56cf1a6145369f559bfeca38b0c1,655,107,978,648
6e64314aebc841fcb7ebe3c29f36dbac,553,408,738,672
6e6ba685124946c9b981099f57841e54,69,179,901,449
6e6cf2189f2049458f2efde932952254,346,256,1058,679
6e8c60a823af47e7a94aa8b6d3fef91e,432,0,904,803
6e8f4eb26c634eefa14cb6999147acc1,1191,459,409,336
6e936b41389147c88f484bc58a982b8a,487,240,674,453
6e995d938d2c4cddbcc021c57c6bb817,1146,38,705,536
6e9b261d174a43f6b13121eaa4bbf344,528,583,592,366
6ea49ce2f39a4de59347f934409fa6f7,185,514,1051,566
6ea74416114547ff9a7a6dbff54ffe87,1127,261,526,407
6eaf8cc994b0444eb6019f8cf9ec4c28,653,435,569,540
6eb2317535214f15b8b6a6b76db681d7,306,211,403,466
6ecc4d9a0bb543de9375f45e566efb9c,726,161,432,389
6ed10f317e254aa88b7c5b3cce798db9,770,265,1149,636
6eddd7c5f67d45e2bed3d9cf25ba2793,1,533,632,392
6ee0d1473f314651a6c43118d16fb3de,1150,400,510,319
6eee0265bff34dd69c18bc229a4e30ca,971,144,865,512
6efdf99da86246e6bf15e63b8c8ccf0a,210,326,580,517
6f00c847b6944049b947a0987c4ff02b,112,130,551,385
6f06e60e917442ecb8a6ba3135f55fbf,547,260,512,443
6f0ab3990b204af9b25f4b03059d268a,258,338,702,511
6f0b95397fa043e6a33d2263a6ee8834,1010,266,767,609
6f137762935b441cb130c15ddab26f83,751,371,544,351
6f15adb3e45b405bbcd5aad00e54229a,498,333,648,380
6f281f88fb954702a4a999de49e6748a,671,245,667,521
6f3273413d994a79bc08a419e73befa4,40,312,773,487
6f45bb2ce86847d6b9bd4175d0e1304d,795,251,707,562
6f46dde27e5447599a07632b34a3be53,348,260,1260,676
6f530f31e9b84ea3b1e64bc08dcfa8ff,806,479,666,479
6f65b8af29d145d2be4a343b207176de,584,277,744,789
6f6e1232f93043eaa2e8e03c3aae834e,818,316,958,631
6f75676653044a78bce884447cac26c2,454,236,528,478
6f75b22f32c54f0abb778eb55c253717,130,337,808,450
6fa230afd3544c2da2dd33799489cc48,1106,263,795,674
6fa3963b3ff04c329fa536e9575cc48c,539,385,725,472
6faae60abd4c4d27841d6dc16af81aaf,712,417,684,403
6fc028b7047f498dabe537215ad96820,658,467,613,544
6fc4448428ff4f9fb4a057ef93e0042b,0,110,569,520
6fc6ab8b18934e85b13b63c53fc86b92,753,364,478,374
6fcb0b798dfd43bdad0e3e567f6d00c9,702,374,653,446
6fd1daa2e72141dd8ed66580187cf73f,467,437,633,521
6fe1ea9db9234167bfd3ee48f6ec9402,499,348,828,479
6fe521f23cb942de947c8634ec8d7bfe,413,226,888,642
70034bb28f314dfd8bceee548e535325,796,378,521,330
700773298d094534a097ef1652fbed6c,297,360,581,530
7010671428dc4cdda362c8233ab209fd,425,165,883,885
7014bcfc543c4b059069d6d14c5f5ee5,609,310,872,528
7021aaac4a5742aa90f6188c48f33650,934,12,984,689
70362cd4df7a4e34879c312c900e43b8,690,0,540,466
70579c0bbb7e4574bb378e423ec3ebc3,712,608,960,472
706125be22834bb4af3253b21c33a51e,395,230,871,815
7066c4f0bb67482cbe6d6dc053d6c821,685,1,431,385
70776ff2bec74a738ebd3c6a6a57fc19,511,108,826,712
70a2123772304e68943edd720ca47737,1235,427,665,383
70a547ecdab5408baf688064c191418a,367,343,889,565
70bb366c124f440f8e03a29b726b7818,131,16,966,707
70bb79362d1942148a5dfdc80e00ee6f,115,443,651,375
70d5c8cdd3f049a8921b1897108b9303,1114,77,725,524
7115790144ca4bcaa0e1ae0ca9f94b7d,726,379,671,629
711d8e0994664c9ab915a122e381f791,608,445,688,447
71220ac971dc4b12b5c9c9f4ea9e2d7c,112,240,471,481
712d062389254052ba45495f3ecd37c8,744,306,1084,657
7130c7a62bd34fd2a46dd0ac833dd9bf,1308,369,611,387
7133a5b4620347689012d43c9c56eb42,124,465,950,615
7134a39bedbd44b5935c533cd2921e91,717,234,494,433
71361c1b7bac4399a6b4cfed619a1662,402,445,632,450
714b4449e36841b48f94bbcab1d410a3,993,105,830,570
714d0ec5fa5c4c54b34dc3ca8ae80868,6,156,926,534
7155ce36a1c24769be69f858c0a8dfed,671,555,572,441
715a923b43734537b14cb01a461cd27d,134,346,615,324
715d426f883e42409e42f5dfcf8fe259,766,420,1024,658
716638172f6c49d38fd17c9244d13ad6,624,312,1107,514
7180d0a8b5b443dfb7a40722fd9bb594,659,269,487,407
71849c779f5f4e0c81fc0a200dadcde4,757,421,664,401
7186166b47c844e8b1c1199cfedfc82d,195,417,598,404
7188be8b49fc47039796c7fdda7a9f36,1296,383,513,479
718b4c80e67c40c0bf37d54053636f0e,952,241,872,620
719bdb10f38240b191bd27bb64796311,783,299,576,548
71bd486c2b45487a95e9c84025c719c0,843,195,796,630
71c3e53927ae41f3953bf98f5463e00c,377,293,981,691
71c85649fcab47c1a1951391474368fd,801,479,477,432
71cdf0bcea7d4dddab7512bbe1755b9d,781,565,764,515
71ce970ba6b146a3ac39eb1d6f64fe39,510,320,512,354
71e0958864f24e1c95347bbb564169c9,741,52,460,541
71f230477cdf407999e0ef550b3a136f,1033,133,739,458
71fcf69352414f28b1319d97e4adbcde,230,347,662,432
7203728a5d1046b58ab33c05b8d52645,386,561,722,446
72039cdc9e224e95a644ff3b9d703a64,744,0,362,303
721c33c34eaf415ca3b4813ac884e09b,670,243,666,527
721ec3c795ed4a01b153789021cc2e0d,719,351,835,545
72205a36100548dda3f4521efec9002b,555,194,1094,792
722dc9e5cb0c43ae90766e0496948bb8,928,487,764,433
7233ca0e42c34e6880c4ca5f992795fa,646,416,665,435
727147edf265474585a1e92d1fd6166f,617,408,562,536
72758f97eb0f4a24a293f95527867d5c,557,297,752,589
7277425f6c8741a6b067b6749cc87756,806,0,385,449
727c6f11fa604ce2b045bd63a53b5962,406,233,691,567
727e8b7901df4c84b4f72b787b0b163f,666,290,1253,732
7294a4bdac5d46378e2e781259adb5c2,42,234,665,436
72a3b20f48bd4353b9b88dc3fd78eb86,49,290,693,534
72ab867b1ff8458fa2df395443e14163,559,321,1273,569
72b4e8f5905a47ff984409d788324ea1,538,359,786,442
72c5dba9c6bb4ad5a7f35ff13cbc5659,188,465,485,406
72f342eeda8b457692e051074264e273,354,287,720,399
72fa81fa96104323a15fb17c172bcf8d,259,320,705,409
731cd0ad790a400b8b423d02d87448f0,0,189,720,432
731e95530d334d8ba6fc16ba579d9379,621,508,659,497
732c815b630f4bb2bbcf27558e153362,246,50,1447,739
73344a38c02c4b38bcc00edeb2e9e848,176,212,817,554
733e27f19db94e0085cb9eba00213027,565,349,803,458
7341027951614dd988c902cd11c89d27,637,515,658,565
734d77c711414df19b27de7a81627789,301,348,622,501
73542e208c5d45b484fb626426cbcb22,712,44,372,198
735865fda883408cbf1b2803060b4ee8,490,388,628,401
735ba650c327433aa768a39c8fca43b4,1060,468,849,464
7386906764da44f88db3329bc411100b,461,2,527,435
738fdbd640394743aaa9f4fe3e6b1f73,280,142,753,774
739773d9b92b4418ad81a939f759dbf6,274,478,619,399
73bebdf31567411aa8b2ad5a9ac2ec1e,940,157,398,368
73c875f66293472d9bd356951145388a,206,443,466,408
73de3cb3fed94821b8ef950d035c7560,479,371,705,457
73f36c7495a24dde806145e907e5f207,733,416,636,565
740e7a90b9634c178af4c81b5e958be3,613,255,650,482
7412459f09fc4d0284ffa5bc7895107a,415,493,602,419
7413198f11e34533838d32e7504d2ade,909,143,712,509
741cef9f2a9b49f686a6581832de15d3,328,573,622,414
741da5d0d83c490db0ae2d90354204c6,267,268,1026,688
741dc639db224d6795f5ec9cf403628e,629,178,978,650
7424f0d428744d83bb72de3f92e2e14a,190,369,790,490
74398394a6d44195aaabf45b70f788e7,653,309,547,493
7440652e3dd4496983607f5032403853,619,303,494,557
7444f39ae2994a478851f377e6fb00d2,281,378,989,702
74477f15c0d4418eb0a2290bd0aad2b0,1,406,1090,674
744b6cfb880d4748acc34df9fb85fc09,398,108,451,341
744fa8e17a4b45eca8119ef6525adb3b,559,123,1048,805
7474b93a4ecc4d6ca11bfcc337a31a2e,447,247,861,751
74877677629e45a780fd409abe793043,0,151,652,493
74973c431c944adba53d8da3bf52a77d,724,436,478,457
74b157a2b19c4b86b9e16068ff49685d,627,457,852,481
74b20bbaad4c42a8accc03e0510e7569,602,453,786,376
74d491c66df0454389db3346b97bdf95,520,636,404,443
74e2cba418e8479e9bcfa9912ec7bf61,249,461,787,619
74ef3e980b2f420daeeba840d92d2603,801,74,603,504
74f6011994f2462cabaf51ed3e8142c6,366,407,977,475
74f6d5a615f94ade9f018adb01876097,531,354,851,726
74f84b1a200b4b24b3bc440f6f613b91,604,286,604,691
7500b0b20a244ccdbf3ff81bbef97b25,542,555,631,524
750a57623407425ebfaf3965038a50e8,520,573,683,507
751071683d454b01b2f0bfbf0c03cc61,601,353,481,479
75140d772b3e42b98779f74bb9bf4531,452,183,1146,734
7518b9d5a6e14d2c95b1ffec894e7594,660,385,764,475
7527cf3a0e604fcfb4e02cbe95d0cc90,777,47,566,412
752b9bb9a5e349958a998960adf6b9be,116,397,594,442
753877198edb4ba39e0ff9f66777431a,1023,74,732,540
753e255744cf456a94e316118ed56482,561,358,882,558
7542d9e2a0ab4c109c597fef75a9e21c,380,236,877,615
75436fed238e4a06aa6d74732132bf8b,1293,110,625,428
7548316dfd3c4b178e4a99d25eb1d4cc,222,284,943,595
754af73edd794a55af619e4961174abb,0,345,478,362
756bbc7375b546ceb9bddf25611117e0,907,417,527,328
756c0d07bb9d4d2b97d68b9c3272b351,871,0,507,236
75761d88031045e3a6ee7772511e5b42,865,440,528,556
75800c15a29a4964a7ec2cbce20135eb,0,360,626,409
758f1139f2ed4841a3df943f5a70d6b2,134,309,738,375
759956e0a35f472aaf6b421327dc9ed1,413,434,430,392
75ae30bbc85e4503a1a7e93ab1519182,487,270,719,489
75ba64ccb95d41adb76f37b57fa88600,372,271,613,433
75beeccce4a6463fbfdce6976f36354e,404,478,479,383
75c4642452e64913bf94747b94f27452,419,224,813,549
75d99cef4f384abc885c0dabc22d86d7,181,543,739,465
75f0d617ac09440bbc72d36ced8b90b1,1235,337,634,498
75f4ed143d6e4431956f3f05ce0e7165,663,425,588,403
75fa7356205943409151b22bedc21c83,691,356,822,483
75fde3e638ed4d538271cbe0aa2887d4,500,310,974,644
75fef78d727e4e06beec0ee782bcc6c9,331,356,633,350
75ff9aa56bc04fc1a494d4478c4cf18f,886,391,747,501
7602b1a810094f54bee57ab14fac50de,333,176,641,514
760337823787489abb5012a6eee918d3,689,433,570,402
7604df1f1bb447c491dd537036552c68,1183,334,594,481
76137715d3bd421699ada76949da3b8b,861,256,948,558
76175e4b08ea40f996dcba9eccd50dcf,878,367,479,437
7620383060c04ea28fa7284b26ed8e69,888,443,569,334
7625f28796374f23b8df51d8d7fba0be,1,416,1095,664
7628e2b366bc41a5a140488eb4f9cc70,277,243,742,431
762ecdb3f7d14c3db6e9f999b5e207bb,433,178,962,768
762fffc7732441d1b5f6eb15da372d87,847,0,428,314
763aec97afa94ae585c659bf6a5d6ded,558,326,1275,565
764651236dd845e88c17acb3b756462e,451,437,632,564
7653932615554eca95b38f96e1773e65,720,43,1007,570
76585e4fcbc24fe6b816ad2dc7899ec7,1113,150,686,590
765a3219d834419cbe7179e6da1288b3,774,250,572,558
7669df4a86e04a90b6a04b6edfe8a674,368,543,683,536
766c323d59874ecf8d566e4940f62e08,720,396,671,378
76774da3e8d44572a060c784b7580fc3,568,325,701,472
7678110f57d444cdab57d988ed42156f,561,265,802,569
7685c8894cd14407a657ee8e03b2d30e,457,367,659,420
76882c98272546eaa97cb3dd63ff1a70,392,530,1134,468
76889c750d4b403296019574160db297,642,388,678,655
768c5b309016456888dbc27041bdea12,314,158,856,662
7694ff82ddd64a3aa502a1c5b007b91f,1222,0,697,508
76afe11fb8a1496d882b1cac2053478c,381,109,483,479
76b516d366894d17879058950f835f5b,1076,127,713,536
76bd19b9f9d94b0a819f7c9a07314a10,773,149,340,366
76c8d3cbd9164b09a835775bcef647bf,668,290,648,463
76ceba7e386a4074bfbb8a453455d0fd,667,265,598,435
76d4f197b26d42558a5f12dda7de846e,483,197,773,624
76f9933cbae4484e8383350337e53b2c,421,451,767,471
76fdbe2521b547278f4aecf88f665b2e,671,533,596,376
77034efe9eb04a98a723f8c17f44381d,103,338,1084,530
770ef043d4f8485389aa9497daf48d2e,312,179,750,647
771162e0e00745349ecbc5239fe9d03e,873,175,433,380
7712dec1a21e4b6a850859de5b6326e7,148,418,490,448
77262259c0524ee0bfe675faefed75d2,946,254,562,463
772784a0a35d47d8a856adb077e862ab,140,301,787,779
772d64a65a5a4f41a0c9b254f06aa4e8,743,90,330,338
7738befa8d984804b8d8ccce54e5c5ef,926,516,910,486
77391c97700a4cf2b7d38b5269d22c23,717,395,603,442
773b4c5fde76459fb8942eaa440c22ba,623,485,588,547
773d98aebe48490fb82f3fc2b5c482a2,1288,92,631,417
774e795be6fb472684b6407da1e2191c,785,442,1099,519
77506de2fb85485aae093311a02d9844,379,240,599,631
77635db7e1a944d3bc63ae0f41825d89,809,268,799,527
77762a4333984bda9258a0f8aae15a2e,545,170,1064,671
7778e71dc3744305835499a15a9fb204,230,278,774,436
77863d3ed3c64448b8c1b8e589db0d28,860,326,480,364
779d51c44a38485c925d6cec276674d0,483,200,772,620
77a0644cb1a14132965444945b4e62bd,451,516,507,378
77b5646fa88d4735beee83280952cd1d,715,256,1038,703
77b67d35c45244bbb74e4c40f6f9eb93,421,229,494,337
77bf99479a2d4578af8eef9882e90676,170,399,469,392
77cf54539d6e4c6aaa7197781f378d5f,884,474,817,450
77d02f0989ed4212947b13758b96a36e,296,301,767,372
77d3f84d5ed741628a4d1bbaf7850b7a,959,197,604,555
77eadedac05640c0bc57ef3edf6202e2,232,264,582,486
77f177d0eeed478abca2cd119becc465,414,223,847,695
77f9d77b634a4f9fbadfe5df72cf5813,762,328,641,461
77fb8dde4e5045a69d241784c08af7c2,146,296,588,336
78023562a5b548fdb31eadb44be7eff3,85,0,552,338
7812891aad434287869e8f05bfe988f9,1255,372,508,429
781682ada7074772acb6977d5aafe7dc,67,232,792,476
7824863761a0474b92b715bc74b016e8,520,362,460,345
782e20f6805d4e66a3ce4662e0221ee7,673,303,486,420
784b85da77984d3288f33380462144c6,652,438,555,524
78685a7e9f6f4751afea18bf65812d2c,98,447,687,407
78776b875ef3455e8f4c029d854caae2,702,433,1012,499
787a30624e694ecab6f1608d61dfb26a,570,338,779,443
787c523bba224b2bb8dc4c5ac07ef274,59,123,1100,699
78957b465c3c47e1a38297a115109a71,1156,346,630,664
789ef58433c7448aa5f189429d4a0e8d,234,377,846,627
78a628d099b8413eb30babae542a6bbe,553,108,707,645
78b5dab3012d4182981638885bca8ff0,345,410,724,454
78b60cc8826f4f068cecf9a7cd8866ab,667,567,576,432
78bea851fbce4dd3953341f1ffd9eb9e,735,74,639,578
78c1942839da41378caa7308f014aae5,712,207,360,270
78c53f11ef3040a4ab4d9879c898b6b8,532,249,514,478
78d557e45b2c4e008860c400b162d0d1,809,322,815,478
78d58d5f483e4d6eb2ff98e48d853a00,616,0,675,624
78d781cdf5ad427f88cc2bfb18562e09,493,343,773,509
78d91cb5c1dc44c69bc4b429e67051b3,242,111,455,438
78da5dca302f4cbc847cc1c9d430c6a4,606,484,793,468
78e82ff5cd484532883957b92f6d3d4a,84,30,887,598
78eb183c730e4587905a924843d5146c,0,333,573,414
78efb7a78ad74411bc3aaba5c02ccae4,436,455,867,490
78efbb7c18d74ee1a155cc3cdb1b53fd,1254,179,583,394
790dfe205f3448e2ab64414e78c20f67,520,452,596,449
79110c9ddbb54466bbf815aea6571556,718,154,377,324
7913c6fdf8ca4a18a3348023e3b0178b,198,395,712,408
791e1e157b034f49a7392efbf3defd8c,430,510,684,395
79265a38691d4765bf55a6cd75155e6e,787,335,688,581
792c70ca36494e9f98826dc607cfc874,619,261,818,590
792ed0be0bae4b148345331dfdebd961,773,185,570,489
79413b17dc4d4078a014e43f9b063238,746,0,667,363
794579688cf6454b8fadd468f309f6df,504,153,482,412
79485da8d58042cdb1caba493c46ca40,828,212,626,520
794d1ad2685a4ee292385189b68494ff,590,96,1084,693
794e399485544b7f874e6fdddd88d698,800,244,535,461
794fd63569e042799336b8cb3870faf2,496,58,517,621
7952fdfd854a438fba2a0ab8fd1f6138,759,352,560,394
79683a37c69a417ebe02f6adbe8801d3,548,334,749,592
79696937fbd34b2dbde30f41af8496ef,38,245,790,466
797c3d37e0b54dc1a7456db2e6c2f18e,1371,237,529,531
798c5e832b864935a836a3fb7fdc46db,327,382,572,354
79a20339878e490ab864be9d2d71c9d4,1245,317,502,412
79a2c15e202147e2a78dc5ffb238292b,417,330,686,514
79a68794a3db4cd5aac63c074b0f36a4,520,544,955,426
79a946ef27d14104bf6f39e73d208838,377,530,766,549
79ac7c82230e4762a4b000bfa6c8b6e1,1139,316,779,475
79ad4053706f4092b0791564d7858927,240,203,1125,626
79ae68871e5c48f4a3a02ce9d4198bd0,140,156,1006,702
79af32de63f143b7815cfccdf4ddc724,856,430,814,491
79c228888f1f49c5b2b39fc9a9ba9d98,315,350,844,483
79c71846fb8844fab5f57678a7aa31d7,969,0,575,581
79c7d4f1566e42398492d85cae6dd8d0,694,427,739,338
79cda99eeb154a8bac2e344a26741c60,620,207,618,486
79fa9ff914364f36ab8516281cbc7f27,561,461,747,429
7a04dabe630747878a0e1f6cce4f5d09,848,452,529,369
7a0b3e1030634c549d3f28f568175c97,425,353,1189,562
7a0ffba6ae9d439abc10092529ab452e,205,354,922,499
7a143c000a584d3baa1b91ff07db963c,200,285,887,703
7a16eedb1de4436480f74dd7c228a97c,421,381,492,378
7a22d42647e642058cfd0f36e6de3bc1,842,403,729,364
7a296a15c4d34a228ee1aa9cd2ec8618,0,187,1051,533
7a29ddabde8049e88f0d41a61281d804,623,332,849,640
7a359dc628114defb7fc51554ca3ad26,552,517,675,538
7a35af8bb3f5470a9f2608f0d09aa576,588,137,917,681
7a398b6a2ae64a46a38a4a3c2f611158,695,447,468,511
7a3b8eae4cf142488eabd87d1e0751bc,637,319,697,587
7a3c09961f5c4222a1af374e41103578,743,295,519,472
7a413b96c3f8422599285726559802f8,631,202,822,622
7a450c66d40c425aac9c3c46ba01ffbb,12,744,831,335
7a472479fb2d44149518c47494068441,658,488,536,515
7a4f9c98c98f419fb46dbbda123a4f59,573,254,669,592
7a5636184ba94ac497d428409d540588,330,616,723,464
7a588b987ad04c35a3b5ce4315bcdbf2,1093,139,563,442
7a5ceca2351c404ca55661a4918cd452,615,356,465,371
7a5e618e49a14506993891641a9881fc,198,398,585,418
7a5ebf58365143a5b1c1e3f776d1d54e,736,260,457,369
7a6a8b57f0d14ea4af0b6e501f6af4cc,45,681,856,399
7a72dce4598e4f33b3987b61764f7fcb,62,174,1187,773
7a82a9b9e31b4643939d9456eabe22f6,909,411,664,360
7a878748900047619a8f4a05c2804c6e,540,237,1076,690
7a921a8246bc4913ae08a9b13914048a,575,333,702,553
7a922f5bc281427faa2f9d07aa30ec36,299,365,609,509
7a9df2cc0a3649af8034e50c615c3f23,0,397,354,413
7aa2d198b2734ec4b756cf80e6826bfa,509,0,764,843
7aa451603575490c878388ced64e123b,323,181,878,629
7abaae0e5abb44188966179925e98a56,799,130,352,405
7abb2ca8bc48441e8aedf1e6965ddb18,1150,418,692,553
7ac0de82d5264f59a791eac307efc6d5,1034,206,684,443
7ad382d12fae4354b3e3dc34717bcc2a,1239,160,680,425
7ae31914143641bd93c8bd31336e26c7,670,411,581,536
7af50845b62942b7816aa6c3ad6fd5cf,706,278,614,500
7afac3fc8d284b8eace0dbeda9adba1e,907,329,613,450
7b1641c69b72417686340c4d443aad3f,582,510,1067,570
7b19bcc7059d47f09fbaf04e778ee444,165,448,532,465
7b23df4713ba49918afffc49d0efbf30,763,438,866,543
7b2fc7ee6d7c4c56a90cfe21719daec2,1051,281,593,538
7b314a7db8ce418496d1ee843d7166f3,591,385,833,559
7b4245dc4768481d8d857867a6aa788e,308,281,669,334
7b477012486f4fce929ae4b118b07781,230,50,487,516
7b4a7e4b306043d182f42e6da299df60,304,248,971,524
7b51428b7e74415e954a0eb89a2765d8,207,299,712,410
7b57671cddf444e5b8c48414a6f38309,1257,464,652,422
7b635b4f1b4b4e769d87d89d25089b39,1233,392,606,438
7b6effd0190d4804b2bbca00af445d07,1,454,708,451
7b78437df6564a3088887ebb327adc63,1127,229,559,484
7b7af654899b4e3d816799c7b71dbfae,1152,204,767,681
7b7bf78a2ada49ca9bde185da9104dab,444,335,514,368
7b7d8aeeac5a485189f18263966c3139,679,414,505,443
7b7f551278b545b783df6f3d08f72dc1,438,290,633,480
7b847aa989cc4b55a91013c9500e08de,16,177,1078,598
7b8759a33ac145188a4cf96b9c5e0d4b,61,459,593,420
7b967519f24e428ba7fabeea2f9f63e9,556,273,762,443
7bbb364299fa447b8febc30601690fba,525,330,988,544
7bcc7bbb62e74970ae51ca9d986e7d1d,0,497,643,400
7bfca3ec2ad34b07ae3fb4296534a32a,225,254,677,448
7c03e26696af4a548699acfbbd853c92,119,335,493,480
7c0f9e879db24824b9ee2bea07bb0a60,906,145,715,519
7c113853179b44eb8c2b45bcd20549eb,663,92,284,224
7c18b55bc39a47a2b2eb6e21652bf64a,707,479,1003,581
7c1acdde921545d5837fa430f05e0c51,565,365,745,715
7c1bd8d95ad3457a932cf6c860ffca2d,1165,497,663,507
7c2644dfdee840dbb128f09083133afc,761,464,1076,533
7c2a00f1bfa7496380c75b6bdac5770c,192,350,865,572
7c2b6c60fae34604bbfb0509c6fe8f61,657,305,942,662
7c2ed264812846dca0747b82f99ad537,603,440,862,464
7c3d467059a94795813674f0e620199f,872,327,589,375
7c42cc48ea7c4fb9a111c996819d61eb,638,60,722,650
7c474d4fef9c412793f36425ea8b7ce1,1318,249,474,554
7c48561cc75e4a97a2e7a0ab7e152ad8,614,456,522,427
7c513fb9cf804731ae081d51cd493486,129,133,430,439
7c539d772a2542a19acaa5c1e6df97bc,652,421,818,517
7c644d9e3d4a448d874916a942c4576a,1043,115,790,531
7c759ac506b14dc1a113f6fee4cb31e0,637,270,618,612
7c78587b621245138965fd2978f466c8,537,403,692,495
7c79eeaccf1446bab70af46116f1b4de,1038,256,628,436
7c8f8e3682c64d3b935b546d843d6631,1178,386,718,433
7c91e591a4a04837b2e8ec2e9bf45d53,625,416,836,468
7c9bd8dbe7244d559fea35071cc4013b,419,225,813,548
7c9bf26fcae349eebbe07e81b24aedd1,424,493,833,562
7ca3e5521ccf48dc94533089665e75e8,698,315,746,597
7ca6de2d2c7b4fdd9ca9462dc157bedb,610,440,747,486
7ca881a0820345d08b2ec3b5530f51d6,465,466,756,503
7cab0ca30ba7404091cd97424839b05b,0,323,1159,757
7cc436b52a454cca8ac75241316d845e,313,161,724,754
7cc5663d1e7b47d7aa018899423146cd,500,330,515,523
7cd2ae223f8a4eaf982e6ae6242958c2,663,366,647,428
7cda3519bc0f4f09953a15b7e3bf7866,1109,158,810,424
7ce0e100baa64ac8b8605152a094a7e3,880,0,415,352
7ce3c5d120b74d11aa56c2f7000200d8,85,451,515,432
7ce51ae168ee442ca393cc2a2d3c199e,523,404,853,675
7ce53b7322fc488690ba02d20b250cdf,1175,472,723,498
7cee01d0958048bb93eda14ca9857de0,529,414,740,529
7cf5f92b12e748559d58b877c675d5b4,467,166,713,731
7cfe724c9e6c4b2e9a3cae782717f897,722,443,844,463
7d00002d94b4414fa5126c33f697fe65,389,563,745,443
7d0864f1756c471791cd0323556745fa,1094,240,552,467
7d0a1bfcfaee46a4b47422056b94e526,745,0,356,305
7d120d655d3146c2859cbceaa99ccc40,626,225,504,436
7d1d88b9a1634586aa323be47d410722,1279,346,492,427
7d271b25c2cc4ddfb24b58c395de0d28,635,10,603,678
7d30cdf6f6f24ac5b1cf17cb97d8b60b,415,401,721,466
7d3f508809b6468a8f898b9ef085e2fa,865,319,785,587
7d4a9dfc10b94868a3c17247a75e2027,622,357,594,621
7d4b4b2a7d1c4b378c6d95bdbe36c4a9,690,86,821,697
7d4d01b1c9134ea1b19c8f1a52805be9,927,376,684,440
7d4f1711d2f34cc3ac75e1574a030f62,755,564,767,516
7d5531f0d5964014b75336e393ef682a,199,354,617,431
7d613b375b8b4c40a606cd0ef77a9202,755,302,541,496
7d6a1f9f7d1a46699c64ea0802cbc37b,611,362,851,516
7d7a5255bd194231827ad23ab50813e5,1471,132,448,359
7d7af187b87243c0b7ee0f5f9e6ef833,1293,110,626,427
7d7d6001583c4324b5a7df7234b270c2,1277,4,554,398
7d8423c7e2fc4a1b9daf6cd60d496a81,866,292,595,389
7d879640fdac491baf098e9811a2eb4a,672,173,1084,765
7d90e3fa659841508cdaa39249b5bdc6,1116,211,551,362
7dacb56cfc034d72a4c06de4c1a3cf4e,799,319,1106,760
7db8de4eb7524316ba9123001a7d8542,630,230,754,580
7dba07eff9e64b4dad8812c29fef620d,382,390,879,690
7dbb489741114331afb8e53765ede759,679,294,621,617
7dc2d81063e547f089a2ebb9ead90d80,0,0,1053,687
7dc794a8c2ed4b22bc8e9283fb6484ec,830,307,742,458
7dc95dd90d044f10a83245f5ca548d2d,690,0,545,473
7dca89301ff7450b9e1358cfb3b1b4d0,1038,228,850,639
7dd00ab2aba942c0b100cf4f81f32408,1083,129,511,601
7ddc8c06ca39448d812073d60abefa15,739,231,584,492
7de251c59f2d443da849d1f01f488a46,703,219,987,590
7dea319d83af4d32a8777bd4f0235750,1,206,741,563
7dec0d8ab54145149650dc93fe035512,45,338,1248,587
7df445c25ca44768abd0e950f86dc842,530,393,569,451
7df8a1c5a84443baac92e5b6290c0180,224,225,730,574
7dfb36d81eb74794accc9896d019e36e,845,14,439,434
7e0d6746ec2c41d0b02585b2356cfd1d,539,328,600,540
7e250642d0f2429f94cd0fbcd97ce31c,680,303,558,582
7e29f5128c614f33af5b1db3ee942468,1377,603,542,476
7e339f6a381944388593b48f0d825862,306,361,621,360
7e4d3e018ac8427eba985caa47b9bf62,1316,291,523,552
7e5822cd81e546bda1754bc8648f69dc,648,1,959,940
7e5cb0a6f94f4833afdf53642d43bc88,594,470,665,442
7e6074c65d094a37a9f288f7c564bbf0,363,345,1073,571
7e66a690ebff4d1e81128d3af498d20d,574,285,644,664
7e8261afd3914855924d1ca0f2347e75,624,313,1107,512
7e8ba827cc054304b4f8e6335951fd21,341,302,724,450
7ea76d771d654461847f17fbaf143702,1116,215,551,359
7eb49d6cf5594b7e873cdceeaece40f1,645,397,1171,582
7eb83b1dc8c14c928924d913196cfad8,181,289,652,402
7eca6e0496734bdb93c54fdb26f29ed7,402,203,430,367
7ed347829cf746ee90d1b9372aefc013,272,326,908,447
7ee68d042dfc49b6b7aa28ace7ea3fbb,442,223,818,625
7ee70bb18a5c461f8b082fdb6818f464,995,235,755,579
7ee8058197f04fc2bfdaf3474f7415bf,134,136,474,338
7eea5349f7684da09e0b393230887670,349,292,782,636
7eeb1c868b164fd69187eb8acb86b553,656,0,465,480
7eeb452be46d420e97a3ce57b0b49f81,862,345,790,609
7eed9ef6707e445098582899ebd5cff6,114,449,596,350
7ef15ae2d0174ff789e4b2184a62f7b2,1219,426,701,358
7efdf9796395421299f1797215bc71af,85,242,726,457
7f08ad01b7704bba935ca5ed65e13dbe,305,297,764,578
7f0b3a6658a34783925768b24e79521c,0,314,505,456
7f21f25d537c46ad9fe3339ef64904cd,1162,169,750,421
7f32f6ba9e5745bdb750214eadb9109d,573,390,731,536
7f3340a317984ce9b6d9b84936fabd91,558,169,757,647
7f38b3a546d04215a6f823a5d0b490a9,461,207,665,508
7f3e8b2b1f404134a3d2eeae5e6411e9,804,111,396,407
7f3f20d43b2e436f91465650f6466a7d,0,471,502,450
7f3f39ff9878480f852cec53a169c962,464,227,796,705
7f4e11361a0a4ccbba0a148d05abdb70,183,258,743,484
7f55d69a7415445196042a5d7a2160c9,1101,410,713,420
7f652bf7924c4d268c01a90369a3f491,318,245,1062,592
7f66144098ba41fa92efa48d1d56814b,75,0,585,374
7f6a29c0ab8c47fcafa8e19082ffdf71,329,612,723,468
7f7fe12cb77149d19117622b1ff12bd0,419,430,907,392
7f81e15eeb39447eb44cffa920bc3f86,200,251,811,478
7f8436674d2b48d78140cff732d197e2,768,352,955,612
7f9a5e8a92db4a71b9a903058480e119,1,732,685,348
7fa6ebade1cf4cf39cafff4aed0127ec,1282,263,459,364
7faebe364f7144fca467f7f78d07f9ed,643,321,509,564
7fb1aade35564242854075f87aa503c5,441,432,906,392
7fb593151b0f481b8f07dda13b3127d1,595,190,530,647
7fb5b99af294448c93394b9a48f25dc5,843,0,927,648
7fc1ea2f3a744f04959d8936d8dffca7,967,138,537,603
7fcd7415329d4cd0bcea4497b9616591,613,148,656,636
7fcf1b9d5b3542258d48f565b34da6c0,1491,197,427,316
7fd46b5ca0fc42f6b2b255f6ff23f47e,763,477,753,443
7fe687c368674db9a34a7e70e718e1e5,9,283,637,405
7feaa4a17c3b4653b5a5fd94390ad565,778,123,637,523
7ffbedbf85974d808dde6ff9db04d81f,598,324,370,427
7ffcddcbad37459889c6c9065dbb6a10,680,140,467,469
80123243e2334e36af495207a2caef36,97,275,1173,749
801378899195445cac663804bf6f664e,643,343,1111,558
80145085568d4f51b9fb4f209ba596a9,480,382,450,339
802da89e7dbe46b5a1901f413c933298,1183,354,687,460
80354c95403c4f88a2249dea5f330a06,992,16,844,575
8036bdfbebb248469d90801cb16a5dd1,621,215,620,486
803a75cfbe094d32ba8d42407133a869,957,190,539,405
803d1ba5219a4cf99de2ceb339d7d4c8,132,276,927,517
80482b07ea7e440c9cfdd06bcaccf32f,1303,346,597,334
804fe0590cc34e68a0ea44f33c1f976e,782,179,837,587
805542c67d7f46fcacec555905d409a0,144,454,618,411
80635ec416ec47269a3cd4726e53034c,656,492,599,398
806c2361bd8646c082b936fea7a8263d,597,189,531,421
806d5303d73940fab33f1d5440a00d30,729,462,583,503
806f482c346c449cab5ab4e8cb68514b,696,324,404,395
8072d66443b84a95bf96117e23565b2e,332,384,504,360
807abdbf53ba4656a952ec7a3ed689cb,473,411,1012,668
808282044e374d7abde4c9158568f56b,1058,0,823,680
80852bdcc7e14e639292a303e6db8a27,926,381,505,466
80933352e3464347bd52add8dffa1334,795,507,479,416
8096c21e91f44ffe9366c00f36356e31,517,387,741,578
8098ff9d6ef6424bae5c2e27d728712a,303,248,971,523
80a1ec7f37084b66870aa2f6abb6dff0,786,420,965,627
80a4f41e8cae45d69b34edeaccdd8959,1018,254,732,600
80ac7870a8574a918a7b14491ff318ae,679,310,829,541
80ae4d7f56a142d88c95fda7cb9b9d5b,803,248,522,476
80b2eaf9ab584abaaba98e8bc7263dcd,649,160,892,747
80b810db89234ff0994c9fa0b7d5808c,199,687,739,392
80c92eba7afc4739b55d31c525613826,764,108,670,566
80d81f8c1b2149809251e3995b51d8bb,511,257,718,490
80dcc5e36cd743ed94721d8129f13fc9,5,222,762,449
80e6985437114943bc66ea5e302724f1,91,443,574,425
80fadf2f32de48c48cda24337a8b539f,694,272,540,560
810436b02aaa470b84adb815009dbb04,478,578,662,501
810e761dea08460ea8f36f5e0ace094e,759,467,418,353
811019c40a204fe2b12e2c13868e198f,622,515,656,488
8137500bde284e87ae094a802832a613,827,1,552,492
813c03855632470c8f317d1deef3b67d,758,0,555,551
813e4d16cfbc4c689b1a68d58b358307,1005,506,913,541
8147ea1a93364a48901d7dc639aff1a1,700,455,596,398
8155b5e297e5496e82d757abb1ee0f6d,200,285,1031,795
816cb3016f5c4855b45af4cdb9ec2647,1174,154,712,437
81759ecbedcc481c8379a29c74031195,947,372,690,395
8175de69e8d449baadce156db0c584e8,488,345,652,527
817911fc351944218badcf066c0a958b,485,1,650,583
8181405f7bfd4874a4e451a1fd7e0801,193,452,928,496
8193d42b088b42e4a53a972478c6a49f,169,399,704,463
819fe9b785304f53a742cde7ef7dbd0e,630,281,469,500
81a3f6e40f7c45c8b6937f4ccc5c4b73,736,353,801,473
81b47610213a49298aefe5faebda3c6e,637,405,783,438
81bfe9a738914af0bfe1221c3dc2fd76,723,481,558,358
81d3ad66a1eb4849925dad550e78a3b9,537,400,607,457
81d524c4219b47889ce40e18ebb8e165,120,387,714,507
81dd09af86384c11b1372423201c865c,59,441,857,403
81fcaa0e90a4408b85f961a1fd66a3b7,0,200,511,438
82059db176474cb78952bddffbf6efe6,884,389,745,504
8208878d8afe49b0b123baf92c511e01,190,174,1030,633
821a5e498f3b469aa7154e691576a6fe,810,0,409,416
821c4e19a07a479ca17ea2da85d5db6f,845,70,681,597
822dd4c723054639a649284e16e6a31d,172,215,704,445
8234b8b3b9234bf4b39d373b179c78b5,1101,404,712,422
8237cbb3b7f74544baaca8ee33c626f7,763,463,1075,533
823b52f7a85842ea909a9ef217cbca76,217,301,625,604
823c428b7dba4db0aec3688936fb1249,623,292,677,630
8248e1fc56174124a1e956718c5e8cbe,1223,376,664,460
825ac435cb4b4b13bd4ea28be80ebb03,1000,481,511,392
8268200e966a49afa792da2ce839917a,544,556,632,523
8274a785a3fa445fa4b0cd9ac6b45e01,889,407,810,455
8285bddb2b94484b8be2f3645996cc3a,623,107,919,680
8297dec0f3b841a2b837558ab2071acd,493,346,775,570
82a8114830b94985bee94cb763f8dadb,562,343,688,583
82b420b867264bb7ab86ece2b64964b2,344,250,791,428
82b69f6761e9444195c35f405da81680,809,228,337,286
82baecc3bee74283a7806634ef220b1a,201,257,725,452
82becd6a94574a1ca8c2427820fbc11b,112,128,552,387
82c318fe73d64ea7bad3c4034ec84491,112,256,752,476
82dc961a122a4dc5a97ac32021157b71,1241,524,523,474
82f4622142cd4c809f21f8ba0ee4cd39,937,399,785,511
82f94048bfb24012a16d1d88c1de755f,663,111,895,682
82fb20c439864e25844e6040f6b098f9,961,317,777,529
830fb85ba18b4fb3a74d09884ba6b0b5,635,61,737,644
8319b90f19c74770b3bb3411a4d427ff,429,258,815,686
831e27a1b7bb4758b655b2e292ac91fc,676,290,1081,648
831fe0568c854a8eacfdfef22f965b11,1195,10,724,512
8325a2f262ea4491ba2e0e4f487ded34,51,418,529,434
832b0cb87e944f839787ce119b9d87b5,801,283,429,513
833131cc496a4cdda40a2e55ae87b37a,456,390,676,433
83316e0c90bf457583e86223365b6bcc,776,441,869,639
83334899878e44beb8a970730f53cbdd,293,135,769,579
8333a35b018345efa3395b9babe99928,1232,387,608,435
8338e7145b6644009d47ec940bf060c1,735,2,287,194
833fd05701f74898afef1c31c2bae668,699,162,403,486
83573ae4f50b466db8fbcced6b964c05,711,55,805,660
836205998c084dbc8ca6a2f123f68aa1,0,493,790,322
836385fee78d40faba293ff1b1b6481a,642,392,678,653
836666ff43e441c0af0654588976b73e,95,685,961,395
83896712c5384e7a99410599208206f3,523,490,536,454
839121f7fd1648f6b171f6f2142279dd,701,223,737,582
83a04aa37c7e433082abba58b233dacb,1064,178,569,427
83a74b3906334dccb2d654fa970b86cf,1013,321,497,355
83b323966d394809bd48890f6f2291e0,253,460,741,448
83b881c14e0746eaafd41ca1bcccc558,617,225,656,591
83d26d4ef98f40da80bc50b19531f3dc,429,408,512,440
83d3f9cadbb1452b830392436bb8c898,566,350,860,569
83d587a99a884aec8f6f926fc8526e4b,885,0,631,380
83d8999bef014d3085f3e47a2866eb49,629,271,674,587
83ec0a1ae3204956856fe6713c8245e7,1150,414,769,357
83ef8e491ff54e2ab11f6367d9626a78,583,417,682,446
83fa19f86a204269a4246ee57a387d2f,411,100,449,369
840489766fbe4f25a2c225734f708d00,1235,425,670,409
8424c56622b34024b9907b209e5fb0aa,823,94,266,297
842ad22313f342859a1af9c79b1bccf6,696,154,804,632
843ed72db398499da9385c6db9c87511,299,401,932,679
8444abe111414ca79823a1f2e1f67a73,213,288,936,511
84459f71d1d1444e932254a9b08082ac,483,409,660,551
845db766fa7f438d9afe5570a74a7428,684,335,600,493
845e7c18da0347c1a9dec0bce5b82227,446,296,955,593
8465c819c23547908961e3b35dd3c800,1101,533,603,468
84786665f4434480957c0d338d30673d,536,98,791,730
847af1261147464c84d83bf939e51428,383,197,727,502
84834495d7474dd69e588c43bd7c2045,711,458,915,437
848b07eccd3046ea89429f5170a45d53,613,527,1130,553
848f11447c0646fd95a72d72b48ba572,787,0,632,511
84918f9b370a40938a35b324fa9d2605,150,636,789,444
8491dc402cf440ae971e5a9b328ee254,583,128,512,542
849334ad40e44f4aad259ddc522a5393,825,1,522,552
849339c91bec4b5f923fbf866b5e4bf5,929,273,515,376
8494745f57bb445a9790e2d2abd5e71b,243,431,814,486
849d281dc9aa4143a6d33f7153ada812,509,61,1011,572
849eb12c38154b7bab28d35e43940537,518,291,795,461
84b01afbb7a843afad58cb37eeaff11e,199,327,773,529
84b84116c5f844e28f34a075fc4780af,256,210,443,400
84bd4f9704a94b46a47c3df0631607bd,335,248,863,815
84d3eb71686e431da8fbd367de175df9,680,34,739,647
84dabe36f1314d0fa54d4c854c844664,177,446,643,413
84de49e45f00440dabe4132fc50c08b8,277,254,1093,767
84f1c71c0d0941d381ca8b8a9993a0e5,842,85,432,476
84f3af21cd0c46d6b703f72279d0b7cf,781,436,447,441
8504c0cddcf04d7fae993ab59cca56d3,624,415,596,487
851915bd6bd8402c8418144302d45734,91,466,951,506
852a52b62a7644e88eb5a4a6beab07e5,441,299,723,730
852ed927eba44401bf58c0cdda098677,783,231,533,565
853044db0cc54bc390e6d2aac124eebf,317,254,995,674
853079fa649e4b05b18b9e4108bba09b,755,313,523,441
8537d349351f426596b045d08c860009,465,403,871,439
85434147c916445fb2fff690477edb1f,711,242,1048,715
8550c35a89f941e6b128b44eca26efcf,803,418,600,407
8562cd1899da463980ea73d3bcb4d24d,368,419,640,417
8568a2acb6ca4153a51cda5dfaab39ef,860,30,386,465
856c5135872b40f39d76c347912e7e1b,477,558,750,406
85872a734c844d94ab414bf27c7ee8ff,815,427,637,530
859ad2b87b734d8a90397da318e40fd8,661,348,643,445
85a1aee162e24ced873900c1a15fd897,553,120,579,627
85add9c0a594440aa5fe0f2d361efbc9,718,554,822,525
85bbb0285ec64d8b91767f684000f92f,721,418,673,535
85cf32982bbe4c0fa9ea9272ba26e1fd,611,337,818,538
85d37294707b4133bd8ab6347ee33a4e,726,270,616,766
85dedafd16104144b59686751d850b52,378,529,766,549
85e49a032d3d4b0e9859b0101a85c726,59,422,721,389
85ec3f241bd64939a20920cee21a33e9,684,0,628,390
85f1ceeffa2749f0b43286820b0c0fa2,589,1,937,835
85f4e22892ad4f068e6aa259992b1907,652,294,713,572
85f870a0467c4601b25ced37f42f3fce,320,254,993,669
85fc1c12d3fd440ebb121520976cb43e,758,203,344,277
85fe4a3d602c44369b15354e427d695d,0,198,512,441
860bb3bd102a479fa37496ddbc93aadf,909,181,532,511
860c2ace0f6b429f963a3bd022d2bd04,527,343,1127,643
861ffd013679424bb4728ffd6e35a5f4,1207,574,575,375
862831ee43a34dad9f7967d2bd73cd74,194,505,1090,575
862df2b2b3fe48898704dfe9216bf39c,576,241,1230,694
8630c10c5b534b08a718f3b1b011c302,821,120,276,292
8631e67f67e04153b86149959f5ae5f1,267,284,658,494
863e67f629064f95aae75062cb63cdc6,226,346,664,433
86404277082448a1b8b5337c44648eb6,174,125,531,384
8651b5eaec1544978e43a74c4bf41c92,523,384,725,547
86738dc455eb4ec089d75e848a310546,160,390,510,449
8685766c81be4bd9a0a7578fb3ce3fd2,660,405,611,469
86b04b975250407f90020707a6e2dea2,550,246,1048,624
86b05d24d96743838828c678f7d036ae,610,434,509,437
86c90a32d7b84fb285e702a4df949e59,755,393,671,586
86e4b3d3d5944b169c6a04313f11a6f7,1241,528,523,470
86ee6b4475ea4746a6bcc32e9e8f2544,245,476,740,454
870225c86d8b4339aa7ce6661ab86040,712,282,267,271
870473858051427e80b7dea17d7afc14,355,256,858,460
870659db252647aa92adf46a22307d9f,854,197,458,409
87253a53a00141ca9c3b99a3651059df,212,294,846,442
8740eaedd9fe4fd0874f6917b965f233,1080,445,706,478
8745a39be4b146ec94ef846c45f9b096,1023,72,732,536
874a21e917684adf9f8053a6c5d10b17,945,123,550,439
87566c4b66134c0f97801a0862ab42b1,876,233,560,475
875d4a00beb6401890db45f864c68708,691,126,524,483
875e48c888b84300bad3363b57821ad6,900,272,789,515
8778aea814b14051b1536984c11375d4,627,284,697,733
878b3f3edd924cd0935f652aad9bde83,362,380,628,442
878d404644c34579b7d57c80d83d771a,581,188,785,541
879d33c370ef4ee784f6c0bb78f1c5e0,631,349,706,490
87a99abfa7ea4f359e15adbd89f2727d,866,292,596,386
87b69a7ba9e443a1b244f69dd590173c,657,308,521,490
87bcea7396f24cfbb177c6c56a9c6fbd,727,281,448,393
87d85a57282248739e92c1d1377a4500,680,36,736,641
87d8d257a796428ea72c1c3e10338333,554,560,655,519
87dc379e6778408c8c1f93d4657d9122,1308,58,610,485
87dd84cebd594c47977cd511fd04af69,435,143,879,739
87ec7a51dfc14196ae24d67458ed2d1e,591,544,680,500
87f2adf7e4654df79af48cc81215eabd,995,200,676,425
87f96ebb1d554863b5f634ef6a263a7c,828,214,291,272
881bf46c584b4b6db875905901c99790,117,352,657,438
8829634db5fa4372a74e70585bfcdc91,1139,250,656,553
882e22540c6c4251a6bb5be24727191a,728,114,523,422
88420cfc9c284ff6ad6e04f04d5cb516,377,295,774,362
884cc596d18e46da918d04de1c6ed7ce,364,539,621,409
884f478b23904b8fa4a3de3fa5742272,258,451,769,402
8851b34dfbb246a4ac53be222b2e957e,846,349,646,437
88621ff1c21c4236b0344190921834d6,959,314,454,326
886c69f1735a4012a476117ef0c95f2c,384,95,1327,765
8879b2e4aac44614b09353690cbce5e2,831,93,892,658
888152b4d804494ba11ba7c576627ce7,719,391,772,453
88825d66a4604b668da1122c7afa7297,522,325,568,625
888a0f4d19ae43c280df3f34ffae91ff,643,55,732,641
888ff1c0998c4bdab1e452b35e00c732,594,313,512,581
88a38730b10b4cce867a4500e6284160,467,56,862,841
88ac9ccbd4434545be87c5117b3f52a7,153,229,1160,555
88d93b0a18f84f26b4c9f58c58751dc9,1388,76,531,422
88ea3acc2ee440e1ae64d1e887bc3040,1328,409,499,471
88f1bbedcc714977947855dc5bb42915,408,116,439,335
88f3a41867f142c99bf37e1c3caba257,290,512,865,386
890be01fcf3e4636af1cd277fd6e09ee,727,215,925,560
89142875ceb84465b665ef999283e77a,228,504,945,576
891e9a8c0af34556ad6ea51a2bcce106,829,429,663,516
891ecbcae4654909962d84079d763639,507,435,731,398
8921db6c4e104fc5b5180413255294ac,608,440,749,493
892c6221e652466b881ed76817a09c05,698,318,614,580
893046ea616f446a9fce958c9766cfb2,594,325,742,481
8935cf791c534aed9365228d0e4017bf,299,287,1030,597
89447d831d134539af8bdd96752b25ef,917,471,853,460
894b929302bc4cf99dce2179c5360883,1301,350,265,328
895132756f2c4c6b8ce8d4932091b737,744,445,411,382
89559d8fabd14240bb9741fe352e23c4,52,417,706,415
8956419adae847ceadc393d770d77235,192,170,1035,641
8958f83bfa8b4441a0577af484954080,443,404,676,417
895c86fe05454d2ab43364419ec08ab3,1,0,707,650
8960a243dfef464e823adb64ac371cbf,701,155,498,409
8960ba6c29ff477399528254db6bf1f2,542,340,880,563
8962a4220218407fb6fed0c81047c3bd,452,417,619,479
8963814965c0449391e0a2feb1a3eb5f,690,350,805,495
89663ec03ca5460e8eaf15d33600fd5e,580,291,544,483
89667e1d16d442c5be23ea04da6cd4c0,714,18,449,431
8966bd4ecd1649fd87833648d1890182,438,387,590,480
896dc06956474ca0be78210086ca74a3,562,366,677,482
89721decc95547008ef488741e62db19,783,235,531,559
898fdc1792a54c92be201adfbd5cfd18,859,76,706,773
899a0201f83e42d1b8fda094c425ad2b,501,130,795,651
899bd5837820403a9c115e62724be17a,791,428,751,429
899efbc337b446179894532deb27f3dd,255,418,996,662
89bb9cf747ac4283a9535ca29db0e5bb,371,3,1403,839
89d4157c233a49e6ab3f7b58cc4874d6,897,222,769,519
89dfb17d7aeb4b549835a75fa7ad0747,748,458,869,487
89e6adc1943d45958f72925ad93974b8,551,411,574,470
89e96241bee8467c845f2089701e8c96,576,393,730,532
89f64cf731184a448581e8504393e4f4,687,241,992,589
89f8a33921fe4582939824f9d54eb511,107,213,797,481
89ff96bda5e74eba950c91a6d096e092,1034,130,721,519
8a121b5914374ef4ac18dadeff3f1e27,817,100,847,731
8a164d28096b40e99b5fcf033e95cc8a,99,258,764,477
8a27c113897f4adeba50a630b14eb30e,1012,277,591,597
8a35652b6f014863aef50d1a43582c5a,522,450,594,450
8a5c0fc1981c4cc6a3597e6d7ddeb2fa,641,451,585,442
8a60f070cc8f4b748f4c838c3580dc38,619,237,715,752
8a68e005fd80480985c858b28ab2eeee,582,355,905,434
8a70708e717e43419de06ae41457435a,482,312,689,472
8a74b9a06afa4fa8aff56ef14593c3df,417,462,748,617
8a7b8690c47e4ec69064a5294a97416a,372,437,900,585
8a7f112bd19c4b42bf192907bd69a553,0,276,435,431
8a8417d400c84258867493f126e41889,366,170,429,386
8a92d08ffea540a39a2cf9113b6d476c,589,407,724,439
8aa2a52a6f2d4a1fa931722f873cbe14,801,279,428,517
8aa7acf1d8334ace802bb423682e1951,1,147,878,510
8ab923265c6a456c9c796a94fe8147b8,550,288,870,610
8ac6e02eb2bb4864a1c0ccdeddbee008,379,167,907,811
8acd3a6a4a9d445da2c1c052a0584783,335,0,716,728
8ae1d3af577a4dd3a382097481128fe5,608,373,967,519
8ae31f73c20749c4b70bf7d140eee3b0,568,201,617,469
8aef266735a4495c8c6f759af9a8386c,1209,229,655,582
8af4064ccdf940179e94c942aba422e3,700,468,580,473
8b1d0f05814141278e346744e7fe3675,642,217,608,578
8b284291318840599ff2e15e66386b59,781,413,498,435
8b43de0374534297bcc15b3f0d4805cf,354,132,883,798
8b5ad8690a3e45cfbfd87b17fd03bb04,829,132,783,524
8b7c85a5f58445a1b955d6c2f82a2767,296,99,809,539
8b7ddedc6ec5494da321ad702bceefe3,889,268,706,481
8b8e05a339bf4071895fc5de4e097526,605,274,1097,638
8b9018ac65e94751a2542ccbf64446db,326,575,622,413
8ba476c835b243448d0b4f965ab3d2bc,480,348,805,534
8bbaa60e430c4440ab40df7f3df4889a,584,483,683,370
8bc199594aa4412bb7bfcc1b172c494b,1209,0,709,527
8be751787d654e66b52d91dfe4a9e0c2,895,51,442,420
8be91e1ea0c84be08740177b8913c112,761,449,869,536
8c06f9212b9e413682f6cde291d4968c,596,228,764,655
8c219d6b176b4aa98c9dc2e1a7f54c37,1211,204,549,383
8c29837d2ae44221b4686824d14afd3c,150,366,730,425
8c6f3984b50b449e949a7e5eef16ba67,847,442,494,288
8c786a6ac9084ec18ff114752094c23f,616,429,500,466
8c7d6bee87fa44259ec8a14454ab1525,123,378,714,514
8c871dad1fc74d45a18aed861fae5443,649,234,531,652
8ca2b319e3784084a28e04d43b57b295,845,18,431,426
8ca77463c563463bbac5a21856571d98,1027,322,668,401
8cabe7c451b7481f996b5e9e427d6074,303,209,1103,599
8cae4e1a9bf54dcfa3c82a8703e32cc7,0,449,660,349
8cb414a23ec54621b190f7859550bf05,684,260,460,395
8cc919fb39ba46edab7503651bf3d7b6,501,437,729,480
8cce315a9799468d9593586cfda00bb3,698,191,567,601
8ccf2697f50245e9b182fb9d085f196e,651,171,573,547
8ce003cc0856492692f51137e9a44cec,516,387,633,414
8ce533e3abe74cba8d718be1d30b7e80,865,440,527,556
8cee4362f39748cab4b7317e027eb446,703,498,463,383
8cf2f830608e4cd292d3b2141d0f93f3,268,198,742,453
8cf362c9b9f749288fe6aee1b4ff2bb7,727,160,432,389
8cfc9642a32a44c1a7bf47625b5a7123,0,687,730,393
8cff10547bcd4b6f98f5aeda2816481c,709,255,340,405
8d00a2e9a0cf4c4c9dcb8575ed9c5804,194,417,599,400
8d040d3da78b4e75861c7c74306597fe,1192,368,559,431
8d0654d7bfe0400088588395f896887f,623,115,919,681
8d0c4fb38bfc4df1b6e1e6cd5aa7729b,466,478,461,361
8d0fe6571e7e4621bb406461817715f9,178,294,699,362
8d1fa648006e4105995438bc6a90e793,633,429,608,397
8d231b35103b417db35186e983300422,1259,277,659,524
8d27ed6a2d304c3eada9111e8d1acebf,596,178,920,773
8d2d836d91004099a39238db04f1d806,981,177,937,651
8d38f3336dfd4503bf169d9949f5ae5e,702,35,603,583
8d4c67c29db542d9ae44a98d07467ad9,1068,286,606,575
8d61bc294fec40eba1c9f3ab4e42ac62,618,256,776,633
8d7bc91ac9384b8aa9c0b068c03bcfd2,106,46,584,422
8d843f2e1f8f4ec3a08ad2c2d52255aa,501,331,907,544
8d848013011c4247af30a6ba6212ffd9,1244,314,576,462
8d90b954abde478bb14ca0404f8aa1e2,1212,501,706,578
8daa60f45b2440b086317ed65046ec9e,274,196,796,677
8dc8a74d08ca4a04b0f6c1933b73c385,625,266,513,624
8dc9200054404b0abfdc32c3a4c2b222,772,145,341,369
8dd233781db64f06aa5997b50feb6b52,363,346,1070,565
8dd5553021464e71b4046cc255eaecf4,0,392,840,443
8ddd4bcb10014e059b73d19808e6dafb,411,242,1121,632
8ddfa1d93ae547818fc124673cb17c83,401,265,804,680
8ded18787e674f9e9b27dffa935829dd,795,481,845,312
8df9840e2c6b4e4fb7080edc6528c410,657,33,304,265
8e0882c3ff3544eca9359b961607bcb8,434,294,763,546
8e0ac84867c1483991df4a9989a7d7f6,837,112,362,298
8e2ab546eb124d90937b4d35123d4271,763,429,527,408
8e35eeed24f445b7bd6dd2eeb96f2663,686,378,588,702
8e390862eb9b4092940b3ac02a8a2df5,946,255,853,497
8e445d6e4cdc4d3a9d91b3730d100329,895,364,608,431
8e4f1af4d5cb446ba08f0afe65575cba,680,279,502,463
8e51ec15e1da46879ecbd655ad1e49c3,921,419,630,508
8e56493cc1de4e19a87f5629c682a838,231,138,859,626
8e5b87e314f149838a653595ee85ca15,465,423,1001,444
8e65ebea2b854191a610abb67eb4a181,197,328,866,570
8e81e90710df4f96ad878d0278786d62,678,301,624,550
8e82970fceb54b0ea3b509a41611c3af,711,87,488,371
8e83da66e28f4faa87a994caebd10730,618,508,660,461
8e85a9e4917d454abe998101d318a06e,673,415,835,415
8e9da8c60c39437e975a7489f04a25ff,582,422,807,464
8ea29958df8f43a08e2dd04b8c6a3a00,603,339,722,704
8eae3742430444be93b88b710a06e49e,1136,217,574,368
8eb0014398874aae9055bc6bd80f3329,839,376,968,415
8ec02d02eec847a7b7533ca357a4c660,598,310,697,551
8ec8aa435acd4a0e82e997a88ec9d851,560,412,659,445
8ec914f50fc542f2b916a0754a2f7784,933,129,550,440
8ecb434a9edf4b269522ecf5af0fb0ce,531,152,539,403
8ed98f4c27fa40508cf5c446cc507151,697,378,630,487
8ee3f0e97a1441b5a4ee1420489547d4,285,425,735,539
8eee4f28f3bd4c73bf94daeffe9f4b98,842,94,271,249
8f01c3f35cb44fe49c28bf64c71c2d38,672,258,607,486
8f19f019ff3b4df090129a0249639a2d,308,337,682,582
8f1c6587d9c14f78b40fd94d50606c65,827,6,849,752
8f1c97bbb11447f484f98d8c3c71337f,883,533,470,392
8f1e19f4439f4e08bd734579c4289bc8,828,481,751,415
8f28abd7a6104e9d84068eb01ea04363,728,625,753,455
8f2e73672b4042058052461e7a45be8c,703,78,486,420
8f356688532949f88e5427076efa9795,1307,64,612,484
8f393721286f46fa9256d33569ab0539,140,276,771,584
8f3c44c2b4924afb8ed85241f068ab27,769,486,650,497
8f3cefd9c38443f38a7c0c160582287f,583,485,684,370
8f531ff8c8ea4805a085b21bca63d41f,1153,405,693,412
8f7105dd86034d228273da029ea13e49,624,447,884,519
8f85984969d146d9aabe5adcae4bdf96,0,144,792,488
8f8b75e177dd4ae4976761d58080ba63,1202,369,661,466
8fa54d189c314040992dbe708ab76bae,1025,168,756,697
8facb6c9b6ba4e18870bf009e4d2e2f0,365,238,1008,714
8fb2a971df434a878a52dba415203b40,957,348,645,423
8fbd1b4b59974282a85fd18aeab314da,677,35,740,639
8fbf46eb6bd64ea68c9477d86c448338,590,388,682,603
8fd08affb2554b028943cb9884489854,677,126,440,399
8fd58602f10b4eaeb0c654ad8df556b2,505,186,687,503
8fd90f1229b0484695bd2efb82434b84,578,435,890,513
8fdfac30ce5a466592f14b41b7cde82a,925,418,626,509
8fe44d581cbc4b1ea9b620345e686a22,645,319,509,564
8fea07e2a4cc49d68337317d165462ac,422,472,748,607
8ff961d202b2479ab109c0f41fdcfe81,501,438,730,400
8ffb951a9ee043e5bee857fb91738688,259,585,646,282
901259ca6c1c4a90aade698147433bfc,82,309,637,393
901f8db0d05a4b38aeb7e28973ec83df,724,138,320,223
903fcf7ef760419a87688bc525f5b171,956,157,503,461
9040f55e5d5b4ab386a733963c748fb5,176,273,569,545
904d5bc1b2464992a51eda89c2651e87,784,312,573,536
9050d6952f6d4161a35aebeddf3f56ff,714,204,560,544
9059e5fe5c97436cb983fa9c5c133e0b,876,433,421,389
906132c62fcd4fb1bd79cf483284f563,0,233,1201,653
9064a76da8244fc0b42e495d8168831b,641,313,525,484
9066be0126cf48f2b649c8ea0e9eb7cb,874,143,407,450
906a3093c7744386bca1afef5db005bd,669,297,504,544
907b5bda1b024ae7b6ba7ccb2a97e9b3,1316,40,602,488
908232ec5875412e8cb10a21dcf19b46,394,0,491,431
9086aaeaf8b14a9ba5b542fd54a9a90e,698,269,661,689
908831cb83d443359fc90b2a5ef72450,638,195,375,404
908e794627c741069ae260cd9eb3f541,587,192,894,654
90998171794b4a21a7a7f3aa65678b15,421,461,746,619
909cbbbfc35d4582bf13b45144a4c110,733,460,635,509
90a266844d1b4666abbfb0662492a883,363,386,707,490
90a5417d27ee4c4bb66fc9ac00d4821a,1125,416,596,441
90aa49a05b70497b9e8f8428b2d56aa0,480,92,674,597
90b1d63ef93f474c9f168a7d624f653b,707,133,428,377
90b84e7b9b614741a163e6beb44ae109,787,326,311,306
90be98be357a4dbf95525bebfc2fbd15,533,491,539,413
90c3ba5fbc1b40f2b5eaf2787f8bdb6f,840,477,1077,494
90da2d5354f543ef955f22d52ca581db,452,450,801,600
90e8d9e23e364ac5b75295a4ebe6a613,469,468,634,413
90ea5f4f68b747afa872a29950eb1dd8,213,296,816,529
90eacb98cb8c48c3a0163ad66e121efa,540,263,910,749
90fced07ed524bc9ab6a8ef8b38371d4,145,331,727,526
91016d7490be400ebe25d52ebeefc98f,788,305,718,472
910650f498a245b9ba3d6ed97e39cd7a,683,297,619,581
91065f8631904b0c9f2cbe52552b4899,451,426,806,602
910e799398664598860f0fd43919a7c3,356,147,932,786
91142beac2ce403b851266102ae538e3,384,311,566,363
91291523c6614cf58567688ab49592d9,75,245,704,427
912b5fd7ca64429e8cdc866d3f3aaaec,1239,151,680,428
9134bb60bd044fd3910a4aded43bc4da,566,43,548,640
9136967bb83249ca88330a8913cf4663,799,357,1004,463
91369ffddb7b409fb241a29e45328cd2,1135,228,782,463
913d253089754811bdd01b687ebb0189,649,62,959,886
91412fc3fafc45068d9dae64ae31258c,474,285,746,607
9146e641dfd147788ad5120854287b66,653,313,643,497
9163cdd4b6164e6da4c9994be64c59fc,398,477,636,434
9176ef255fb8461abf0f72d07d87a267,80,26,666,479
917a5025856a4a69a6eff098c77562d8,675,126,843,610
917ecfb3805e4417948f972452bba09e,630,305,940,551
91858a156586408bbc5f8daf672ae4d0,734,111,494,414
918b79309fb84227af861c922149281a,439,519,550,425
918dc97e7d844a0ba2b9ba03780fc661,20,246,856,482
918e6456406a4bb487d4331613d349cf,360,401,654,413
919f3f096eb545b18b78bb798cbc9817,673,270,662,591
91a170bd29d3488a8685e18eb9b3dded,908,300,806,463
91abb61b837c4e0ea8f0fe2dd68db516,443,388,731,464
91be73936cda428bb42423f4860d42cb,258,272,386,334
91c0f134782a42cab1f8cb99e025c518,744,90,344,304
91c36b6ba5e2485380a66d90f6b721d5,900,233,611,516
91c66de4872e477e95778f6e0fb3ea07,575,245,561,528
91d0f915bc4f457a8be40bd74f5642e0,31,332,517,413
91e75a78167b46b68819f02e2a159f03,632,327,735,652
91f71fe1d4614b1eaeccc84b51b8a1dd,466,298,747,562
91fd481a8258460eb5ca3b1eb2b9c9ca,593,389,615,440
920227d8d0b74048ab550134dfa00e69,801,331,550,444
9205efdfe1c840089bd56cbe77540409,586,161,667,600
920cac75d9a341b194d616ddc262443f,320,315,860,548
920e0ee60810415e84fc4c91b4420eae,962,285,664,468
920e7248356448668e0acacff68a4d37,562,204,707,678
921cbae29a7b41929da96b7276bbe06d,779,413,431,436
922770e2193e4fd9bdcc5a08d62ef832,1181,225,586,358
9239e7c4eaf6425b8d826eb2472675b5,1239,151,680,430
924524d2f08941c8853b6deea0f1ad86,680,373,509,430
92521b8d04714bba923d31cc128bfcc5,379,454,986,561
926252dfb3ad413082c82995a91398dd,755,323,940,682
926cc6a1115b478eaef35d130d7df041,728,281,447,395
9276047f6c2e4820a3786fcb0bcf2249,1237,405,620,483
9282446619c647c49db55c8a39fa3fec,1137,81,602,500
9291889c85e5438a91573136274f11e0,1032,256,609,372
9296d9e32279457387b0a61c1d06d496,321,173,874,631
92a6e8be4e8d4b54ab696180e866cd66,1142,317,407,377
92b19237ca454d828be36078f0d8c63e,1101,469,762,575
92b631822cd740ce90ce92525787a804,178,28,623,569
92b9004f4314461d9c59c51c48a15508,711,388,693,557
92b9d6b11e1b4802aeb2911f4bbc76f4,923,48,353,316
92c6766e9dd74a909242e74aaebc2936,542,264,730,570
92d20f3ed87c457c9ce41aa010bcbca2,699,483,740,448
92d74f2d96a34166ac2cf22a68d97793,657,495,598,360
92df5497dc51440e956ae9ec94447a44,1145,239,644,408
92e18467c8254df286fd259ceed499a4,256,457,971,622
92ede805e33b40baafb5056e19eedf07,602,368,819,623
92f7ef552e974d59a2061337e2b10efe,787,0,632,511
930497021e784d8ebd46c82e1ffcce99,723,233,564,535
930ee173680e49ddb5ea7dd3d782b1ea,559,235,852,610
930faf29fb32462b959551ae3dfc95c5,349,171,676,460
9315c18223e9497e9f680c5eab3c9a4d,953,375,318,414
93237c2265ba4bfc994654c34cbef183,567,157,1056,777
932f170e51c740a5a5d37bc9c255ba9c,843,396,734,366
9335562e453f4b04adb36532dafd86d8,319,406,881,442
93431c3f494f45e4ae107401cd3182a1,224,295,608,359
9347e57586ba4f0084d099b777217379,864,349,791,608
9385ede3c22144edbdf01c676d553ad9,170,398,469,393
939ce75832614afcb11f55a0b4d66aa8,775,416,888,541
93a6a46638dc4aa089cfb8ce0cd89e62,638,259,782,679
93ac53b4b1d44c11ba7a3d5195d23cda,288,435,857,575
93b5dbde927d4688a6dcd3e9211b394d,1111,265,542,404
93bbf530630745c7bf0584d2a0de8115,545,7,815,802
93cafa7a655748d9af153f04f3660a98,400,275,769,738
93cc822515f548a9933ace4180d29785,582,419,626,443
93cd5a3addcc480b800ba2a5c91fcdf7,419,427,641,546
93d3166386cf48a9b91c2712b75d1142,608,426,576,376
93d6d23a8b4048d7a0fe13ba8b41c35a,1324,508,585,376
93eeced44f164505b95d541a0e97d7ae,530,509,732,568
93efe22ec0ce4089a71b9f8c17de8306,641,509,749,485
93f1b02d2bd54b3290441657e4243672,603,408,565,531
93f7588097634317a76f39c5f34ef2a7,662,343,741,506
93fd5f78614a47c89cffcb8f556be87b,745,148,985,654
93ffa1c4dca940be9b4d5494ef756f19,275,456,805,405
9406af2f1a364f6ba8474effb45ad35f,174,424,701,413
940aa08379b94a8aa3e82d0b50a95dba,636,542,630,538
940e944c6efd446faefe117a099598ef,511,282,786,503
94182f40f06e4e998dce5bce1202f82c,375,409,448,387
941ed37602714e5e81896af1166158a9,678,352,608,449
94341f0573ba4727ac54d60f87526120,232,236,687,606
943c7ac8db424eaea2fb8b8b42d778ae,378,182,452,383
944271d95e0e453d9099e30736cf1cb3,678,271,423,373
944dbf53512c45eda5381d04c1edb725,0,367,455,350
944ffd156de744a4ade7c3c895643a4c,287,494,977,443
94511f83b8bf4283b48df4d781f2c514,548,333,748,593
945480ab47364bf89fd2c0dec556cd2d,151,416,491,448
94644eac928a4450b087eb7086d9c416,833,491,906,484
946f8e2fd0be44d7a535609005a15f65,419,203,1122,613
947a7b5d8c844bc095329ad835038040,588,191,1257,745
9483e6524f2b409287b6c3d1f6200dff,198,402,583,419
948750ed87ab4b67899e2dcd1d61cc92,491,384,818,498
948e670a173e4428ac2abf92ebed643f,492,0,775,840
948f9c40657e44729d75d37c59f0df3b,653,371,503,422
94945598ed5d4204be76594b932b1695,79,26,666,477
94adaa692a6140c792b31bd64fea2249,843,152,631,520
94ade94f373d4c468db1e7fe53febd69,328,233,679,437
94b5527fb7a64204be76b6ca858952f4,1240,345,657,439
94ba5734732e48f290cce3aa8d7e0fda,112,177,447,319
94ba940609114bf99c25d0bb1b3c473e,578,147,825,801
94ce0e6610c04d068b2a560474cbec67,333,549,773,424
94d1fd64e12d493e9327cfdbfbecaea0,1325,409,595,405
94d48c4746d1492bbbce34d8e0852548,189,468,483,400
94d8024b4f014152afa9b442e0f5a04d,133,440,565,339
94e0921840aa405689a8ee205ddde1b5,845,189,588,453
94eac44878aa4dd78ba957bc198dd23e,128,91,635,440
94fff624448a4db19673f66e5e6342d5,695,608,729,471
95010b7931fe4f258fe7a8104c2637c2,604,339,721,703
9502893af7fe45d8913d5effa606047c,865,123,535,571
950e426245d540f780aa2124a85cdcb7,496,415,573,424
951b8cf0c107451baeb8ae86a2d91875,1234,301,627,336
951ed6910dbc4e53ba29bad366a9f67d,687,401,630,675
9525743e3945483884678dbd813328bc,934,402,594,369
952f4c3c091e4e08bbc484b1de88a8a6,1326,287,471,495
95385ff38991409ca01d7de1f432ea20,824,347,545,367
9540e0c272c24e128b581e9088eed3de,217,255,836,674
9546f0392bef4dd8b48f43e08afe16f5,732,281,460,431
954b5da485f94634a090640b1ad5d37a,1058,541,727,486
9562bbdaffa14ee78764f9cf90ada568,0,409,703,467
95646965bd7e4dad813a312d4a1f66b2,724,179,439,411
9566fa2e6c2b404e8a4301424d8e333e,865,324,815,378
95818947b38b4dcdb3d4e9164698b96c,618,267,724,636
9584d695a2274aeb9d179f44e06f6481,754,444,545,471
958a36f0799e4299a057fedbca77707f,542,622,671,348
958c8572b355422583137767121ac8f7,36,244,795,466
958f72c61a5a449c90107e9cf643d67d,12,208,768,485
959dd888a75048c78857202738058e75,477,128,814,737
95a04988d8514118ae10ca759b5d947b,934,308,580,442
95a93a89a8ee41529abf0e9bbdd26cd3,360,286,707,703
95c6a0d5a79a4bf8ba48fcc9e89c5588,1058,488,439,363
95c9289744a846b6b56bcafa8a125f78,198,270,745,445
95ced2ad87d54c149bbcb3f510a076d4,1051,186,582,468
95d82c8b17584f988663b3da90defa34,701,129,498,410
95ed22127a2b4bcdbf9f449c2d50dc5e,896,338,573,401
95f4ff287e954c39ae6ee8e7c9f9daee,466,227,793,707
9604dc786dad421192e408dacc4533fa,498,417,572,422
9609dfec1b9c44e7ac3cc2e99357ede1,710,247,403,323
961b3d3d27734a3fb31f25964b951b79,1318,114,601,416
961c5f38ca9b4de88a8f9629c5df27ee,479,451,731,511
96299761727f4ba9aec20798e6392723,1116,440,572,345
962b87df7f814873b8de56b2506c5eb2,561,337,716,601
962c0f93a9864b659f4589013c5b80db,100,70,773,621
963673f0313a4f54991336ca52fb8e8e,783,415,616,449
963d4e5cdb0b4fc2b05aeb66e1a90ef0,1004,397,634,380
96412e2774ea46fdabc008720d832ed7,501,409,726,479
9673bfccd3bd40a3b3f5537537cdd8cb,495,258,612,476
9678ba1dd0ad452f9e31f22b0bb02ad5,795,304,472,388
968ba74712ad4a3da7baa7320e2dfb00,658,299,461,407
96a34a34682448379c4e183df69da2e2,507,389,564,538
96b5a4304bed420899520998d66828df,189,287,782,705
96b88d47262a4c3f9974e4c2df012c06,704,352,600,489
96c0357d26ce40eaa498eaa2817e461f,609,378,754,471
96d32aa9eba544a688e2a68ebc0486a1,856,107,263,219
96d32ba664404d50b54f9c9d63ed6f88,429,391,527,468
96e83d6203fa49b2923a0981fdb6f185,737,432,861,648
96eb3fa25817407788879db7be641d5d,81,81,975,489
96ec8a02b7d64849b217c5e971077ff9,670,574,915,506
96ee44af83a1439cb0653455e8aab0bb,1183,187,735,626
96f2b46a7fc34f3b908b6510fc429e63,617,254,777,633
96f3b5f3f8584dddb941a1dc66392fd3,41,463,1080,617
971929eefaf6475f945b036af9a844c5,1285,362,509,509
971d6752521d48149a6e7020100ead4f,237,283,640,551
971fe642731e4809afd5aa1fabbe0b80,851,0,277,318
972621c719c04f17816ff2a76e62e8bd,608,357,583,383
972ec3e7c64b43ea9dedaf6e4d4a1e9a,1,117,561,513
973133b82c57446fa567d05c02d61e7a,888,0,629,380
9742a76122c94a9d98aec1607e00ffbd,904,277,559,559
9743703b56e0442786d2edcc2afc9063,974,414,945,513
9743bfacbf704c94ae427df85e39a0ca,641,473,719,367
974650b4d8ac491cbc73926a57819edd,388,345,669,368
975f49d2432e4a7d8ec83f772fa92ddf,78,437,922,643
9783122cac404ec1b8cda816e0b438ce,801,297,514,500
97929ddb5d8e4a16b5f00b26e9d84c00,286,274,884,472
979c92e6465b49c598f129653b112d18,489,333,833,584
97a451df054e4a82868d5d23adc05ace,1,191,984,646
97a69fd3d3fc480d84241dd3a8075225,651,297,724,571
97b0a50dcb1c4af7a9eeb08f4e57acf1,856,32,390,462
97bb8b6525f24eccbf2cbc5dccffc9cf,197,121,1057,712
97c1cd59ef8d43feb5caaafb196aaeb3,726,270,617,765
97c466992a9b49d6be6e341b045ffa8d,755,222,481,437
97d7bab91ef446369516e008fa1d9716,526,409,640,444
97ef41a6cd1144c6ab963c0456eaaaff,485,175,825,753
97fcc62c83f84ce5affa2c6c8d793943,545,333,874,536
9802eea141f344928c3b557037d77db6,129,333,705,459
981f1b1df55843d18caa31c54710dc0b,718,391,777,475
98338db0304a46dfb4ce001887c4d4f1,209,195,749,472
9837bc343bb54a379d474887dba80a69,617,212,631,735
983a43e230284de68c6bc88b84dcb0b5,666,410,693,541
984e694bc47045ae816a9b9641295df5,570,229,538,598
984fb9577ae24e3faef299e22e6d72b5,13,441,802,401
9868d0ea206d475d8fb8015514f7fae8,188,10,504,373
987e6b074e62453d809dc5e73fbd7e08,748,390,451,470
98819313e30141ccb9f249dbae16f6fb,0,77,1051,675
98932b9ad0d84d41a42d17637ff65b26,82,81,973,497
98a5e1a221e648b6831e9d6c74271ed8,710,239,334,297
98bd5d64aacf45f08d21772e883840ec,1240,150,679,426
98cfd66705034edf8b2932673e64c24b,678,345,623,435
98df74f6d3924baf9c79217db85a506c,1087,28,757,574
98e85b1b359d4fdca69782fdfb035ca2,513,262,967,630
98ee31ffe6d24dab8a63e17f46d98602,784,313,574,535
98f04a2c90d942c6a47a31d91273e30d,643,312,906,549
98f32b7399604d77a1c25eca4f3c2726,1063,381,467,422
98f45790d86f4cda85b23febbc415c4b,613,457,572,450
99131edc4afa4ba4a435bc33319df251,628,389,712,407
991e3f8294e34494897db3c83bccb041,974,275,649,531
992036079e5540899e5d7516dbc22b5c,1245,154,674,430
9927dc56cdff40fe82e0848a02676054,627,516,734,410
9937e47098c54530914ceba372b50c74,656,331,842,521
9939ec3b671047dba41537a1578174c8,606,301,936,584
994063c621dc4783b0ce2e039d153997,226,285,685,430
9958966ed6f44d86892ddf98f6825f55,263,427,635,530
995adb6cae784e26aa686ab961c2c70e,82,424,580,435
995f6b4d0b924676bd0eb92a2a583130,1338,336,504,458
996122d6bb144f13bd1bea9585506a00,518,309,1017,603
9968341b62de45039c908dfcfdc5962f,710,232,585,535
99693178b1584034983b6eebe4ac00b5,670,296,503,544
999bf6ba57364768ad89234a39524873,663,487,669,362
99a7f08abba544738fdde45d8f929821,181,543,737,465
99be3522f5274a128a1a0363271a3299,410,589,625,427
99c027f683da4975a1e09e4cdc93b5ff,1163,345,722,428
99c4b99e6e704e63aca525cf56328480,0,242,1211,648
99c53da85f524201afe38438077d03f7,612,360,713,402
99c8df64bccb427ca9062e762789c196,656,465,480,287
99ca4f805525482584e975466324012c,616,355,490,454
99d36fde7e894855aa4a8adf00a6ee75,497,341,787,670
99d454cffcd04156a980b9c180803c38,801,255,515,543
99de2063b1784ae5b3829c7c982824fa,579,433,752,447
99e28c0051424e6daa44834b0ecac4ab,633,387,799,513
99e66290811a4e139bda72afe2781d0d,594,539,544,423
99f2a979d21e4ec986c402c83f11fab4,149,533,789,448
9a0798ce50434794a771da45c46b3f48,1155,418,689,551
9a0c6386081842e4959025ce7c45016c,642,375,678,670
9a14aea7b9b448ad9a7390fa441eaabb,831,427,513,406
9a1c749753334ec1b7bc115281b3f0d7,500,90,884,776
9a36084f91414ce3908fe2daea281125,734,256,716,676
9a40c285023f48d29b90890fdbee55c0,67,511,693,494
9a4fe29c386f4204bedafda0f87b510b,192,305,672,394
9a508b0e57874dc6957a149912c0d4f4,629,226,497,587
9a5816cea4724f0a9aedbf9bc1dcb4ec,612,277,807,546
9a61ac2b5e56428f975a5fde5f5ab07d,37,447,547,463
9a7e7d62640c427a90dc86e6dbc04b4a,546,263,751,562
9a84be4df9504713b0c2a1fa970232c0,83,451,595,420
9a86c46fbd5844e7bfba604ddde74669,698,318,741,593
9a8d4e6a88194fef80a8d89b1beff475,907,312,792,393
9a92efc779a34edd88b851c0b024eab6,375,307,730,585
9aa701cd090348729d1f25e057e24e60,78,200,661,342
9ab5b9e5ad5649bdb92628ca6c26a89e,554,313,596,675
9ac20822390244c19b4f44fae8fbd85c,932,89,243,210
9ae09c7a38ff4cd49b5cf0cb3224f836,706,487,660,452
9aed07ab8e1d4d8394f656466f85386a,256,112,497,391
9aef4ff8b419400bb51a01fef6c818ee,1283,223,635,378
9af78793d56640e28dc69ba4757e143c,246,389,1072,538
9af8896281814d9285cb322824b525d9,708,407,463,485
9af98ff08ff04d97a21a63c6734e64ce,412,136,622,509
9afc51e635ee4a75954dc71d2d099010,766,346,772,510
9b016ee3bc164f53aa54a73a83a5b7b6,223,285,1203,547
9b07de48cd9b4d15bd691f6bbfde2d0c,1080,97,652,469
9b0fdf6380e949eeafc5e7c09d5033f7,440,200,1092,703
9b192b4a770b4639b1a9202c285411ae,1079,96,652,473
9b29a7c30818479790f44df83bd937d8,663,321,613,636
9b4c05b554b344d3a9de940d1f1c619f,652,287,690,568
9b5054fc798c438bab8bcc46b3ff7d69,706,225,737,580
9b51879f67304ad180f0ce385fa8cbcf,189,567,799,513
9b54ef7052d64b09b0180f9ea9b9264a,659,295,942,675
9b5884f51d96457081c4cfeae7380df4,635,254,1214,800
9b5a53523bca47ba9f44b953d0d66cf3,385,438,552,500
9b688f32b0d14bbd9ba1c442737198a3,1353,87,566,518
9b81ed3fa8d7439489fc52dd46beee74,340,394,825,567
9b87f7a0af4f4214886241416e87ea05,138,288,653,376
9b8826110b3f4eb38bb46e8119b12baa,1054,456,733,367
9b9004bde0074641bf7042d7c7dbd3d3,365,232,438,474
9b98ff4e6cd54cebba21a4096d80d5e0,634,429,608,397
9b9d115f819e45e4b3f3d134b770f7aa,788,306,717,471
9ba9381e6f74497080d516f6238c3a01,976,202,591,422
9bac4f1ad8804fd293c81e83418de86e,0,598,678,482
9bc3be73861e4ed3915f0f3e16226332,1,373,713,419
9bc96802936f4ab1a5f1866504ad7749,717,461,440,405
9bc9f6cf5a604b59a8e8437595fa9ade,228,154,447,380
9bd900dec2884bcb849014f24319f3d5,570,482,823,598
9bdbf6b05626426ab3df4361393ffd86,650,113,895,682
9bde89a5ca5442a1b43beb59d3cce83a,673,120,302,234
9bead006277e4aaaa62fbfe96cd86dca,260,224,687,594
9bed6ea3b45a4dec96238ab04b073888,242,346,542,501
9bf48a6ca5154f47a24a3fa17b4ebd84,431,514,683,396
9bff7a0a578f475caccc93f095589d5d,890,542,566,538
9c10343f2c4e47038daf6277eb9242b4,655,0,371,178
9c16dfbed48045e1b51a492627aa7fa9,449,501,657,579
9c1f058188074544aece88f99dbf56e7,680,435,744,549
9c251e8d2da24a358d4155d9d410e860,618,415,730,526
9c297bbcb57b4f3c90cfbe79298b6123,543,555,630,524
9c29c75aa4b04816976f2e1c37bfe11a,650,247,651,537
9c30b4787cdb4f448937e694efecb2e6,153,442,645,422
9c396e5cf89547989145af32d2b11319,267,272,1027,684
9c3b3a37db5844d98f01b02e67afbbd1,1244,487,640,342
9c3b5164e43245eabe1d24af8572d32a,32,517,489,421
9c4fd7b2359d4b9b99aee82acf15310f,1383,382,536,466
9c528845a7b544869f5e5d97dc1e2a1f,731,0,556,523
9c55be57d613475fa3681f3a33d2bc1a,1268,109,578,427
9c573a4d794b4ffc85f5ea169672910e,0,213,570,426
9c5b58430ded407fb8244616e897602d,328,436,1339,554
9c5b7d1881ab4f9dbe2e9d1a4f79dfd0,1198,311,622,467
9c92ac2bfffd4deaa67d329e0d305a76,833,365,664,563
9c93f372ed624303a230a85be3b7c278,12,303,1066,538
9c97ad9cd00e48bb9935af74ae65789f,1319,307,541,560
9cab3907fa114467a7ab0dae706af5b9,921,689,854,390
9cabe1a1e48349ddbf4e3230eaea901e,848,429,485,304
9cb12fe2012c47db9a01b8ad2bcc3df3,565,412,567,550
9cc3b0265212487183bf2ab023b2edce,0,257,642,368
9cc64db8be594052b3c8ab25f58be672,627,416,597,485
9ccfc5c4cf874775b4feb7816f93f4b4,935,135,641,409
9cdd2a5d78514384ae9d75ca1216a5ec,601,451,789,381
9ce166b2959c43b0be7fbe5483014adb,558,329,1275,562
9cf589fd83cd444d9e124512d09383be,1,0,696,487
9cf98313c32b4de68bc88e1729048871,922,0,233,175
9cfcf3c08f0c4b5b821268ce559e7075,980,467,835,408
9d00edf7ef304332bc87c48c949f7f6c,269,313,1001,664
9d0aeb588e2b4be3a9814170205f9304,804,479,1113,578
9d1ed6a602094dfca83312b6c2beeb09,508,278,917,617
9d2c8bbb471443628cf77282b4835d58,0,406,767,390
9d38c29dd263494cbf55d7ca477d46a1,463,301,889,621
9d3b51a44602411bab2ab94ca0d86d0e,132,331,809,447
9d3cc3bd80f2433b9cbfeba6d99bc483,832,338,542,554
9d407091e3aa4f9db885a8db0fe20167,605,301,979,625
9d5bcc430fa04595b8767f6d48f35ae7,660,607,990,471
9d5ebd173a594ef48596ab61453b3bd1,335,373,547,345
9d78fed2a8544dd8aa32237608f2fb46,637,33,705,654
9d9e7cde7a29431aad5d375cb7a6a88c,1157,342,627,669
9da4296209824a6fb94ebb3e5ae11acd,994,360,496,353
9db244ad4a454d8bbd8d871bb3d854af,761,336,633,451
9dbbb8c8cc6742d9ad17a7edb766af15,576,296,680,587
9de8dc4697db4ca9a60e71f5e8533a7a,566,0,878,685
9e064fed4a854a76a2370e1f7c59296f,628,266,671,591
9e12d2edbb2040eab83246961f4c6850,713,354,804,474
9e1fdf64d5064d2a90007975a880ff88,1228,421,670,411
9e2cf1c6d98049968417c950745862cd,1338,333,560,369
9e31366b53d341369511fb080c060880,670,374,549,514
9e39609f874f43a8861321c38040c5d4,327,254,690,470
9e4b093047094517be71b1911a668559,176,184,1019,623
9e4f4c3cebda4afb8d4021a9bb673ab7,760,426,437,428
9e54381cf93240b0a2c871c35387b9b3,317,224,718,520
9e609467e0d54a69843703ffa98521cf,1087,558,832,521
9e798347edb642a9a7a3d38a778001b1,192,124,1062,710
9eb03949f1ba4fc58d65365befc9a161,872,0,506,236
9ebc8d29ff4f4a5d83e45fe1331978af,953,242,871,616
9ec379b4c5b54f059fd125b7aaa0e4c9,67,394,602,518
9ec994928ff64fe987275615f565944f,768,258,769,599
9ec9b82183ce4d458f2f75436be6c9af,790,527,825,552
9ed00d9589bb44b4b80c94751c33bb0c,372,436,899,581
9ee933ab2f404494a7a531ae062c13aa,574,91,830,708
9ef7126990bd43aa81667b3c3ba104c4,928,442,806,478
9ef99379ae5142b593350293691d0441,39,425,702,409
9ef9955726744d479b3498441c2f250f,615,142,639,636
9efdfee3c48647ea901474bec455f864,1268,175,650,732
9f10a94b7827449980e5e7001ce397eb,1024,169,757,697
9f1cb06617ed4d39b94717bdeebc1f21,806,111,399,407
9f3054fb9762485eaf1ef8f8f86fafb5,539,129,794,652
9f469fc5274f43afa479f988c0898bcd,449,411,787,606
9f47b315fc634a379af34290ceb6e2c2,1,447,660,351
9f8caefe63134689a8da9dbcd10f18cd,137,200,612,411
9f9001e1d202452984263dff5062d686,636,527,713,395
9fad83f7a70040da85f7a09cb5423105,705,298,841,541
9fae0e5ee5fc4c7a81e16b6d197da5c8,613,307,646,540
9fc153b3ffd7444d85c5bf6084605194,926,0,230,174
9fc168b58352421f8f9d12856406be63,229,49,488,515
9fc2113b4cb649c19e3459f0526b2956,447,539,500,501
9fd696b4294b4b0792f06ba958b01624,752,470,671,522
9fe4c9061cd64cf199d03d7a0ae4b325,434,79,764,704
9ff5088988ad4aa4932b40ed6004ff4e,113,391,551,401
a00d7200d50f45d7a12e6e78943aa35b,669,65,327,286
a01c83af23284ed08a504f9bbf776d6a,865,320,824,381
a01e5fa4daf64f188c3f8cb2832efef8,827,494,907,487
a029f9788b9a410b8ee48d8e738ab3c0,183,463,1029,545
a0344a4460b64886af4a6db0a17d6ef0,676,241,369,328
a035414874ff44d2a85fa2636f9a31bc,723,0,449,449
a03909ac18dc4e3bb6c8ebed5fc3abe4,489,369,746,676
a03ab6d09073499283b4fa10d1ae4c48,434,179,737,733
a0460b24dd5a4792b480f71a4dc1fdfe,724,419,483,482
a048b44e26a54c02aea10b9099c8fd26,917,114,733,642
a048e1da09c14cd7b84ef17a8e94a4c9,1224,375,644,441
a0625750fec5443d8cd254eb731f7900,667,248,1030,619
a07421f1ea274e45b41f50e69e1ab2dc,150,304,708,452
a0845cba3c174724a0628cc48e981fc0,626,251,1013,580
a087e766a81c463eb9f7a626f25c1482,585,0,860,636
a09e1a67b6164f0f91a1603b04f0e68f,671,411,611,532
a0a34498649e4b3895cf4d3d82615338,559,330,466,381
a0b18b5719a04942a5391a44928743f5,542,292,774,487
a0b23dd893344f91bc64137992801e1d,474,381,861,574
a0b7c0798e5c423ba2c90d1e54f5a598,696,411,534,519
a0c40885c1a84e129bfb1734e30ffab0,782,286,320,307
a0d163c68ebd4e87804d0a4d23fab235,632,388,801,517
a0d61003f2f2447186aa9c184832a5da,851,0,277,318
a0d74cdaed44492cbcedcfdad1a5b548,153,455,735,345
a0d94f0355364f919d3a9cdb82c3bd8a,560,0,854,804
a0e1c97712cf4fad9807924a489db7b8,639,359,700,525
a0e23255507f4132ab3a1683fac6fce1,1051,190,594,534
a0e37dc43fab40bab6b2ddeb9b1f0607,395,475,932,525
a0f1fdefb6e24b81a79a365d8214b711,42,587,732,423
a0f2e7d182a149babfc954f24a49b29e,390,431,842,649
a0f9aea16d7c4f9bbe367d25e39faf72,578,548,807,413
a0fb456e339b44c7b6a5fea65a7ef66b,1073,401,653,363
a0ffb2e9dc384031aa3fd4e42f4df327,479,182,581,756
a1128f2698904140a51bd3c63cf47feb,560,350,884,568
a1241dffe9b84ff3bfca49cfd6b1526c,752,336,478,480
a1393d1bbfde4d5fa1f6a3b632f8e790,702,478,664,461
a14bae5af54d49239e03565e87d2df9f,1328,408,592,406
a154b7e542cc4f12b353e79cde3419e8,876,117,413,473
a15543ca5325483b89cbbdea51e1a54f,431,309,540,397
a157373b8f834e1cb25116890c4e4791,86,0,551,336
a166a8b9c29a4a02a08ca2a42be4e86a,0,403,398,347
a170a66439684887a4cd36e7b85a1ec7,267,483,765,442
a176d5d82627466495d8bce23b33428f,483,198,772,624
a17c189cf4974bb1ae98a8adafdacd82,2,132,1481,730
a182da82e95249d59890bd3c2a642708,383,423,634,457
a1831181ebca44eab48c0481943bfd2e,511,323,1233,586
a1917badad4a49ef84e4ca054dab34c4,1,15,860,737
a1a4d3f3efce4f20b3a308fa505a8006,188,459,804,529
a1a5365c33b04b45aaf53d8de2998018,1250,290,518,625
a1bd35391fae4bb5adc935f0b18349f9,737,481,577,473
a1c52547fa3a4a9d988533bc8430b141,484,374,701,597
a1c8b5a534384f9881a26f2f8b69f105,616,269,715,630
a1cd219cb3184084a01e638dd6251a7c,914,25,256,227
a1cefd6ece6c409994bce04865d223b7,1194,457,407,338
a1d22da89d4a4489bd0b1f65e4d3795d,473,382,863,574
a1d81a64d7f0418b88bdeb0760daae0c,461,408,736,480
a1da098c7024457eaf4ef7d690346fd0,1,108,677,469
a1dbc74362fc421aa643f27f2c5c3794,198,277,855,446
a1e4b335a3bf4086a40b804cfedea77d,201,258,724,453
a1e699e7d7ac4b528b5715cb0b0cd5f5,253,248,750,412
a1f6f6456f45452dbeed62bcc46e2cc3,554,259,566,520
a1f77bde9a88483bbd20a4b090834857,678,446,800,365
a20a711ed40248f896bf57180dd9ab46,763,442,866,553
a2107654dbde4ba1925ae59de91e5c33,465,646,785,434
a213bf3a593b4bd99338286657eb26db,763,259,730,448
a21c1f461e0a4ec6aab364b0a11f4de8,961,229,726,535
a21d52f0fdbe48e282529003988c4358,1174,385,504,329
a2379b02ddcc46d48ccb78be98c2e223,647,498,798,580
a23d021b70a5495594ee4604790d6f89,718,350,836,547
a24341e025cc437689bc47ea7c7739d8,699,578,959,396
a263163648644347ad1b57db955c5d18,690,480,646,413
a268f35c64c24124b6100a07ea4c881c,165,245,713,460
a2781eb051524da393323ae5f1c50a84,353,170,665,466
a27924365be34608a104be9a434bab29,62,222,673,538
a27fdb3a77ee4592a898abbc574c796f,768,247,562,469
a28183c5036f47f0a3749d293e56da5e,438,330,524,372
a28c1b594e66448ba4b620ec99f97ba8,576,368,604,604
a2930e8797d54229a161d5f66f633211,787,454,555,476
a29a08072c964c3f9ba40f8b5c358549,8,284,639,404
a29eb6608fcf413b9a6089eb113280dc,94,204,598,315
a2b1d29474924f33bd72f47c8c23920f,182,522,484,405
a2c0ee9e9a9c4a9daf5545d1a1861305,336,170,886,620
a2c566d48fde495b8ecafd0a9bc18a4e,1215,365,693,456
a2c8702f2f65480b838e2513c6487af2,347,287,600,433
a2c97335f33f4154a0b2bff59aed029b,380,345,548,374
a2d128c2bfa24876aa8eba538dc6e7b3,1158,254,762,510
a2d6077a07454f53b69016a3032d183f,487,1,646,583
a2d9aa9398c64355b8e2376571287ee4,401,235,736,537
a2e79eb08fcf4ca4bbd812a48d0159a8,723,219,620,519
a2e9856e9c30472fa5888a87cdfc8796,112,127,847,564
a2f15d5c303c4957ab60d346c81a874e,198,311,614,386
a2f9cdee3f7640f29cef4defc6814dfb,1261,278,657,523
a2fba6d438204bfb972c7a123da980d1,150,417,547,479
a3018de85615478d8cfd3c736773c099,610,443,797,625
a305e7605aef45d78dcabb782ef9f5b0,639,61,712,647
a3130474b0794b168d813e7ed3de391b,691,4,606,701
a318456f5e4840ec984ab7bc341599bb,534,304,709,580
a3195346a77143c49f20f99e20e20da6,610,313,1089,764
a31d6942bd914c7a9e3a735fb37e326d,926,475,867,451
a31db6be0b1a4822a3e2bb9d13422a33,477,515,527,414
a3225815914e496c8a2c02cd9dd3d1fd,831,484,560,400
a322b5621b5546518192ab48185b172e,442,505,810,575
a326590dfae243cca16ee8759fe8edee,218,203,1038,566
a336f6387355497f8a3642a6568714e3,678,345,671,594
a33cb9b0a3a447b2b41e928c4f22cd53,1189,144,729,478
a343356b445746d297c21b78b269a155,1304,78,421,305
a3518832ac704c1baec3f74704f33bb2,649,435,572,538
a35a099b8ad04cdc95c8aa712b3595a4,521,329,906,546
a361da5883374188a7eeebe550704fb6,689,430,742,342
a361f4cf65f34d49aaeed4fe1259c6da,290,322,1050,484
a36f03c650d74f54878be23be409afbc,285,304,707,381
a3782d37a4bf4024aa49f52abe7feb70,227,280,775,438
a379da7bb2bd4aff83fe15848bd7437c,486,399,916,508
a37eb18d822b40edad302a63c4798299,771,571,947,444
a38a5f2625b84ad5ad6aa26ade14bcdf,698,489,622,510
a38a9ce82a554e4685764d4f39ecb5a1,985,480,811,305
a38cb23ae32843cbbbe90ef3106ec029,64,409,643,468
a39686ca19aa487d8c14d1fcfffbc84b,0,75,1049,676
a398327ed1c24727a0ecc636068d0fff,829,424,820,510
a39a245a1d724a40a9f8938ce12b5887,1023,560,896,518
a39cfa2e577248ed88bd4a5bc355890e,93,47,668,480
a3a3543fbb3b471fb78980d44bcffbfe,643,264,701,637
a3ad4997061f46fb9ee24263386c1094,935,195,606,381
a3b025be60cc45cc95b3560e3606b221,100,207,669,699
a3bca4c6acd14264b1756fda78c55209,770,176,601,547
a3d1bbd576f842f5911e811d6acf9933,10,231,797,459
a3d5fb12cc0e4f27a9beef173a6bee22,712,440,516,441
a3e9422997fd4d9b997953455a79b089,537,486,741,594
a3ffe0e2d8f94e008eb15da15c42fed1,34,365,1215,470
a409fe197ba04985b421d9e5fcee632e,675,0,468,399
a40c16fc217a4a36860160677f204fb8,364,237,1005,714
a40ff6cf43b8401a8b2db73679d625e4,905,270,764,642
a420e11949794aee95e338eec8b4cfea,845,347,650,439
a42821b22e5247f2989646daf87db90e,1009,434,463,439
a4422f504f85488793ceffa4a4e4ee91,522,0,870,783
a4460cfa31404893830d60fbf74090dd,444,421,433,304
a44d749ca7ae4eb292bbbe35a86d3cbf,287,430,584,512
a4579664047542c18f7caf4dbb42f44e,197,274,627,366
a458fa1fafc04a8e83e978dee02e0b80,163,124,951,573
a45d13d980c342a8b5207bd39908f11d,1367,372,522,456
a47d40505ae54859a7350e585c8e9f38,578,437,888,511
a483211857ce4ce8928ee6dc66cff7db,397,257,775,758
a48c0a3da59a424db1c356c7fda1029e,795,353,534,445
a49cb30096974a52a62771eb749ee7f4,597,347,824,527
a4a2e7e3db574392b6bb92410d4e2d80,16,163,701,517
a4a677a287e9458aa665bfe81c6b983a,877,326,1039,754
a4d17c7cd3374447a68f228227aad44c,791,8,1127,744
a4e955cf180843b98ca0c6271a265cd8,311,256,1022,570
a4f006f0c71549e1b60cc090d3dd6de9,278,436,820,413
a5102afa30344445bc3f47075156f774,158,389,725,548
a520c3a3f25447e181b9ef6a49f918eb,630,279,465,495
a5246345af5646d8a35c782f684e1cec,560,400,737,490
a524b8f9b5ff4a15adcc0cd2cba3bff1,1290,401,473,402
a5386f981ff1453e855d91659db62826,789,316,333,313
a55386a055854da692440f4d30d4c4bd,219,256,651,592
a55fbe7faab94b718c984e64d25320ba,298,296,1014,661
a5606c8d34b541809747dfce0133a817,489,414,1005,516
a565e64a8c0b4855ab34a8c9b72ad2fc,689,354,805,491
a56cb02d4cd44695af4140c6295cf019,698,378,612,458
a577c9f45f6e4a9d96a96952c8435c86,517,454,424,496
a57f21f102e14c189eb0d388f651acad,771,314,534,538
a5835da84637463d9ec66b3d97bb8f2b,191,514,621,357
a588dcd3f1c54a95affd7ace5ef917b6,863,242,760,484
a58fe6fabb0b436b9462834cdf4714f8,728,75,662,644
a59017885ea641a59b0bcd4b89982096,913,373,843,528
a5902ce9bbd746f59e2479cf25aa3ba8,1163,358,518,381
a59cdfc9a4224ea8a5a975fd2c2010c0,557,368,964,583
a59e73ee03cb490c9b19b559d4dda98e,565,301,924,614
a5a14325d23e4735b3e4c243cb0d740f,762,300,315,291
a5b1d89f99604f969896d3ab7e28c0f7,637,350,688,488
a5c31fbf4b2b428b9c22cae32530e072,404,207,781,490
a5ce3c64b9e04fcd87ec3138113c8f9d,399,369,769,429
a5de7eaacc6f4268a1b245a047fc5e6e,552,246,1045,629
a5ec00f953094849b265060752946d5c,861,298,814,415
a5ef631f7e7d464ca452648de41ed100,648,496,797,582
a60dceb654284451b27eb6dee54aeb03,902,436,537,388
a61a1fcccd3746ae94892e1fa5e78bcf,907,374,765,453
a61f0f71cab943fb9cc58bea39c6ddda,572,296,559,533
a63ae7145fd14ea1995438ec1de5f50b,733,113,496,412
a63ba6e4732e45dd9158ee2d902ff4e7,237,303,650,408
a641589f4b8a44f4a2c1b3b3b3afb34b,648,253,830,656
a6427aa1e5ec43aa8993be9ff3a0c402,92,179,803,592
a647f4c5e474400cbc23819cef2219dd,638,470,608,406
a64bf8daeade464296fa118086847bc3,379,177,452,384
a65bdbff54ad499e8dd2274c33767ed4,426,391,529,408
a66be38173e246be9a34aba8b975ecec,757,297,638,556
a678110966a6439388a2af4b1a05a0a3,277,326,552,551
a67c841f09364d7384b95de9a92f99ef,278,456,819,393
a681ae89a0c74fa0ad37d1465287a84e,574,90,826,706
a688894d2e894e3a9beb66db8cd62214,354,88,498,501
a68b6d1d57a349dea85b20b605006443,616,356,466,371
a69bd82e05d745afbf71a4bf2c538cf1,402,324,581,473
a69d9e43fdf74be4a264cb9cf06a0b8b,275,426,575,363
a6ac0b626e8c46b59b9ed8efdf262e49,448,302,512,525
a6b6667ac6d346669f15daf0d23438ab,13,161,785,520
a6d040dbbbe347469d92bd07f4a34324,623,119,920,677
a6d27124cb9142299b2c296f0956c0b8,533,193,687,657
a6d3d8d917254ba292c75cd423ae2380,638,245,757,640
a6d4623a474a45819db4f008930e49b3,1146,38,726,528
a6daf81e034241f480b229768a3c8a5c,41,583,732,427
a6e06a0bb97148a68cf55df1a4c13fe6,236,139,852,564
a6fff00b1e0e4b1281751a3e97659d78,482,294,1018,652
a7050c1ef361424f8e70c84a1b03f9af,553,507,844,485
a70dd5a7748d4c07a8e325d5b04f36b7,668,479,664,354
a712bf5cbebb4618be2711b018d72766,1417,193,501,562
a72ebf6c7f5e4ffaa93ed37cb58162cd,1,111,1046,601
a73076c316c94a88bd3bf8f289fddd89,273,329,904,474
a733d1bc5af4431aa526328616010c83,292,514,731,486
a745e242c9e84bdd99229ad48ce5da08,712,0,674,634
a74dc47fd2fd4197b170f9ff56121e36,559,360,882,559
a75ae033499b42ebb919c3771e1295b0,604,339,722,700
a75ae45b5a6b482990266f646c996ed2,610,341,584,533
a75d2d21d18f4241906b433045162bf2,626,351,888,632
a76353941e824a5bbdd11d453c34ff28,699,357,701,633
a764040c54b74140bea40324c6af698c,451,609,762,471
a77365b03da749f8963fb5580a9d422a,626,415,599,496
a7773e2468284e18b22f69f97f882e9e,1222,8,697,537
a77f775dd1a34be19b8f1bd8484b6176,705,272,675,687
a7922aa63c67409286370a2c80231b95,478,576,660,504
a79474a99ddd49c08179d894e5776b7d,609,377,755,472
a79eb9711fb94621825b9a89f95eb267,674,307,487,415
a7b349970fd14283886e0ea4b46b1ecd,594,463,771,617
a7be5b306496460b837f9352776d0f6a,771,0,543,588
a7c0664adfae42749b32f09b65fcfd89,489,305,407,389
a7e58aa1c7ba428cb67bc01a439d3859,409,0,1000,842
a7eb8561f50f47988555c368c4d92d69,0,138,636,450
a7ef1fce28634df6854930e48b78092f,148,296,586,337
a7efd40c24024a7b98c1bdd897589f20,200,331,616,453
a7f1bafa0b294df99f8d981a119d984c,588,460,891,512
a7f6fba4e34942969085f4662c5e2ef0,378,202,623,493
a801d84e1fce405b94a65f69c035b985,531,220,759,678
a80ab773e1274f7ebf0d5fe4778f60d9,661,455,974,625
a81f5eee22eb4ee68ef4db9c4191ffc1,1033,130,724,512
a822df3ae2544455a60f07c385222796,1054,270,757,512
a82e966b73ae41d98dc675e8a09ae3f8,496,410,1193,499
a8399376500f4bc2bf03ae9ef44e4c81,398,479,691,366
a83ec961846941be88351f9a27b95a01,889,212,703,366
a8416c9eb46243b1bd8b1771acbea5c1,847,223,297,280
a84559484c434824baca5f47faa3ea7b,147,285,561,596
a846ad8e944545dcab062edc7897036e,593,475,601,438
a85950d139c649afb2dd3d63d663d03a,1263,402,655,482
a866d42fb4b647e58b9307153f0f994a,503,330,848,323
a86b6d85d7c049958f9b04c6d28ead95,810,125,297,321
a8789bc184c7471cb664066ea8e211d9,327,593,650,410
a890af5e587f4a8797f38372db2901a5,646,239,839,662
a89cb8dcb67c4d1b9d2531770c167553,1010,161,370,329
a89d96e44f0f4e008cd950e9868c00d6,1181,405,679,411
a8a19d89c17540e0a90ecb5195cc66d0,367,258,729,376
a8a9321545264a57b0db9c835050b555,906,545,544,535
a8abc6ddf63b4e3cbe73c1ae278d2c74,395,411,682,518
a8b3ca3e39244503911b8356299fbe79,939,197,608,381
a8e28aca4ec940b18640f10f1285fa7e,1100,379,723,398
a8e2d0beabc64dfb9f86e76b6e498d00,245,488,811,401
a8e3e0275aa049a6b9d6e1d62cc9fd53,488,326,637,542
a8fc0fc5ec8a48f1baf48f62593ba276,48,334,517,409
a905cc7059b2425f915a82bd198dde12,537,99,791,733
a91750a1b06d473c8b2c769e5dd6beca,627,438,703,642
a91952de43ce44eb956b21b142f9fb84,90,467,953,504
a919d4f8d85d48bfb9cace7099dcae45,678,357,623,476
a91a88e6cc9e4c35968a6578e56ebe4c,704,514,458,389
a91fee0e42e94aaf99824a86e73b829b,1240,20,506,514
a92e33e412e74fbd9f7c9b2eb6ffacc7,168,289,588,387
a92f0696ff424b69a999092560a04345,669,408,768,448
a93ff31cfac245d0a63f9cec4e39a83d,487,350,777,603
a947fdca9b384912a3222fbb28f23b93,664,322,613,634
a94ad7748ece45ca84ed5604bcf5f596,747,379,455,469
a94bed3139cb4057b886b07b3ec542ad,775,503,830,472
a954ca18ce4c4be19126a73a536c9d02,685,41,655,582
a95ded72d82f460ba97e6d9f3d850d19,394,528,1131,434
a9635666ad26423d9eaec676999495b5,708,398,692,552
a9669e0c48c04892b9ccdee654fe213c,587,411,724,437
a980118f0ccc48fb9d6872d84841a2d3,771,196,571,479
a994d63ac17545c793172eb72dfc736e,190,176,705,600
a99e5dc02a504d6c9410356e242deb2f,1283,102,491,384
a9b0b74d31d04816bba318cffca1c5f5,212,419,756,464
a9b23eb0c52e422aad9663ca80ea9fa5,114,121,847,570
a9b294d5ec0e44338f53adf1ca883925,1134,52,539,457
a9c3e631dd4f4158a09fa30c3689a210,0,270,451,443
a9c41f47c619438694fd1371957010e2,1210,205,551,383
a9c6f9ecfffd44c19c411eda4257623f,1244,318,502,417
a9c7758ec9fd4f6ba2ef988d2b72460c,450,136,979,685
a9f72e6fffca46898314706c1f5bf833,434,562,622,509
a9feaed44012435a87ffe826191d99ae,215,391,636,422
aa063cb94a8843b78408f0100fc75c83,647,345,633,433
aa07f97611a74a828132a2f2b6ca8bc7,277,254,1093,766
aa09168ea6814689ae3efa70689a6587,1345,300,574,504
aa0ad0bac6ce4df89c748943b957cd16,498,205,803,505
aa0d585075b6497f8f057af3c03642cf,115,430,504,433
aa13a1b6de3e470fafbf0716b1fd9155,697,0,374,377
aa1b25023e484d2f9aaf750761310869,575,289,648,658
aa205451f6874974ad7659b16e9e3e2a,494,415,883,401
aa2138393359408ca8974e017d02cef2,80,546,840,441
aa2ae39b7ebd4419a7c5f3ac677c1201,613,351,730,444
aa3078b71c724034be1e8da928349c89,1251,510,668,368
aa3454ef918a49c5998e66930b04519e,887,443,570,336
aa3dece8ad6045e2b404fb8aa8ecd5e9,1458,237,433,274
aa3e6673999146b9ae569c3a1a0d1827,362,464,587,404
aa3f635c46b94eb1abe9b4c31f775ed0,1323,68,596,521
aa42260186a34da8840c7c47a959f0bd,720,281,642,539
aa4ad47fb8ca4a34a9a19fa670106937,1340,333,561,369
aa5dc9b0c93c4165bb32f1f06eebcecb,335,244,863,814
aa5e2d1540e5438792a6e8f27b37d95c,955,111,737,560
aa5fc1a62c30420bb7d829437fdd13b7,765,366,950,460
aa632dc42d5d4287b01a87d3003b713a,227,346,664,432
aa76ea18dc554ffa922145de42a9c458,652,438,590,525
aa78654ff8774a8580d7d8edab37c6b6,312,96,678,496
aa7d802f8d55487887b8b7e224c64d22,706,382,443,421
aa895a8309a640ca95fb02582e265970,0,360,526,514
aa8e141b394e480986b8ca9421dc43f3,773,245,569,559
aa95d146f3fe4a1697b8cee683d34c42,1000,350,511,435
aaa5b9bc9120444d9f9ead2c924c2c9b,255,398,972,682
aab87e0ce41b44d3bbbc800c6afb228f,486,451,753,440
aac8c5dbda5e4125b2a9453a56b20638,655,160,1012,584
aadf05abfcb94a0583baf489d0fb1b76,453,614,756,465
aae1ddec128c4b6bad708752dc04d4d8,646,238,839,662
ab0599fcd33647ddbdbca6d8788a95b4,645,292,806,485
ab0c8da3b9e74bd29db82eb8d9c34913,864,345,741,610
ab102283539445bbb7cad2971714623b,413,343,798,540
ab188450a28848c6bbce43120fefc4a3,506,388,564,536
ab26d59ec1cd4239a34f80262a9e715c,347,252,1059,683
ab2ff23a2775424ab6d6da282956e28b,614,395,741,409
ab34af2488ac4b7a9ff6e04196bc5478,0,509,581,359
ab445accb06546e5a8d745f1e2d48f8b,1181,390,578,420
ab455a3d25914386806964238ba68fa3,1201,544,664,511
ab4b0519ca174cf38b52d8ca901f54ec,475,418,861,609
ab4eaa532c734e92bfad68e39c28496c,411,586,623,430
ab5bc899550a43e19b59b427d8704522,1192,228,704,532
ab639df203e74022a3a42dd417f3fb26,666,426,1036,528
ab6744d2922a4d36aeb3b7c9fd66fcba,373,411,446,387
ab70fd4fbd5a47f2a685310e587e6619,484,220,680,617
ab7dfdb360ee41a29b7f0c6dab14ac66,170,596,566,349
ab97f5be0a9e435da03732382f0f4556,900,364,604,428
ab9d4bef7cd140e19166b00cdd7d436c,404,482,797,458
abb5e595811b4cf6b322ee498bd68b58,775,420,886,541
abb9a1c3298743d9ab825c981ca513e4,742,904,716,174
abbcbb5a24564a65a91bdde6949af835,72,0,786,605
abbfee24bfd54c5680d9e0d66bca032f,548,272,699,581
abcd5bf095e44c849aaf1628ce3c00bf,565,250,865,637
abdd40f962c448debbdce0be6e83e26c,753,431,536,409
abe57d21aebe4897b2f5652d8f7f47d1,674,451,896,463
abecc41135b043b1a0bda9fcb3115de8,610,618,485,383
ac00cbfffa7a4553aacc74dfb99958ef,581,306,681,596
ac136177d5824e2380721c4ceafd8a2a,190,561,797,519
ac269dc0856f4189a14a71869d6d6f7a,0,8,576,607
ac2cf5e002bb43a387e3ac8a33b259f7,671,207,872,620
ac41105cf7a94608a034280e61df9ccc,386,18,1099,1028
ac44320dadc1450bae2920c3dd3ca634,1202,543,662,506
ac59aefffcfe4c0f933f7c7ff06cbfd3,313,313,448,337
ac5d886ea5ba452fb44691ecf313ff17,442,395,446,341
ac61e9f71f1545d4bdf646de697d4359,196,353,866,568
ac67c8ea36354d6399a71d54a513c171,699,334,305,325
ac739eb0fcd94e618116747886e3ad27,750,389,591,403
ac759a2a0fa44fa8a483e17e3bbd8ab0,470,259,726,493
ac793982fd9c470eab6071f5d2d1c505,984,344,471,371
ac7ec5fd781b44f684d01a8c65409c28,350,279,840,649
ac89ed5ff76b4219bb823163de6a9f79,840,477,1078,505
ac8ce4b3c27248788f90caa06391c6aa,196,437,683,416
aca83dd037494931b31937137529a91c,686,305,803,547
acbb2297ae6d47db8944d63a69629a33,275,548,733,532
acbc18f331bf40649d34d9cd28b098c1,1210,355,645,423
acc230d1809f4beda8e18eeca56e99a1,78,299,765,388
acd2e7444f914fd09489c619a5dd5c4f,1177,423,651,388
acf25cc7f9794e6097860bcaa5d14736,591,392,681,600
acfd1b686c8e40dbb0786cf427fcaa0e,451,144,861,700
ad1042adffe94664bb7cd990f23aa09b,489,179,406,353
ad15da816f2840a1a4f7597a41a7ea25,1215,396,646,460
ad179a8610cc443aa548bdd5c5959728,223,433,1016,647
ad19cccbb6874ba0b7931906436a6998,1073,129,639,463
ad25f496bf4c4943923e5ed8b0cb2b8c,922,633,912,447
ad3301e7827d48fbbcd28da281cf72ac,417,331,676,513
ad64de7148a34e3b8ea46b253ac9d732,718,598,1076,482
ad6e35cacdea489785cad52c6d154111,599,298,645,584
ad80f66d30764540bed073420b8d616e,1137,189,618,524
ad8628d0cefa45b7baabdf516af6d0e0,850,425,816,509
ad8ca5b2b86e48919e658827aa43ee3d,114,435,595,329
adac41c58f724bd5ae9232f0cd3b0fe8,422,235,736,514
adbe1450f25b440dbcb919c04ddfeea8,907,136,386,347
adcc4ad1c6c54ba8bf4cf214be259ead,883,367,584,417
add13a94478f4a3cb5468bfa6cab3486,573,357,837,515
add16726aded4acea49f94c8e636e18d,60,369,531,469
addf7c807f304f2295bb74c406666912,1221,83,698,437
ade33762c7e244ada7ebb924fec463f0,640,311,597,520
ade79d6d019548adb0d9b1795ea81ecf,650,236,586,445
adf3b90d6538408d93d532f00c7f24dd,337,76,761,590
adf6f6bff3444b96ab5d7091b4ef68d0,0,106,629,442
adfd3db8c3dc4f4bbfac9f8c885a28f6,1201,442,664,394
ae00de811b514c0abc0bc74db2c1721b,263,376,518,401
ae226303a6ec412e9d259af1ae21ed15,630,387,572,454
ae25f0f01bee4b29a591f33a24362f7d,625,413,836,471
ae2bbada74a24390b2273984123f686e,498,333,648,381
ae2e14954eff4b64aa591b1494a1b6c7,92,379,489,444
ae30a851f3574d0090b9cd3be301d04f,171,400,598,380
ae32615aa2f64c16a1e7062a1a905282,162,0,895,674
ae3d517d663b45f8aaac46bc0e483aa6,688,434,703,477
ae53b5dbdf7a43e396dba2015c194bf0,1207,0,711,524
ae5aa2f120584a66b06f300c9da242c3,638,164,885,574
ae5aae2d00b34338b5c05f2204a3f6ec,140,282,628,577
ae64f47177c24758a4f2707223d0631e,476,129,815,731
ae6f61149f3b4b9d98f6e0eb2128c3fb,356,148,929,781
ae73a6f6622c475e9447bbf3806dd7eb,618,413,730,524
ae7d38f8de6f4d36a3115f61f2f50302,711,611,959,469
ae80738c5bcf4b0f8cdc53bb71f93c0a,878,679,797,400
ae9c781126ac445d9844f2398d7daf74,20,126,637,539
aeaacc650df24e4398d9cfd64e8c86c6,236,271,613,431
aeb114b474b146649603ccce6259932b,378,526,765,553
aeb663429a84423e894656b0c20b0371,200,373,654,542
aed343ac7e4f46e2bd0368950b4e7ec2,150,191,1314,693
aedae3883fac42aaba01be04084a4819,751,54,327,296
aee972217a59463f84303521cc18c704,899,438,539,383
aeea3a385c8a4186a0bba296d4b42db9,160,644,782,436
aef56600b4134045b03eceecd5c321af,1092,407,528,468
aeff095e544d4570a138cb5ca8084a13,505,335,645,485
af0b51c677614074a817e041a6922bfe,350,258,1257,680
af1baa6fc4264009a1401c5f5a7db2bf,384,267,623,468
af1cc6d067554863a3df5c738886414b,17,479,626,389
af247c07691445299f8c739094afa7e3,699,88,651,584
af276674a347419e97d484612958e55d,503,641,984,439
af282ecbbbd54aa3a4fa3391de07daa8,866,74,560,495
af298f22c59a4572af115023ea64d2a3,485,360,761,667
af3854cd7c9640ebb61b0d3edfe8a2eb,629,274,676,636
af439e30cf5a4c90b38d554dbf9be2ad,778,366,609,353
af4f764bf3d14003b2af58994153734e,869,236,667,588
af5e63f74083405793be92cd9a77c728,495,217,739,693
af6442572f1a415ca220fa27d668000e,826,365,560,360
af862fae5790485b857ccfd4153d8abe,1155,541,280,250
af8b9a4333ce47f799cb39a3f2b26cf5,633,428,606,398
af8ce567b58b4d2481da9033f275e932,550,361,381,339
af9c329528224fcba61d9856282a1b88,1000,0,919,670
afa69288ca74415d8443c1528af25167,380,357,578,513
afb4e69970474572b8ab72935d097a62,676,307,585,597
afe4a434784347bc950635465d458ad4,761,79,629,625
aff10f0dfd414fcdb5b2950719ff7dc7,1013,155,626,445
affbaf5b24db4fc484ce50c6dcfce382,838,159,684,554
affd460ac7cf48ba811bce1e6bb71887,560,475,675,579
b01eadf8a5264fc684b87ac714870423,727,0,631,684
b01ef3464b514e85ab58769ee79164ac,488,384,589,403
b022b5a040604fe3834931eb2a0bcf59,684,439,596,404
b0288859dbf646ba8093b9d62d60322c,595,475,665,441
b02e5a0ffe4545d0a3f6e252c1e249de,772,151,428,435
b031aa40c8344836b336c920057b24f6,907,0,391,416
b051fdee8f9849f0810a673295def735,453,99,478,463
b0536545e2b5468c82a1613fbf11c28a,909,244,761,671
b066e055ef4a444c918a2cb209d6f72b,0,132,984,505
b068d6ccbfce4f29be5def9844feb936,456,1,533,434
b06c73f2b3de4489b4f50079799bc62b,516,426,706,535
b07f74e2cd044bbe80389aa903dfb9cd,723,418,624,486
b0820b99ef9440e7be51efb13881f06d,1162,349,723,425
b0841ef77fe146198a4f9aa6cb160e24,740,23,478,416
b08440ef0b614cdd94bc2c12b0e6fdd0,1216,399,647,455
b091cbc72e81446a9b629fe44395213b,639,266,617,602
b0a3fd12ce454ce490af2e14e81f546a,619,303,494,556
b0a6bd2b5db14553a498e51516552b5b,391,122,904,761
b0ba629d89d540ecb7df30b6411ed85d,685,326,753,552
b0bad48de41e481887a67306ace3ccb0,757,436,544,453
b0bffbecdb9b4b96a884f11f01b0f9a8,433,168,444,409
b0d2b1d7c6df47adb7a3fa9c6655fb3f,71,496,690,512
b0d43e2fd63148929cf050bde5db6470,699,359,787,500
b0e73b3c0f7442178c16808f5a653584,657,287,832,504
b0e97900148546bca2dd017234fb588a,151,54,597,435
b0ed62b1e060407a8626082c4b12d3fd,451,481,665,590
b0f824b088954b1db7ee47af12fdf054,56,306,818,444
b0f9075e3bcf40bc80dbd38300e469fa,845,353,649,436
b105e923e38449e79b8a2f1067d6e776,1166,395,752,490
b1063a3ba698493ebabf38471ccb741f,643,253,481,398
b10c831a3a4c46998515cc5e84dd033d,1397,194,503,314
b10cd4a86da946d490ee5968bc755b55,751,65,615,650
b10dfe8a393d4a03be593f01be35fd16,500,334,908,540
b11c9b1bd43042fd9f9a5900b197f27e,565,281,547,426
b13293deffa34a49be0e31ba587f335f,1180,98,492,440
b13f7e1d18e14d2f9769172336bb9d09,679,569,1239,511
b14aa5699e924e5dae0d4d8b151c90a3,169,354,791,393
b14bf3b0f86e42db84d502dba09e6b3b,668,230,818,608
b14ced72c63f4fc3a7a68cf3ed6af4ff,438,530,666,548
b150b005781e4f32b933adc62e427409,703,420,781,463
b1642b0674f14ac1a406cfdb44bef96e,665,302,632,563
b167c9da9e3b4a7b9ebbc648510e0cd5,1060,299,790,425
b16a6c5fc16c437b9923cd285ea3d019,547,177,1051,559
b17fd1bfdb3e41bea6bcce4499eb424d,1257,408,594,399
b18ae86ec3d742e9a77eaedfd78d0f11,142,462,817,406
b1c5b9ae5d3e43c7b90ad27e2e681f2b,1050,283,596,522
b1cac39522d443b2b7554135ec8616b8,700,272,660,692
b1d102b7c47e4252be601e7ae53f16ab,1430,422,489,411
b1f45fe268584c4ea1bd858f985db985,794,371,552,392
b1f8016a14154795b748690ab650f8fd,1361,577,557,366
b1f99b71b4584baa99d67355e106dfe1,458,282,719,633
b203419da40b491ea8a96d43e4e206b1,1517,46,402,424
b221dae7fb7a4bcfbecc9727bdffc2ba,7,311,550,535
b2323a993a6048458c8e2e78bf73a471,337,115,911,804
b234965f288e4a22b034036c878f6d9d,696,384,669,379
b23bbb9ee8494994be12c220a7e2d5e9,107,384,1132,681
b23fdb0e92d0461185943a6990ec5f28,585,438,461,571
b247ec579119472eba00c627f891b1a6,459,329,605,424
b24b44fd5f12417cb801526b28476b20,1089,277,661,477
b25f41f5e7e14c6c81343f711f60e1ad,1166,365,585,551
b27a57ffad3645749b476ffb6f517698,80,542,843,443
b27af2dff9744d618532f0ad0f7118ca,669,206,874,622
b27e410ae9c947eaa14996d74edc84ac,523,133,1119,673
b280289d74eb446d85610fafda00100d,1330,0,589,441
b29c3af4f962463e8e289162b53465a2,868,445,721,469
b2b1badbcf724eedb108095774c02365,656,0,761,690
b2b850a2d8644c2aa4da9140f9533e57,349,291,784,636
b2c3fa1b29134250843f9244db71818c,1164,402,649,411
b2c8a3d6ea7f4338ab2f883cd43e6e22,940,383,979,507
b2d1413561374dbf9dee7b7668c6eac2,1217,298,585,485
b2d3d2caa08e4142a955778fdb42145c,422,350,783,667
b2db22092d634fe58a3f656a511fe30a,616,0,344,183
b2f4bc3658564ed48f1b254e5aa9b409,538,461,676,441
b302d6b3505e4297b6964e269c5b2fa2,779,319,308,287
b31cd8d1ca0743c6a5cb7b7c91154a97,865,124,536,570
b32269e22285467eab322103022bb952,289,576,671,504
b3265ee7dc60418dac76dc6743390743,109,239,809,473
b33deaf47bd14f87b117d9b46ce80dac,15,446,838,357
b34e10c1cf774f29a1bd3c365711c7b2,373,434,956,522
b34ecbdc49dc479da2cc3ec0114b8ed3,1184,531,581,457
b3519e1122734d4d996a9669c416d700,618,540,558,443
b356bdc288d949b4986869798d2e104d,751,149,687,646
b3587edca496409a9381449204827b43,107,175,759,496
b363888a4be94ebf8f3f04b42b778562,1311,261,478,298
b36704d8b5004d37a89c0e6ca01dc91d,317,41,691,569
b380eb10059048daa28a0cc704c572a2,109,305,1063,658
b38c75c03f9c4228a10bbf598473aea3,728,384,433,383
b398f2bd7ca64b9cba37ac1902cf4aa4,63,180,706,467
b39d85bddf604c12b268782156ce5bd4,652,391,793,619
b3a8db2dc8684a9cb3ecfe3c29db37cd,269,284,658,494
b3b641e217bc4e49b6a7ad9893c2b4b7,741,29,613,527
b3b70eaa565f4940a88cf8c8de9013ee,330,329,994,491
b3bb416019c24a448e3376e519bbf737,848,198,465,407
b3c289f7c73f4f39839a23ec6602012f,733,4,531,524
b3c3ce4ca5df498fb0c806a784b46d8f,994,373,799,556
b3cfbca2a88d45058aa2869759815311,398,465,790,387
b3d43096cdb84fdd90b2d05a587053c3,625,289,433,309
b3d7dfb199da48dda9e60ca74994ecbe,429,401,705,555
b3d7eef397d04d2e993b06d1d321c99d,448,138,981,679
b3df316cbdc240e5bf6d7f6b260ea7ad,328,414,665,484
b3e59e519de24e47be890e779618c256,749,141,407,428
b3efaf52993b48fe8d7c42bdbcad8924,772,0,363,374
b3f836f6de7b48c2a0051221fff97c28,870,377,636,526
b416d3e8bc06412b8979703e05c96505,354,447,672,583
b41e2f295e0e49509e7af6b917c16b7e,618,134,637,644
b423c03bc1874a819fee2be65b341155,813,424,537,502
b42d27af59eb46ab87795cd85641ab88,424,0,971,956
b42f79d143184e82bd612dfc3b607b55,675,320,624,575
b437ba41530a4b78b99c2a982bf6b8a2,220,298,610,361
b44666f62aea4750a5f0f4f1c2854629,468,465,599,413
b448b1f9cea34ab98562f510a1e4c30a,851,245,588,477
b44af9ab60b541eab4ff7a466dcad663,941,124,547,438
b44b1eeb412649f094821d1e869f5959,1058,241,529,563
b455e18376a74a1cbdda2063d3473d29,269,333,655,549
b456c38a80f6468191775e95eb6bb36f,599,380,770,476
b45d5c93b8d2493db04313ae9a3323f4,483,264,612,570
b468beb08dc545dba231a1c796163c9f,857,428,813,493
b4694c0fedab4581ad38ba8c469692d3,950,158,396,369
b4756524339c44b199f3b4df055d2679,950,262,721,435
b47b4696af734aeabb23b1b2b417b9bf,1,325,424,395
b4875f9df85a4800b49e07a9115376f6,301,549,932,369
b48f47a4db024957811ebeba2ccfaf3e,669,275,962,562
b49344268e0b47c48054a0cc805c0439,663,364,644,429
b495251997df4d349e949fd617ab66b7,122,163,884,677
b4a07e66955d44148f0610ddb5c7757e,627,256,696,760
b4a2f796e5544551bef06ad196e87172,1362,153,556,483
b4b90d32121a4d25b09ae1bc30edfc3d,651,369,899,619
b4b9765d0ff34bc18f4aec618d74b13f,845,157,682,556
b4ca4b57bc6a4e68ae105d472b1b8589,1363,148,513,353
b4ccc3b23c4246ed98c199fc52295612,405,186,824,564
b4d53e4f5492400e9f07c95ec5650e2b,673,414,836,416
b4e01ba78e69432ab5a0d31960276e75,1088,373,503,319
b4e9ade097e54b81b637ad7ba08f04db,399,270,820,511
b4ef13ce68e54943aa84d0c0c4193c17,416,162,1156,763
b4f43bb7e25c4b0a90dfb0c906d06fad,392,490,534,491
b4fb86bbbe614d9689f91a85c988b126,949,510,759,485
b4fdd08103ce4a4194130a5d39a23e17,670,228,940,542
b4fe1fd1ce6b4eb9bd2561e38fe31011,542,34,785,740
b50012a3f06b4751ab424ff7b9459b14,814,200,517,420
b500a9ee240e437aa57a2cfd7ea58349,46,193,908,510
b523166c90e44f1bab60711664ea6796,683,483,717,449
b52ab2f6152e4858924590e6d3c673c2,1016,0,486,347
b53a4be6a9df42d29056ce2d77c5120d,1136,189,644,438
b549c71b5f7641f68e2c79332fe17834,201,326,638,537
b5573b58b63a473f91b24e6a0f7e10eb,294,179,869,624
b561741f64d94c5d94081b6c41633d74,1090,405,509,470
b562ea9478a148a680a7fb902ca041f7,761,334,766,375
b563936b51264c70804520ef513cac53,699,463,596,399
b56a6ef2031e41069ce76342ade841ae,865,317,786,588
b56e69f2f2d64c20808af7e3d3add86c,606,311,698,550
b5797257de1f466ca3328cf6dac53c4b,0,282,799,436
b5850bab7d854288953974f04731d79c,717,302,620,447
b5ad332311be46539ee856914dafc1e7,1146,572,675,481
b5adc03a32a64586aa1721d3eacaa4cf,1238,417,580,406
b5b201f5d7644bb0b09c17b94600544a,329,101,433,424
b5b60bcaebd64db7bbe39a13616b45ad,145,289,561,610
b5bd429346af4b1a85f51f4a18536d8b,975,340,480,375
b5d548becbb3460ab5f92657f4412f75,182,0,789,639
b5d92afd5ec04e58938748d939537a20,798,162,620,650
b5e02cc5ac8b4bcebc2c28c3d9f4dfa6,687,371,845,623
b5e2d620134f435e8338754b9b7e481c,744,436,856,644
b5e417b4a08f49958854b37307844bc6,1311,176,505,540
b5ef2b0449df41918649eadc1ebdd305,255,246,741,428
b5f23daf6d6f40678d253c27a6c10cce,539,256,907,753
b5f6a5a2cc7d44e799e3cb154ca60d7f,431,298,892,556
b5fa532b41044848a672d0200272a85c,756,0,660,481
b5fba6ea500947e7b94fbbc3ed6dcbf1,132,554,617,359
b60a84a8b21d41f79afdc54e6b8c3636,876,128,404,465
b6106f23c6e54ea4835f1453dc1e7e2a,577,406,521,448
b611c87cf9ac4c2cb10f66bf3d317ba3,874,436,430,392
b612c5d6c3294d20809dcf73cf1e7a4d,151,471,504,438
b619a5a7c16d4e1c9e8f89187b7831bb,1189,391,568,417
b628dccfec6246179425bcdb04af6e48,662,342,740,508
b63baf2985784fcba80eeec10e955719,608,447,688,445
b63e9ce4bfab46e3932d234ecc894e29,88,275,1187,750
b643128228f9408a8d3af00d000b2ce2,724,335,510,614
b64f22beda0c4785ab30d227b3790794,1,362,655,414
b6596eff8f224d0c95ebbbd1a99f3fbf,210,378,636,423
b6619a581e084b7d9529d2dc7396a745,990,81,685,615
b663d04cbba1459e91f485521d7b9582,368,105,452,449
b66695eeded74d0c97879af4446259ed,472,405,872,438
b686c96d98664731843463579db08f02,708,361,577,558
b6898c6a324c4df1a80ff78964c2973e,726,106,438,422
b68ba7538e274ee3a7a7c94dfbd60e13,159,257,669,372
b6a149611a4f4687afcf1e88532a7b48,536,221,643,538
b6afd67d30db449786b33b6e51874d4d,637,429,846,479
b6ce0a9e3d95442fbffc557e95f582e4,381,105,483,482
b6e0d5bb336f4a37af5155023f2a5350,656,0,466,480
b6e2ce20e01d4878840564ca04190933,536,462,678,439
b6f62ac20fb84d61b49eb9ac897e4a42,518,414,953,502
b6fb4da71d53476e84c185e9372a92e8,257,397,955,683
b6ff12cec7464615bb6c44d6e642cb3d,396,293,659,554
b7076a0ddf424793801a20232c359594,229,425,835,486
b7100c6715d44f819475fd81a9b297e2,1007,151,554,594
b71063f8296d450195b8c608b9ac7dbf,230,429,835,491
b7129012663c4340a9471e9bca097d0d,616,429,500,463
b714110a77f44280a24469a3a76f9838,675,306,845,477
b719a96f88634718a1b31898395cb856,171,397,469,387
b71ed5cf13ec4377b4d29c2e8436eb24,1155,207,672,380
b726893c497746bb9a52e7119218f9bf,773,233,687,499
b72a58a79da446d48e0cd9137859bde6,444,174,903,840
b72eda6e64654f9e84e41af449c9b672,670,250,631,539
b73560548588499fbdd8e2586615f53b,562,442,744,392
b739d87f09a94745a8cbfe9e1bc9b5bb,912,183,532,508
b73ba9f430d049cd9134f7797b09e67f,0,325,308,396
b73c1292f50e4ee19fbcd754df6f5ec6,489,113,433,387
b75ccb370e6d4217b9f773b4a9d6776e,1265,366,635,413
b776aa0b88d447619d0a43869a7803b0,180,510,1174,569
b7799eac5745416c9a54f78bf8565829,932,0,720,764
b7891fc3c8c942e884d3ad8e2fca9883,158,391,511,448
b7948a4641354a45980df8dd20f3c837,459,255,718,492
b799807bd2e64f15a33c38dde6d81387,767,477,749,488
b7a66b2051464dc3b66dd5fab7a5e85d,679,365,551,434
b7b0b0bb973b489ca49b70c2039b92d8,546,269,513,434
b7b2a7a1f6fa488c9d25939a09a01c99,931,303,502,392
b7bc9810bbc749e09dc8b415808c4faa,174,171,497,359
b7bde92c0251438b8920ea0d7e8f6bba,86,334,1021,731
b7c6cb79bf6048ae8e25ab4c3e8cdb3a,341,412,869,540
b7ce184c98cd46bbb6073bca639cbce9,671,353,673,591
b7d63a3f137247b1bd9fbd9d8e6e1b59,99,259,764,476
b7d7db399f604429963ba02661b53778,674,327,915,630
b7df9142ca4e4d52902384f4f0648406,165,232,582,378
b7e300a29e5b4f35b9604f4231b83a26,645,440,963,471
b7eefa89cba042bf8245331cd378b29b,1253,415,620,460
b7f109546f3e447fb87515f35d202127,848,148,307,285
b7fde089f17a48548c982909a68cafb4,383,86,766,629
b7ff87254dd7445c895903d62a5eb0c8,996,156,798,568
b805494f5464419a919efe1ff113cdc0,445,261,986,518
b8096425e77c41438e4141c0d492d4d5,596,474,595,439
b80de433c7c446cf9b95c1b2d174c20a,677,144,411,365
b82547d702dd4dbaac302e78d2b52996,638,397,781,447
b82886287a5141ab89cfba3ae9abd23b,715,301,621,447
b836538ee35541909916fd030277decb,415,171,1024,882
b837fb8c930e4271b17fd7a55a5cacd8,1362,126,513,376
b8384361e53b485eb1643811781643cf,486,486,561,421
b83b64c882b247b7a3ebefdbaffb1919,44,466,1076,614
b83fc957f69946ca98525d89b01ddfe9,367,420,638,416
b8437837769b4fbf93b4fb6114e85df0,1018,367,468,375
b85f31150f9d4d2ababe87e8f1693c2e,811,34,562,441
b86259c9718d4d05bd5e0eaccf2e65e1,349,67,382,369
b868e5a743eb4f168fc18dc6dafdeed7,440,310,785,691
b8808a3dfa4d41a2b36594db15fe68fd,280,321,493,436
b89a940217db4daeb25ffe72379f389d,122,263,578,431
b8abc2ce23854e7cbffc6b4c19868378,763,381,764,372
b8b233e144c247898510222abd7b55f6,1319,339,535,455
b8b26fc92d3e4a2bb84ff7cef5afff5c,302,547,931,370
b8c315a704f24d1d85e4fdab7c293984,990,158,640,505
b8c5d8a7d61f4bac8f871b6006245e08,911,467,1007,493
b8d3b53dcf7e41efbc8afdc1be64b9e0,131,150,675,715
b8de76cd15824921bc9082172055ea56,485,485,636,593
b8e3c226a7dd4eb9a81dc4e6effecc9a,1035,484,717,319
b8e55dfd20b24ac5863593b614ce8c84,762,283,369,360
b8f523b5011d449899d852a4c7df3910,461,206,665,509
b90c1217b4fa46cb90ab4ad43c813b58,420,562,515,334
b90eb7215bf64927a73a557808fc7b66,703,216,987,591
b91d216204894a279301361d64bf6265,734,386,656,517
b9299e1856a0491c8d01409e7bd58a6d,583,370,814,498
b93a6a12dcb846338125e31144c56502,548,171,1058,669
b93bbe39b1bd486c830a90ebe5cee82e,493,343,773,508
b94be87b5ced41f5868f2dfb415100e4,0,308,437,420
b95aa020fd3f436ebca91083114331b3,177,28,638,566
b967a2746db94a47b8ad39c00311145e,205,583,970,497
b96c20a37eda4ffca48d74e306b073f6,637,401,781,445
b96f4a50de4348aab68fc164865bb436,225,384,638,418
b97d36d0a6c4415aa3d36edcd7e52255,654,336,725,642
b97fa640319c4225a3a8b98fa566a463,850,245,590,477
b9908bab417a4929aed7ff97076d5556,1066,374,607,420
b99385bbedac442487a04d70c15e5b48,936,632,816,448
b99cc167c5994804a0d05d12e5f26803,1014,265,761,524
b9a878d27cc24f26b946908878c57a24,630,332,1223,609
b9bcfa0ac3cc4f15a2b1fe3e0842fb8a,396,371,506,374
b9bdbc09c87847e2ba5a1e893c5226f6,563,341,688,587
b9d32f9012944ce1b29977c92e24ccad,434,319,564,461
b9e20330f34a45b58b05da0bef3c14ac,160,235,687,420
b9e75b8d940240d58869e1dfa39396e8,492,527,656,343
b9f8539019a74bf6b16f38b1aa8a570d,1,209,944,561
b9fa8d000b294ee0912c58d75417ed32,0,307,345,415
ba051ce242c84e5eb9e2e5031d514e2e,695,492,1223,587
ba16eca1d8904d698b6adf9e5e9fff24,843,197,796,627
ba328a988df1403794cb7e8063233a08,1260,279,658,522
ba40e5ceac2043aca160fc44b4b59f00,1097,6,791,625
ba58b6b0eb1249538732f5e278612a8a,670,432,622,411
ba5c46d476744f82856a49978969df1d,93,50,668,478
ba7d79a3d44247a8a12578852bd513dd,580,179,1100,674
ba81edde67d74026b903061e4e163843,302,115,1107,601
ba8a425eb0a54c828ae20e3392809805,168,216,708,446
ba939a59a75c4b3b9af8d8404f2b9b43,171,185,1024,624
ba950758834d4f26b7df5dd4832b6797,731,413,974,666
bab70f68c1554038b6a6ca052d3d5575,600,377,816,536
bacfbc9654b7408d9eec73432a4eea76,667,300,964,777
baf00e38e5704400af2410a96741afdd,149,549,762,461
baf792b61b4c431285d0ce236fb0f9ad,348,302,789,723
bb15341678a7422696f7f8c81ab6bf48,830,29,361,349
bb198c994aa84f778a199a163829b49c,486,401,916,502
bb377fecace14a7d9b6758be5581b22e,459,232,672,453
bb49bb7cba5648148e8dc14f2375248f,666,411,1142,557
bb5099872ae742478c07a5a4265a97c8,1135,126,783,512
bb5c0a589e9f40f8b626877a3f25052a,542,0,688,531
bb64fee099464d55abff2d875dec524b,83,484,564,388
bb66af797a4c4d258168e3662d7d5f4a,385,85,410,321
bb711b60f5e64e928bc9c33bd8e010ba,354,259,857,462
bb7d984cf78e440bbd0036c1b4b5d6de,962,372,621,424
bb84b3ebd6094a67895b9f73a4606114,838,126,627,774
bba15a433cac4234ab8c83eb0837d9cd,388,270,950,583
bbabed2a85c14845a0a3db5836b44e46,798,357,1005,464
bbb5673aaf8942f0aa704b303e6f2ccc,893,0,437,411
bbe65479307b4521831b105f33feed82,284,244,608,390
bbea84982a8748239626c8252ba2812a,777,173,587,552
bbebd2d80cf04ead8060294de53feba7,527,417,739,526
bc0bdefc1ab74f33b89928d0aeba4cf9,577,405,523,449
bc123b2070cc4881ac144142f0836ab4,252,397,884,554
bc378f7f2c514e298253c2cb004c2c60,594,266,712,610
bc43d6a766424a0a85f911665d2dce96,1085,252,727,393
bc46a3276e6f4347b9652d8d269048f1,343,289,883,656
bc5093c6c5544552ab9f19d483e7d4aa,368,270,726,629
bc5f92fcb56b488bbb52a0e0b48f3a9b,765,349,729,547
bc613b76162940e7b9fd2bb8e8e8607b,536,330,605,542
bc658623f1ad448eb4b8df4806a6108d,104,569,558,368
bc68e824cdbd4ea78623b86af31e9ed0,398,477,690,370
bc7ad0595d084131991f885266aafd49,1075,81,637,553
bc7d1382eab34fafa896619f8f77944e,548,241,1066,689
bc7e172052824d9fae297a6ca6f83059,787,454,556,483
bc957f114ebe4c2abf609082eedb6b71,1285,358,509,512
bc9cceca66d84c798003c288777c0017,823,292,1077,788
bcab19f21ce74d7a8cf838fa72ce2caf,628,450,598,445
bcb83c0988e74c0289990e9929eaf0e0,486,416,654,567
bcc188afff734e82bfa77cd4735ba773,846,303,724,474
bcd98c479ee04901920c5fc826a3e223,842,460,898,619
bcdc7cc6af994b84880e8aded4db83f2,0,349,422,424
bce79b9b46224ed0a33807a4f4cc6ee4,822,247,467,356
bcfe39b682834182a80f4cd65340d046,408,248,1125,626
bcfed115add340bd9486b2deab6e0cc6,287,320,707,361
bd13ee1298104e5595dafaa6936f55bf,643,161,964,633
bd162b2c1a3e49e5ada05d9116e7d105,631,330,990,562
bd21ca88129a4c5d899190e8ad4e90ad,936,462,740,348
bd24c511a8c746228102050aaf9a64cf,480,599,814,440
bd2a89e367ca4bd88c823400428304a3,920,51,553,522
bd332e73d3ad462499e4cbeced62156c,807,9,393,367
bd41acd41cac4d19bbc18e94ed8da133,557,300,753,587
bd48b8f1b1f44411866a263a119b2245,524,386,725,544
bd4a2409e3cf4c218ab48d54416bc435,365,334,859,605
bd4b6af09103451991375435ebec7468,723,239,649,585
bd4c54c41b2147ceb96807d1a2175044,516,201,866,707
bd4fb09df0b74560a1ed8ca5b1890b35,767,477,750,487
bd57255c21b94ba1b639ad5254d123ef,512,382,654,557
bd697f1363ba4d2f9b23ceaeba4c2bbd,1237,334,604,476
bd6aa9ee62364338ae5484446ef49329,825,215,628,518
bd8d1edfd6c04f84831180e657980156,372,294,914,514
bd9385e9f887416abe25b80b5a71f94b,536,221,753,672
bd9392dd92b9451dbc3804c7de79c47f,689,330,710,445
bd958f85eb904d069c9614acb4d91c3f,670,346,861,453
bd9d72f56d854a4a878f4be3f37c1c79,1201,544,664,524
bda4025eaea94f688cfa86a6a3b4e8b1,564,128,490,490
bdadb2fffb3541d2a23ca1fdbbfd7bd8,690,385,582,695
bdae1f58fa0843c1acd692b356f06d6b,591,142,658,686
bdae98398892436cb1acc6c09e8cdbea,515,205,867,703
bdb2c91add594cfe9ba838254d7bd418,619,433,780,483
bdc007e8398f41ea8b31201fa088598e,1252,451,545,463
bdd3a7a85083497c896986c24551584b,94,108,425,278
bdd6ded5fb964f19a640e0fa4ddfcf5c,634,112,682,639
bdd81c612d79477693a3401a32d5b10d,0,510,758,434
bdd84c777d6d4223ab70ec7b1a0201f4,1320,308,541,560
bdd90c6d36514b3b818ddad47898dc84,1054,319,865,581
bde39b5ee9774acd97459c9398ab7dcd,276,218,583,514
bde3cdd02c2e4d19bc00f9da94125f82,467,91,535,417
bde82f98bb12481ca94b9cac6f8d8ac6,883,0,529,389
bdee1df11fd94d33af98dcad16884410,392,221,464,380
bdef5e989b8d4b868ce06b51ce8ac81b,193,142,1087,783
bdefda25277c49e0b01add40135cc808,910,295,768,557
be082e344b9b418fb9062d772ee7231f,460,198,871,669
be08a332fbb146ecb0ada46d191aa516,1032,265,609,343
be299e25dc3943ee998e0800972ff66b,185,515,1051,565
be35dc86b1ac44a698758da557b4ece8,257,336,704,512
be40dd0c96964b329d28f2c7d2eb7881,410,306,759,444
be42523199ed4b10803dc3600deaaaed,0,443,725,450
be4cb5bc4a0f48b9a3b56ef8940ccf4d,128,458,1137,498
be681bf6697f4b52a17fc367ea0fda10,725,105,439,423
be69d05287564aaaa9b430e7dc027d14,633,449,858,483
be745c00b7fd41329e7ebd754bfa0dfd,352,284,925,579
be779019f7e74fca9ba8b7ce56fda804,240,202,1124,622
be8fc937781e482db87d4c81b1912fe0,699,67,488,521
be91785b252a47d7bf836c94b765491b,732,81,565,613
be92c80fca1f470e997ee31ab4c8f845,578,437,755,445
bea4da23d8a842938db17e0c5dc1b290,633,444,596,530
beaff5015bc54314a86c6e3f8ea6d2d8,1234,318,662,441
bebf98094cc84744a91c661c07ba3c8a,221,159,1029,609
becbd791ed814adbaae9add71f0dc00d,1156,117,561,416
bed218a9271c41b3b045da7c0b859f3a,190,13,784,753
bed51c397a654e0d84b8037bd95ee2b9,399,487,875,592
bed6ff4f570042cc8a94d09aeada866d,203,103,1054,672
bedb9f58194e4edca9629eb330358178,199,106,800,540
bedd213461c64f89b3e93703a6821219,341,470,617,526
bee70e100e2b404ea294a1aa1f19f2e0,161,259,566,445
bef58b100e6f45a492b7fc414aefecc9,641,343,1113,557
bef6ba2b3cb0436da5a17766bc9eb762,535,413,719,398
bef8f015c1e24785b04e845fe3e6f7c6,1293,303,512,278
befcdb0dd14541c39715b92ad4909076,451,242,728,564
bf02b455f45b4c1bbaeef7fb5d4bd307,193,297,713,504
bf06af2b0c4a4dc188d302cba6fdf3d5,732,449,896,513
bf1ed3402e1c409d93a0ddbf4f5e304f,479,557,715,405
bf26db5795684094b6320a39ee8fa283,953,160,397,368
bf3f516474d1493f98079506b987cdc7,561,273,1179,769
bf46ccb4f6d54d56afe34f00b7a40922,413,228,540,408
bf6461076aea41bdaa1306e14ed7a8dd,0,404,416,344
bf7cb62c8fee4bfe99d5953065140300,681,87,503,488
bf857747b6a5420caabb16c4b283a700,697,487,623,513
bf90a4f1cd354194a8c508dc29515962,581,356,906,434
bfb14882e5e9437c96f78b63b14f2efd,996,374,797,554
bfc4d31c510b4348807ddc4c96f96593,868,266,715,454
bfc98bb8b0544655829d5af34ec882c7,403,236,734,536
bfe4b2e39c034fd58c535592a43a1b49,539,380,632,604
bfe5d8a58d4843598a60935d8ef96e88,1278,241,556,452
bfe6cd98d3c84dc2988c8d39dbd4d835,765,539,807,475
bfeb206f6bec4b14930cad09bbf2645f,1096,351,814,570
bffd8422695a47299899bdc756d3b5a4,1443,395,475,331
bffe74b137e64418b951cc00629b7e71,659,257,745,604
c004dae2c35d4cc8bb12749c86f337bf,432,63,832,843
c00a721d8ea340d38e879b653e861fd3,369,543,682,536
c029e67ac7bf4694970b460bd248a95f,791,304,716,472
c040a8736b054a899b798110deb3a894,776,449,870,630
c040be5227cb4f8a94e5fd23ff39c2ef,1244,326,550,477
c04fdc1b564b4ed9a212263c6e55b089,130,368,486,478
c0537fb1c2ab44b29d7060a586b1b6e9,753,1,663,616
c0594a25370747b4b26357854ae1baa2,479,313,1018,564
c06b9f5d7fe841f692e37104463a2eb0,688,485,608,439
c06c8dd0a0464cbc9686ca3ddce50732,454,573,642,506
c0740acb6cef4c5083b3c6e8a98e18ba,502,313,979,645
c077b3227d76459b8fbad78bd98e943c,250,272,830,618
c07ef72e8c774c048578d639cd1d8890,640,505,570,404
c091a9ae9838436f9607d46e0c5d6749,1323,375,521,554
c0a35bfb48c544bbac3d0adaf8e43264,651,292,711,574
c0afe16a3a8b41c9a8b9217929e053a2,749,390,684,519
c0b3fd539b5f4098b9b115008d507357,537,99,790,730
c0ba27df801c49edaca462a5795db241,772,481,643,441
c0bc2ed435a042cea7b6ffb238b55bda,483,226,674,610
c0be27daf6b646fcad13c27836381e77,1087,552,832,527
c0befe8ade8d4577999c1c116e95d87d,457,57,405,347
c0c13d146e1b4b35a415096409ba35ed,175,34,632,562
c0c1ed4e77f2498e9b8a9960449b6840,513,486,925,397
c0d74c003f004c349e05b854943d0c9f,1173,292,528,403
c0d8965199b0401391207273a2e08f24,723,75,580,552
c0d8f8c6aa1e4a85bbb540f4ef2dda17,1150,267,517,456
c0ee79a985254d399840d44eb8ab44aa,604,389,744,423
c109d9b83f994e9689bae907ac0a7f50,369,311,550,374
c112791896c242cc8b46636270f758fc,1011,156,371,320
c11315b6d8a1419380b31a5bb537e597,356,558,638,521
c124ac18c3a44356b03be78df52fe973,1297,186,473,498
c14f7c386cde4f6794a64a7767f98053,264,86,683,558
c15ee2d1850f4b7093dcc2131bea5934,526,299,503,406
c162861bee6646e9aa94d5ae501c549f,451,518,634,562
c1663afb76d946528049e3f586e121fc,657,65,526,540
c16b6939a64648598c05f83f4af357ad,538,457,764,361
c16bc864ad6440bd803bbd69332f5e16,842,352,822,555
c1706dc4fcbd4b5d9a16d3668fe7a3b8,628,518,732,410
c17f3a980ce64e2ca63f77f98ce18343,158,124,703,514
c18042bced564a5f8788baad452a2547,775,355,585,437
c191427d7e0b404c9ba83369075fb1d1,722,203,1006,587
c197df735e2c4002988bc497af277bca,971,106,712,542
c1b0204895bc49b9867a29adae6eaaad,36,22,606,417
c1b08442c9224e62bc621af06c5cc25c,296,183,792,663
c1c1b2fb4a2e44d99fc80f8c3c80984d,894,61,256,179
c1cbb26d43c548ce9a4d8e5e43e2b66c,867,367,493,490
c1d0922ac9e34ae9af99477060b9335b,652,490,714,449
c1d55c65ffc64e11ac153b873683bda1,299,367,610,507
c1d56a1af0154676b6fb7c7e2b64f302,1571,109,348,393
c1d7f31bdde84c3db6f17ad611f2100b,956,266,715,432
c1df5dce1fa946b68188af887a2244e0,1261,403,611,448
c1e3ca8f9b2c4ec59e4efbe87037879e,114,354,662,446
c1e6f58d80ae499aabebc74156ab67d6,510,257,969,633
c1e9aa2d4ca84ce2872696ce2858dc20,578,249,671,604
c200047a656641bebb5c44022759137b,597,327,739,479
c20f8b0a0b4b4baa9151708cafaa4d1d,345,68,698,587
c22633e21462457894df7073a3224707,430,3,695,631
c23171e0d1e24247976eb1232bfb147b,1,296,1296,781
c23e88daed4642d5b2b6ecc69d6fee61,1,201,741,559
c23eec1e87a94fb1a93a938cf5fd83af,711,372,570,405
c259ae548ff94bbb99f9aebcee8c88e0,717,421,515,566
c26a00ccc97f48719d0130406e992adb,594,363,888,514
c276484f0cdb4e2ca94276716985aa22,0,156,913,528
c2809208a9304916ab31e6f86f5feffb,648,99,430,404
c293a0a0e7a24d369c65d3ce9fabc1a1,605,384,618,443
c2981e54fa8748459b153f6495335d41,736,349,511,473
c2a96a5c21364290b575c520cd535982,583,203,771,626
c2ae18e96cf6445d9554e177ee55461e,466,393,487,416
c2b2a19ef2984e998da48c21889ca2df,675,0,468,398
c2b3d726594b4dab92cb53db70713e9e,177,423,693,383
c2cc54732d5545b98125f7f77467bc9e,769,387,992,526
c2cd6d4c79a04f4088954a966900ab39,419,229,886,638
c2d61037a77c4adb9b47105ad8c2407c,686,451,589,388
c2e4747453d941b894a07275f8f98bce,1135,380,672,378
c2ef97c651554e658ae06c55566d07a1,62,191,659,431
c30a6fa434d845eaaf3ca909866afa3e,41,302,656,334
c30b7b373fa5407cafbec7218d2dab0a,1160,356,585,574
c311d055b9b04bee8a558ddaa9b04b0f,209,53,539,435
c32135223e9740e8b0a1ad673fee052b,1209,510,575,375
c33839ac2eb447888bfa828799995220,744,335,742,476
c351bdf423ce4346beb476bcafc2e336,434,87,883,895
c3548c6418174ab08ead4cda2aa803b2,690,0,427,425
c358117c636a438a8bfff9a52324bc71,1089,84,654,474
c363759abc7246e188878124e70435f0,554,204,812,798
c36894cf7af14b9ba1f682c279d52ccb,156,112,573,424
c36b27be24774d46b2b5e9fd39ed19f2,670,99,516,456
c37d97109e144c68ba6589f9b16355da,115,238,611,466
c380aa2b205041c491ed6f0b50f64a83,348,86,440,429
c38621d9ee4c4a9a8de800aacd5f73e6,709,278,726,509
c38c59c0aabb4738abd6c13c5641a9db,77,312,715,303
c3ad0e2ea18241c7825068a3bab742d2,50,351,1240,601
c3add8b097874ab0ad486bc593c0b5c0,332,329,994,490
c3b007fbd2b94e01883033701b8cfba0,0,324,454,427
c3bbc241aefc438fb34a5285709d9273,604,127,896,789
c3c7bf60b1c2432689112fb9d83239e9,242,208,553,398
c3e69a01eb21464bbba9f33605a0a9f8,456,188,928,656
c3f4d44b80fd44dcaa821c0152e3cc37,556,444,578,459
c3fc21bc01814bd58d537971432645d8,794,162,841,535
c404defce42d4590ba091e82245aa373,628,236,550,653
c421346755fb4a4ea7eb0787c8ed922c,782,384,626,543
c436257a9faf47c2bf040a7a43ef0461,733,283,461,431
c44245f2ac0844c3bfbbaa7ff247a0ad,948,332,593,373
c447f51d52784835bd36435d213ff4f7,762,87,330,305
c44f09a728c44d5a982abe5c4af83a61,683,321,754,552
c4555074dbeb45d899fc59f0137194f9,1027,235,703,458
c4571ddea7114621b58789fd2320b00c,1195,191,605,378
c45b7b9a34aa46b4b569fa59f3e1b1cd,704,391,645,467
c45ecc79fd764b53b33c04f44e3932da,1120,397,702,372
c45ecf715f0148c485b7616874d06769,61,177,1192,770
c4666ba503314f41b032b77e5cd2e53c,859,213,484,367
c47fff9ab95b4087864d680446350340,770,342,904,668
c488a5b0f28f4b8f9ce1c93e6a8a491e,506,421,900,556
c4aca5297852432ba0424301a35ed4a0,100,140,616,443
c4debdb813de42488347a61fe9844099,182,308,867,436
c4ef7085729e474eac545ab733b60b8f,317,602,650,406
c4f135446de346158651cbb6bcf6990a,657,502,652,570
c52d922508f1417b94aca863e37fedbf,1160,353,586,573
c55acaf2472b4b78937f053ed12d3af9,71,486,719,389
c55c6451c087483ba5c9cc600d8a2a94,915,150,626,568
c5701801b31b4cc2947fcf94e1a28a14,680,271,418,371
c574e4baedd1402b88a02627cbccc4a4,567,268,541,464
c57da080d4c14486a4ae486fb07d6e60,195,585,978,495
c582dc3db77042698a441d76cc856afe,570,373,883,484
c58469d44010416facdab538b2fa276d,1284,347,544,446
c58b4e037340446389ba7fee6620bc37,649,318,645,491
c58c1b19ad034d4793b023be7c667c09,280,327,937,724
c59be348f1d24f7b857c5507bcce1a21,275,659,624,421
c5aabcc0946d4edea7e73a3409f1ccc9,381,47,654,601
c5c08b94d6cf446281db648048d4ec9b,726,325,642,533
c5c3deec5fa1412b9b243f75d74056b3,931,481,964,527
c5c963d2be00423f8ab190295157eea0,193,486,885,486
c5e7298a4bad42e1815a388125292807,838,404,816,456
c5ead71e129b466185355c2a9778ca1c,625,517,568,426
c6059077958a485b9bfd0d2801321bb3,865,291,596,388
c60b19798e944b28ab4414dffc18192e,566,160,1064,775
c60b5c24401c4b8aad2fe1d5de63f2e8,974,326,526,375
c6101ad7a7964b90a821189702d0e9fe,579,412,684,568
c618993de4454a7f9455a165ce0c5996,551,251,845,625
c61d6d4949974b30bf9b8d4f6b38f1ab,408,116,480,388
c61e1e592570487088074cef60fbc753,1188,256,730,511
c62011c694af4d06851a74e4210ecf52,418,224,812,551
c629a9f8f5984dce983344f814c5ff38,667,257,632,629
c62ec6050c4d4c66a5186bab86e36f2d,1445,252,372,449
c6351eb537fd4ac7b29125c0de308c26,544,481,562,477
c63887065631424c83a41c704b1f2037,818,0,460,403
c6525e1f9ac34ff0bc714be7aa4fadaa,730,417,975,662
c65434f1b2074a5caf649a13792d8c74,0,332,515,374
c656596a7cfa4caab1019c167d073080,291,369,938,571
c659bb51d42449e387aeef6bd0cd641d,666,426,1040,526
c660f10e8e1d4d6faf96695e8fe091ef,694,217,509,464
c66148e85239408d8de53eff5cb82953,707,432,1014,500
c66835abcdce48349330b41c849b6065,728,9,535,524
c66ecf23e726427985f02e75435553d3,448,241,905,754
c67f31886c5e443a83004bd2bbe112b0,760,88,328,305
c692c6465f04419c849676a328f5e46a,1288,133,631,608
c6973c93517b4e75b251c50319dcf284,1348,167,570,571
c698c126ab6f4a8cabc8709deab680a5,0,110,622,462
c699e17aae0a485aae0fb50c9f1c875c,146,419,899,620
c6c811ae7df54e3e834ab43f4ff70989,130,472,881,364
c6ca53c3d4e34fd2a616c16c1ef1b182,967,252,952,597
c6cafb737a154266a13157ea7acefe0a,685,419,567,497
c6cba89f878247b1b57ffdb97a807dda,402,292,935,614
c6ebb6f99d454ae793fdaadb5b2f776b,1294,109,624,425
c6f20117c52a40ed963a9a59e0d77736,743,91,333,339
c6f619c0d3574dee865c7b12faca6855,194,98,911,695
c6fdbb04ecd94be89802bd8880d71143,662,306,598,368
c70ae9fd549841bc87b12bf64b63ff91,701,328,743,594
c7213a7e7ad94e7e87ce7a222dd292eb,602,341,722,550
c7262037d1c54c0796e0a47eeac0ab64,36,21,607,417
c72d9f26f7f04ba29636c48468718b63,210,439,606,370
c735c2341ef046ea8f6a6f2cc25b4e4d,369,265,724,634
c743998f1d9744939f284ae04ceb8ab8,587,307,748,393
c7550eb932444525a1cbd1a48ece776b,208,64,676,522
c7686151620345a7981d5ab0546e3bee,666,267,855,590
c76ccfe40ecb439cbc7d6c11fdbff974,729,449,897,517
c771fb06a44745d8ad4426419f501002,518,282,527,394
c77d866c9c3a4cb89218690c3d400473,967,248,948,608
c77f5263ef81462290a5305d030a298d,1279,409,637,286
c784f23aa7dc4eada81e1173c9aec281,615,354,559,557
c7858141bb5c488bb255612e4871de5e,59,394,547,501
c7a550eca4494c4593a590aee2c365ed,545,335,873,531
c7a91c77607c499d8870f6fd569dbd82,417,287,797,346
c7ab272b8c674f51b9813c2c9e475531,772,171,320,400
c7ad240bf20342a5bfd49b67e3ca40ff,910,141,855,604
c7b08a2c35a94fddb2c8662bcde4e4ac,483,417,654,571
c7c9acdb24c842abae441d3b21670c9d,631,301,720,536
c7cb6efd91944b2f8cda4fc888b2a7ba,641,392,586,452
c7df9e62e9b342239f2951bdd88b87ec,676,350,611,451
c7f9a414870a45378e21b356047c393e,1100,534,604,468
c7fc9c34b3c342d988d53679b278db98,964,475,235,300
c80243fc13534458bb0b5ab552c1893f,791,168,644,505
c83f40a288eb4387af5f4e3ac35af10d,668,457,807,557
c83fc51ddf5a44a2a371bc715529608a,636,434,846,474
c842dfe7724e4bb8b99f68a7906bcf91,447,236,854,761
c84351fd89c74d4ab77886715bc77762,526,490,632,589
c8550ddc12cb42a883e8354fb6b36d91,1363,98,513,370
c872abb4f8784dd49c59eb52dc838415,328,236,679,434
c8741f6272774642bc47d4340ee39130,0,409,847,419
c8769ce3e3d24f4697ca1887e171260c,320,526,1114,457
c887b03237dd4ca888831b90b8a42139,315,312,406,359
c88c36766c084fbca28232a4c9b88604,347,558,729,521
c88d1aab495048e1abc50b8a33da69b8,804,480,1113,582
c894938557ce45cc9dc51258f7eef9c6,312,313,447,337
c8988894b8f3410895564ef7d0f0108b,480,466,508,614
c8a07b0a180e404abf2efdc09c43b16b,147,285,934,514
c8a62205711d49e194279396d123ad08,325,539,633,392
c8b264c1ed4c4b66855a88e01e51cfac,39,282,513,468
c8c025fc994f4ed7a7a24bfd28e00788,1165,366,588,551
c8c1ad36b5c54c368fb40a47bfd2d620,536,360,788,440
c8ca488bc0b54d099c2e06cc47505a19,687,314,596,494
c8cee8cb8fbd46b39d9a19e6efa4b656,1086,339,428,451
c8df5240fe9f4efa9c4e390dfc9eeeee,663,92,284,225
c8e943848ff447378bf03f0d1b5b5d39,569,335,780,445
c8f1e0c4cd7549af95d5fdcf5392271d,733,388,958,661
c8f2da0c189e47d5b89444504262185d,720,283,642,535
c900643d5db8492e92848c9cb0ac874c,595,264,912,584
c92a9211bc9c470b81f55b49ad58e4a1,629,226,497,583
c92c7a34e6654bea92bb5f3c99a323a6,300,169,705,710
c9373777b66444caacdd16a92f3e3bd4,552,336,845,652
c943bb4457fe4116b5d6793048a903bd,706,314,600,528
c94797478f4c478e9505f8c9a8a29df9,632,174,679,693
c94b88fc06ce4f6a9f9f99727b80eb7d,757,126,436,433
c94dda00b462494d9579460447f828c6,689,448,644,417
c94fd6aadef34659b5b6c30780e4d4e7,637,235,756,639
c953a73c74704c158517a4c9704689f3,637,518,660,406
c95d53666c9749a68bf54cc6722ce79c,957,270,592,488
c95ff4142b264b93b2d13692a66e074b,528,55,545,681
c96505f7ed6f416494271e7716a303c4,324,345,619,528
c96df9cbf9c24255a523ebaf507c9fc4,717,233,488,431
c977c3b33ae5414ea2906d5c8866b4d7,741,369,581,491
c979f0fa874e4a5aa25608962bbe9e62,779,367,564,352
c97cac122cb249878a4b91e009f50ec0,1144,207,599,351
c99481d5c73e4319b75f01a9e3176e31,757,126,437,432
c99e98d5cf884990bcd5e997cbd8f161,1107,261,793,676
c9a796554f3e48c4bf9ab8981f210652,329,353,777,670
c9aa2e996ab144dda261eb5f8cdc2880,1151,0,610,477
c9bf8ba5519942f2af242d9f1e301ac1,1141,320,777,470
c9c5b770aa1144c4a0565b70df74e2da,1030,271,588,539
c9c757239e9643d7af996ceeb8b1d937,1008,431,465,439
c9c8fc98da004fa3a9cf7527ad4b6614,681,156,1236,823
c9da188aff5c490bbcbd67bc3d7388ad,100,304,1069,633
c9dc6dc141134511af306e296ed91893,725,371,936,439
c9eb896abe3d4adc841a972527d39c9c,798,201,553,501
ca0182a914ea49bda33e0d03a14714bc,200,397,1092,645
ca092d1c53684cf496addaff9d781e07,801,213,305,267
ca284754c2634d66b80a1b692af93ed6,771,574,948,442
ca2aa6bd65f64831b9b4f8a3301e5364,400,367,768,432
ca3585f8cdab474e87977b18421ea898,103,502,885,423
ca39531aca5342fb9d44c74a99c25cb4,1169,187,739,626
ca3edb4950404ecc99b7dd47f80d838a,607,343,586,528
ca542a2ec0c546bc99ad7ee5b2d2fbb1,415,488,595,434
ca793cc4e61243d2b245d1b1549a1d1a,302,344,577,376
ca7acb9f99ee4e579231200524a68533,1239,400,616,489
ca7ad10cb83d438c91596f07027695ac,230,286,951,794
ca8ae59a464b4c7c9880e9c61e68d07a,449,251,654,520
ca99989573e3494d91d6f1d0dd8b923a,964,207,699,436
ca9a1bbd019543d78df34a79604f217d,560,264,804,581
caa2b6cad4744107aff2fc6c97f8e7de,674,392,987,589
caad03e1339d49429cdd4d7c9342535c,507,365,485,471
cacc87fcba6f46f5a446fd2ab761fd64,958,268,591,490
cad76c30ad0c47e0afbfeb30575817bb,608,290,754,548
cae0768c2a654e479f4613cf9783212d,561,337,677,452
cae85d2846bc4be08debaebcffcc921f,753,178,973,559
caec5b04d244475aa25e8ed7b5b5b9fa,271,393,882,473
caf9c73677b64065bceb57851aa89092,693,342,606,559
cafbee942e8c4f09a7ea5ef195882b27,345,24,416,363
cb05cb6476f745508fa414d46e0d62e1,729,497,862,539
cb07616c5d9f42f794529d7aa377f9f8,624,309,1103,579
cb176d279f7c4ce9b0f8ea0ef13f71ca,1096,513,666,331
cb20a630853d405d87d678a60847b0a0,631,160,828,538
cb2161bfbc1c466d8570ffeafeebc64b,537,493,548,409
cb2cdb77d2444ce88d1be2d872f6841b,1059,311,584,595
cb416cd5161c48d6a0ed826e90b4e412,750,334,826,639
cb4e2e6c63cf4ac99f7dc3212397435f,253,180,693,584
cb659b378e8d42d6b6287a7264298db3,752,367,344,330
cb6d294848704b9c94a45bef8f7fc77c,766,0,349,371
cb8c8186a7e6469da8f7766024d80f18,446,293,956,594
cb8e22c1782244178283c0f989abd95f,1066,392,438,416
cb9b732e023e47fe98fdb6b994db7c4c,749,0,356,305
cb9ecf32535441baaf4e00ca62f83cea,287,219,610,421
cbafdd7430c6443e9afd493ce7169315,250,450,798,628
cbb851755dda4482a464acdef5e1f8f4,543,223,862,635
cbc764fbb520426c9088b500289063b3,832,264,1086,588
cbd0ec40265a4332a7fa9cedb6d95333,853,189,455,405
cbe440c6c4b04cb7be24eeac6db86e66,1135,64,687,471
cbe52cc90d8e44eca9e04e482a682654,399,465,789,388
cc06a189ffe1419b920ac14fe389e196,1261,385,613,452
cc1945c218ee4a3c833a4479b1961c2f,586,348,790,464
cc1e8d7bb8b64890a2d6efd84d6aac30,1254,394,545,467
cc244c4d72d946f3ac5a25e3fef14316,462,94,1327,669
cc4a1e72cc714d599d142005493a6831,1059,0,439,244
cc4ff6cd33704c2a9fe36aa81f1d6be5,168,454,633,423
cc521ac6267d423c99ba5023df84cc57,788,248,716,568
cc6a1fb48b594e8982404e60cf89e56b,711,247,402,324
cc6f263f68da4bae86d571d7ef4580c3,632,447,963,466
cc722089ba4a40edb13eeeebfdbf2001,719,229,662,678
cc82e5696cd24c1aa72b85cc7322856d,928,386,812,425
cc8fdc5183604bb385dd68389e4603a5,994,240,605,471
cc91f39bef214514903d1963ac713d81,38,371,537,466
cc9acf18a83d4dc29900bc0b1aa98474,626,459,854,448
cc9bb8b8620843468d7403813a3b9670,782,414,763,433
ccb016f8bf3145f38c39974370b7b68b,214,173,562,392
ccb5c2feef034ed891f30f8d6560a1fa,1268,90,525,402
ccb76e20e4054abba08b56f013bb5b3c,240,109,454,441
ccd4618ee0f44ce08f39b8d7f92a9afe,48,290,695,534
ccdab7d30c74459b840c0a54536673ca,682,304,487,420
ccfca0c44ba54925b5c3c74368ac1fea,0,105,629,443
ccff642cedb34c8bbe9fd175928393c0,222,431,1018,648
cd0144865fb441d596141f02c1e81005,764,287,781,450
cd0b93bfa66c42c99cdf56378f6e9c3d,251,268,793,614
cd34175243834104bde29e20f6b24a0b,142,453,620,413
cd3e77308c614d0f9c2a51f29f58074e,951,267,702,485
cd406f31902f43d78dc02845fe4b9158,875,436,818,449
cd47a98970cb4cb7a3355bd8c56852a9,545,587,710,492
cd517b4a4fc34c8e8f89821e79247243,196,491,638,385
cd5199a7ce114c97b2aabab4c9ee9b65,985,543,861,468
cd525b5ba18947e8a0f04a2e2fd0d6f0,801,30,315,363
cd633c5328fa44c98c4a6ba344c47984,674,228,666,630
cd65d3839766432a9733dd82f5127eb5,690,1,734,705
cd66e2de732f4ec9badf1057e3ac3c19,1233,283,515,307
cd6b47b70c3f4aa7835d12101cfec139,227,154,446,380
cd6da87750ba4a62851f8269d2137541,411,100,450,368
cd6dcd9423fa495f8f3d7b57d107235e,880,5,400,406
cd73804cbae2423d83e19b27a8fbca6b,690,428,1017,470
cd767cf1d4d842aca62f385ae4c272ba,1275,156,644,432
cd88cde3d7eb401080aa4ed600a0b7b0,151,365,731,428
cd9246ba4eff4bc5b13e053920cadc65,432,0,906,805
cd976cb253c34b29ac8c78bfe134102a,414,438,430,390
cd9ab16764cf4de1a2502d85d45a6d7b,296,102,808,538
cdc0430c049d4ffab4f46d5e44f0df41,27,424,754,389
cdc8db4e98154af492e91464411be379,0,385,357,441
cddba3f4222d45a1b766d918daf9a628,333,393,965,540
cdddeb05aa6a4ffdb7dc14a09c8c3eb4,1260,381,499,454
ce0fe4de23a74f41b8f95baed34539be,0,325,632,414
ce21f3627bf34462a9734cc8ddd64935,553,0,736,834
ce22d2602b3544178a443553a4d06447,483,44,820,808
ce2cd21c9835403d9bd52a4ffe210105,826,261,315,379
ce2e241768604c66ac96b19050066f9c,1404,192,491,314
ce40489285bb4fbd98368d0e1e61d3a6,260,682,535,334
ce4fb3da02594d349ec4120552364221,680,365,620,470
ce53ff7242d5461398d402c50cedae48,1134,379,674,380
ce5b425252d54bccaca2f7f1c73d8f20,400,412,858,512
ce5c29fd2933482e8dd7f27a4b651819,135,414,1102,666
ce9132cb595f431eb8e9525415a809d8,889,0,482,565
cea9f2e62e9347a88ae8961fbf986911,253,247,747,411
ceb42e7ce982453d86324532f819b17a,819,465,502,472
cec1d53900334c5c8ffa72d1ce258e43,520,266,592,514
ceecdf4eb0104fb49b4c9e568a31e04b,146,293,729,462
cef380165eb94d4fae4cfe3bca3ac1a1,730,0,554,524
cf0b6dba1ec24576aa8d66511b4157ac,565,473,666,522
cf14c79e6c9342aab4bab4f03e38e3ea,874,677,798,402
cf19c875de0e477eb2c3825c956741a1,1120,156,662,424
cf19f6e7d0464d219d4f41aaa266b954,285,365,1070,566
cf1b144c43ad419f82e8b4c45f728105,1039,264,634,594
cf27a4a3c6ac4c82bc293282e5d46a06,1174,476,694,494
cf2a78632e274d8f8423c87361515c27,693,317,581,544
cf305ddb72064ba59b458bdce8a2c6e0,1345,203,511,365
cf313bcd4424467c862131f828327706,217,176,616,729
cf400afaa5734f9986eebb00ad6a7c16,461,408,736,481
cf4c3ecb4f9241688d5151fd08a6111b,1034,300,608,592
cf512e8185864ba88ad6aa3538a67eb3,253,417,991,663
cf57b189935545acb6075b22bf97908a,293,345,867,366
cf5ecb3437024bad8dbe8b3fd0a6d875,703,499,627,581
cf6d86f486284f5bb83370a886edd7e4,179,211,815,552
cf750cece23146619b57db59011b9de6,790,0,234,178
cf8fa68747d44a33ba8b0908bea50ad6,334,310,906,439
cf9d28284b754e4a8832b99aaf7ae21d,0,373,541,365
cfa4e7ca52834f4687f26c253363ec38,760,452,582,490
cfa61a93c7bb47b1876ef2d292ca2f0b,366,310,958,529
cfb3e1fa07d64448a2ef30755fc40e31,294,196,890,609
cfc31ab345214e36a6aebb3834e94f54,598,365,769,492
cfcddff5376443d5b0c607c285b266c5,460,380,976,523
cfe169c2541a41ad844a2e579d5d7bea,299,174,702,707
cfef4b92d5ae472b8826da15cbce687b,244,265,949,545
cff394640aa6484d8d800676d93c883f,794,408,817,465
cff51715cc2d4b6bb1d291c6f3efdee0,0,174,549,555
cffca57a007e42f98393f0f369eeaf51,582,194,745,631
cffd966a08484b708b58e3bfba919a78,761,416,438,436
cffefc37a86444fa9a945542bd052563,277,361,610,365
d00f79d9e7d94a63a19ec351b8ff9330,355,375,644,451
d0136cd4262a43468e2ed7dc45f3e1df,835,0,972,646
d01a67b79e5e44f682950f66fb19e797,217,418,745,467
d01f67993da54aa1ac4b31a4ff7c509b,172,224,775,463
d02ac16e1f0643868bc4f789d15366ee,357,87,495,503
d050e0e59f51416bb84fc8c61036c3e7,935,343,748,455
d05a5b1a335f4e83a1e5ffd75a69c7bb,846,281,644,482
d065816f55804f928ae8d735e3b1d96f,494,450,708,477
d06767cd19094d51a365353bc2fe8c83,1195,11,724,512
d07ac6a6539c4ce9961b362d8b81103d,776,402,528,460
d07ca749689440558e2b5de5c5317c0c,724,460,462,399
d07f43475ec44543b614f9dc5b9c7bff,657,340,838,523
d096e331f7204031a7fd5aab5e8e9df3,1320,261,469,302
d0a42191b29047c488f9ebdfbe96bd5d,368,163,445,392
d0a6f5748e354e58a902ba3da422cd8e,554,270,768,445
d0adc714d9e2437999d08c32c0a1ff0d,722,591,1072,489
d0aecb075c504ebea231f46a846ef917,463,337,900,541
d0b041fb402f4d65bc2dbb2165c4cc72,1051,186,580,466
d0b56248cde64831b27de96008cca109,604,235,600,574
d0c470e6c09d4f2dbb595c334bb81a3a,297,161,700,720
d0ca228d6a774f7a85c6eccedf1ec354,1066,173,568,433
d0f734550d194b97a79a7969dcfbe7d3,807,297,1016,617
d0fed0578d474f92b487c4f74348e2a6,491,375,545,524
d1116dad33cd491bbf95bd219e543229,809,458,429,383
d12041e6a4824407a20496676f8a887a,728,74,664,644
d120e599ff5f4fb79efe4008e0b1072b,543,225,863,635
d1266a8a69004463a9c56c09a4b55349,719,413,798,664
d1283efadc624004a9e284d31629e4f8,486,0,735,394
d12b4252f58a424d8efd414ca1004dcd,1187,50,680,525
d12c1e28e5314902a4d12ec257a077d2,531,338,921,540
d139292a5af74f9db76c6ce0f0c58361,735,455,804,417
d13b1ac39a3f423185520af5dfff6683,857,72,772,779
d13cd97c2c2a4c4497bcc2e6c75536ef,765,225,473,437
d13f1ce1271a47c8b94dd2081eefaea1,557,253,536,580
d143d644c57142aab4ed862669fe7f8a,471,397,944,506
d152298d261c40cd9a5c9b4421d029ad,494,449,708,477
d15229d5710845998b032409df57889b,670,465,795,554
d15891c59e0048849c3616d3bd769cfb,525,362,455,370
d158a539d7e34e60b8131360680f6c0f,543,223,862,646
d171711a660c4f6c9a914aa5b8a38486,467,343,814,553
d174266102c1448fa6467e698140ddc8,77,367,538,507
d175c1d3cab34a429d682c95756dc1d7,1050,305,548,409
d176665078904f0daee58083f0cca212,177,348,786,414
d184e59659bc4d11a5328394cfa5d64c,773,153,529,434
d187220369124c7ea326750417415292,705,334,672,379
d1a11296276d4214a97816993e23d866,1108,144,719,508
d1a4760fb0d14f5db4a9c13b41f0392f,531,330,474,391
d1aced5660a44ffba8f22dbc60c6fbd7,637,268,619,610
d1c46b0b7797491ab9f9888768697a36,78,281,763,394
d1d9404ab1b844ef8942607dbea9c73e,14,440,801,402
d20735f07a33488298e8e5e1a9578f2b,115,398,624,440
d20a8e175a8f4455969e43786c3cdeb9,0,137,1053,669
d21059171d744954ba908ab10e029c29,631,260,1002,586
d21f450f4da24f519372307b14854ce1,850,568,798,456
d2212a501358476380de5c2a6c140b58,642,345,1108,558
d226b58b011143a8935acffb3c3183bb,590,183,547,646
d22aa0415f5f4a94b0150765e591aacd,637,428,845,479
d250bfaa6ca8417597ee5642e5368cf6,674,392,987,589
d251cf30759f41169fef65c5007d5104,817,104,847,724
d2609baba2a64f599a286c2ca852fad6,1222,269,479,347
d26a1a68ed374d53aa7de77776e91e0e,1234,344,635,492
d286ae15a8a14773b266df803eec4b51,611,301,739,548
d287152b34384fc7a84c8096023a6b60,1129,155,790,684
d28dcdb66adc48f196b827406776aebd,469,70,837,837
d2999d9dddd84b0c91c48551fc3f7a13,1318,195,522,553
d2abf43c4b974510a41f20784dc14937,212,248,1008,561
d2acba7bb8934d66ad240975e64b9356,139,288,652,376
d2b09bf6f6744c968d039e8bc73deccf,439,347,663,446
d2b686fe2d9a495b8ef05edd9711d167,708,406,505,501
d2ba18eb9cf545b68e23df75c6e7d09d,428,203,827,644
d2ba906062404be288520c69f00cc310,257,343,703,506
d2c275147932487594e0eacd92a648c8,558,296,500,460
d2c830c5bb1444d5a05518f5b238305d,619,478,613,400
d2da648bf5d04a0c8d0b161762f49dfb,367,170,448,385
d2dd1cf0546049159831c100bc8fea82,461,417,666,473
d2e0bbf60cb44a119f98c2405f525709,1184,392,575,412
d2e4e60d265b41bb95270a5b255f7ae6,639,253,764,610
d2ed64bf552341a8990b813828b0b3a4,710,158,523,470
d2f464a5341e4116bc758fd85a8cd532,66,443,964,554
d2f9c0ba845849969f9395e78617f8aa,784,74,449,552
d30270d862d0457a995b352f49081a78,639,521,586,381
d304eeb9dc094af69c53394352649964,273,111,754,552
d30eaebd57a043d4973c98d6869634c5,662,463,830,452
d31621b33adb4adfb741d8564c4224f8,563,332,456,425
d31656b2ea6b4906a1cc391252a3ec85,603,22,727,688
d3187948b34845058c7536b088d5f8a4,413,227,540,410
d31c07b8b9e646d7ab5c45a952d4b55e,1304,383,467,460
d33614c8e25b475880fb28c58d752100,429,382,509,359
d345b89540cb441b84d1a4948e8ee35f,1232,274,514,317
d34decaff6594e4aa733fa47b348d839,528,412,788,535
d34fe46d34c646abb370df9ea35a3a9f,570,324,1350,518
d359c4d829f0457cb599e19e11fdb17e,724,0,451,445
d35fb13d26f64073a9f687490fa707de,113,215,792,479
d36018096ab34447bb9f7e9f70af76f7,434,199,562,426
d369f32b9dd74d31ba97bf6edc3925da,0,499,642,401
d36efccf75fb4279af671869200739ee,281,377,990,703
d3703392d2e24599a42e916b4c5869cc,307,337,713,395
d37b6f95ee0748c5baf881b888668921,460,53,403,359
d3876a0dc7e34c45ad403ea0e54732e2,612,447,795,629
d392414474174c7ca1408a0cfc9ce966,746,0,666,362
d393f748ba0b4d5cbe194e1edc8e9ef6,647,267,862,812
d39c8309d0d143af95c2f0f9a90bceb4,335,243,863,818
d3a37f306ab842819a5586979054f862,821,234,468,369
d3a8be953eb5462f8986fc82d075ec43,547,357,383,341
d3ac2b0f7c5f493aa0a487ec7725f081,890,566,1028,514
d3ba8f4aeca640b3bbac9b8eedb816fb,338,335,814,640
d3bc59bd898741238812ef27b454cbf2,922,306,525,501
d3c11a696e8c49a4bcd4950226f63847,215,307,625,599
d3c30e1903c3421d933e6265980b21a4,953,356,908,547
d3dc53e4bc984e3185bc596789211862,1189,373,554,425
d3ddcad951de4e2786f9386af05ecebe,820,0,509,345
d3e68ae3b62a4a3ebc641c782ad03795,151,127,409,439
d3ee77865a3f4eec947bc39999e48822,323,134,409,335
d3f14796f7854fe0b27ceb5d316445d9,1148,111,675,442
d40a0bff7d0c4fe1acfd794353744155,549,364,575,463
d42f0d7ba83c4edabda027b6052e3e1c,1049,560,432,342
d435de659d5c49ef8461e41075127b0e,705,519,1213,561
d43eb45377b2437e9e6641bea0406736,547,258,831,558
d4418475373b49078962bd9fa1faee39,749,361,720,461
d443cddd45da4879b2fcca918d3b38a5,913,237,766,514
d444c62a8cb947809882954cb5088e25,477,294,788,786
d44d06997e264021a7ae21cd92edb5bf,615,253,649,481
d4544e6f21d94e5db9052be50de96c29,3,196,868,536
d466440ee95c4323a6ca415dc62fa813,1052,249,610,381
d484ac1417a645dbbf5d7a32ea78d54c,964,208,700,434
d48c3e5a9fa84229ae50ac91920596b9,1287,252,542,551
d48c5c6171a042d9a24f498a2d53a6cc,834,367,662,344
d49f5c6525a44b72aff06aaa48273b83,564,408,567,552
d4b7efd1373f4495b2b769c39fef83b4,479,466,510,614
d4c6cc0946f2433dbdfad084f8108a51,985,271,658,393
d4c88511e06540e5b2d8c6f79db74693,336,525,523,406
d4c940b8d99c4f5b9448a8fcea8b15e1,608,412,819,470
d4cdc40a4e0d45c5bef57ad1440ea288,225,175,940,645
d4da54e4f84d4a24a93165f0f05e1876,441,289,633,480
d4db1620ab314df49d1c128102eccede,630,256,842,602
d4f040e2fc1f4730b5af6a39da322f33,940,361,979,546
d4f13bcbad4847399b85bd9c8eb16008,393,361,810,566
d4f2351d391a4742b95013e1366c409a,225,271,636,580
d4fd6718f7364cf9ac05edf93b3ffab3,273,344,788,555
d5096a50643a42d390acedbea1e059bb,843,0,425,354
d50c62f7ed674353970d4b329d4df0a7,42,583,731,424
d50f34bc48c742ac82b9d224fa6435e2,553,329,727,375
d51e269239ff4bef9bb11cf500d061cd,629,435,552,532
d51fc943c5704b7fa89d79f901e3f6ff,1324,264,434,307
d526474da2084e8aa170f8c450f3684c,960,195,603,560
d5268595eac9476abfc4515b37da422c,313,178,745,652
d52956fbab7a4000b07327d7e8adcc64,536,437,750,556
d52f93b4690c4420905719b8632be4f6,692,275,541,559
d5351771bb3c45c6b10457c443dd91ef,878,255,491,402
d53fec58850f4e0582e6c930ec9d790e,206,351,921,500
d54e8cfa8a544435ba5ce3c4f9562223,1383,118,535,408
d55a2b4ed9a34aa6b4c85609730ab48f,719,269,503,464
d55d3dcd951c440d8395fac18663056b,430,406,528,444
d55f8b9406be4ac6bcc0ccd5557cc6f0,641,446,858,491
d562f1e26c7a4c85b7ab8532401e5797,612,287,989,703
d5827710ea97436484ff130bf2a75132,616,148,1024,704
d59330c200ba488a93769dbf380951ff,415,149,899,684
d594bbcd765448e189e21a750ad00097,831,127,631,736
d5959c842705431f9d2c631348fd6f0c,411,436,431,389
d5a2c05eebbe4599949dad8fde472d54,933,402,595,369
d5a505fe3c3a4cf38dbf3b6823e7f909,1028,236,702,458
d5a79c60388a41bf8f0437a7b730e83d,643,198,1170,645
d5ac85016daf40a4a124d5d5a98b7552,802,422,1017,540
d5be5c8e097b4a068097954bb7818b5c,483,264,545,516
d5be824e8f184b55ad8ba6615c1bca4b,595,179,761,543
d5c26b56f95447fcad9edfcbe24096ab,655,306,1161,774
d5d36042817e44bb809f26f47e9e32d6,980,174,938,653
d5d3fa9fbb0248ec9d4dea0029b16d5c,183,462,1030,544
d60172172b174d01bf98796fac6fbafb,632,337,1287,614
d602feea886e40b3907f7355a9c651fd,690,381,585,699
d60a4eaadf644b86b5fa2eb74d0bd99b,1,169,909,601
d614ca849fc44dde826ed328fac8c267,309,347,871,387
d617a60b37a548b59057e1d8fbe33d57,601,97,659,554
d618f23f5dff461288589cc98d74295a,408,0,1000,842
d6223946da3048359e16739c76b1ba03,712,596,957,410
d6374774483c4643ab91c511e071af8e,791,396,826,464
d637e600ae8f46168844ee768006e28d,429,203,828,644
d650f70447d3440ab636d01cb50e897a,63,181,706,465
d65ac03b8d0f4fbd92e5d65a24d76e6f,492,72,767,524
d67110040ace460e973e864ffe7f165e,836,343,542,561
d671b2e8b28b4add95b031e64ad7ee6d,658,500,950,580
d678718b8f38459bbdcbd7b720db39d4,267,272,1027,682
d67f2d31a583469599a0369e19a680c2,609,344,582,396
d695961103404808970c60610511ec74,516,558,712,521
d6a515f2018b4c6fb7688a78d398a11e,989,171,416,315
d6a7ac701a1045638c2c4713ba02a404,378,124,696,567
d6ae5d25da784aec91662932c125d9b5,618,404,802,448
d6c2e9497be74456a78b0bd5f3c4d992,207,1,678,652
d6ef99941673415d829958bff1fe73e3,969,336,739,451
d6f2dbc12412416f9d982bf36c26bccc,650,311,529,488
d6f61b00a5d54c15a7057ec0e9091d4b,423,82,432,357
d6f8e92561884e928092d9c4b33003b5,703,205,573,549
d6fb798296734e94812ec98b45498035,304,258,689,533
d6fd8016dd3a4299970c3356b4c8d7d2,189,399,619,507
d7008ea403194e05af94fe143e552be7,944,276,531,368
d70637984fe548b880efb3a808078414,398,46,826,741
d70be965cb3c43629f10f640c3e59198,74,219,1192,616
d7103a140a8c43d0a24af987f5290ea1,817,0,465,404
d71a83c6cd634fb9ac9b9ddcec30e4f4,405,583,535,495
d71bd18ceb044f2eba721771eab8c3f1,476,94,472,425
d7345f37ad434bfb90c344b17f5565d4,907,360,893,557
d73d15255d164b569e22d0f3e769a995,694,383,616,455
d74937a445e54142a4acf7a1bc8a46f7,180,214,546,409
d768344de1d64c518056c67075e0615a,770,111,669,569
d7695b51039049b7bf1a4d1c2477ee99,413,369,1118,559
d76eb74111cc4ede93c2b2371021fef9,749,442,736,399
d771e96834d0494aad3697f884258bd9,814,556,814,523
d787c808f29342d1bdb91169589c5d1f,913,220,616,597
d78f30df5b194025948c5ab55ae8d28c,1322,203,555,336
d798965d8fa04306945847ca841aef31,556,337,645,525
d79c1980053b4ed8a36b25aee6348506,551,338,846,651
d79d4acc4ebd488f923524a0592469ac,675,245,613,643
d79f957fdb9f47d29be3ec72a4c8f99e,337,526,520,404
d7a43b23e3144a2abf6d6ad8ed983156,133,461,907,513
d7a896e3afa84a82b86b447e59f81669,626,448,734,336
d7adc6daaa964fbcbb5196dccf726281,638,247,758,640
d7b7aedb86f74df4bc50c1f408004f1e,881,556,880,492
d7c1aef7c599468aac36326766a2bb31,605,390,744,422
d7de6631d2f74c548443d0c2fb8091f0,274,455,807,407
d7e0b81431b84c758eca199359a7531f,33,493,486,413
d7ea4f3d4bd54fc5aa31f2b1cd419888,1026,97,648,449
d7ef4213dd7a4eaf9aab4574b764d9ff,245,347,555,530
d7f05f7ade5940f58deae24e9e51cef4,597,228,764,653
d80c87bb0ac840f2bf239c0d4c7bf735,499,332,647,383
d81417781445466088bba3658692e785,678,348,608,454
d81fb838bf134636970a283662ee74f2,1260,365,657,498
d82b04799e9b4a40b497907daf81f1a1,0,319,426,402
d82d1f11a88046ceb4bc9f254469d116,399,171,764,691
d82db0f42ca84098901d08a17a077690,634,411,784,459
d84cf539447e4dff9bfd773936e46d82,1293,355,478,435
d84e766c0d0e46f78f79dca9f60e2df5,487,4,745,768
d85cbf3567374b09bc948752f3235342,765,312,567,540
d867573834e94f0eab3bafbeae2643d6,543,235,1074,693
d867e3489f3b4d76b94f70e09477c0cb,558,397,753,476
d881a4cbe7a04cfd9ab0b8c027f63a52,1044,473,850,460
d884a233c3774911a3943184e2da5926,895,589,903,472
d8b9c2f42fd74f0891f988775bc20b79,676,447,759,305
d8be0ac50753457486fe1432870f1acf,594,452,884,628
d8c99adf7920417d912efacc4f020cac,648,224,453,349
d8caa920d1d042fca921897d69f0a726,621,309,578,506
d8cb88aa52314ed2ab206e8e50b8a9e1,423,201,872,540
d8cdeb56400f4724ac194535c7d632d2,1612,110,307,368
d8db2b13b3d4457197e4afccb9e87859,436,231,546,472
d8db6b8a3e934831bd5314a8edfd771e,398,481,803,459
d8e33c27fabb430f8f5bb6956f446c61,224,239,411,389
d8e6e4d38ebd4cf7963445fa9495ee5e,205,8,680,650
d8e9ec2164624ae4a7e45c795ad0080e,598,355,583,442
d8f252d99a7f430fa963f68a0d9c8382,720,435,657,473
d8f617948be94673bdc351ea76476f62,891,163,556,638
d902a74081fa48b48e98b17a2ae5ef31,1102,534,604,468
d90d0822e1424c43a6a3b7dfff45bc95,366,349,882,618
d90d5ba4d57e4cd59c409b30be251ce5,198,426,490,429
d91edbec54c74ff48e441b3883943d80,627,362,693,488
d92ddae95e464d82a3c8af595b5d8bfd,660,490,648,420
d92f73478460436287ea48b0f407b1ad,430,183,1105,765
d933ae06c75e4917aae5369b5a645e94,600,185,831,512
d936647330794abea674bdeb2787c357,653,364,585,464
d9419b4e82a0490b913458da61a92999,228,382,677,473
d953e66fae8f453e87479032249147bc,977,397,942,484
d96f84d1bd4941458f960e29ad303fb2,554,488,669,464
d971ef122f52452c888e3c667e5a3884,187,371,794,490
d980ebfea3b54048a7ddc04d9b4c8e63,1,0,1051,689
d985443e3cc34759a3d97bb5f603bee5,706,294,598,596
d98f4a389a5849c2ba01bd1d2eaab911,964,271,815,579
d991376a19334faaba408235f0d7858e,708,70,589,614
d9b66b81b70f46a6b03129c3adeb59bd,934,306,531,505
d9bdba9a92df4fef8620b930c87e05fe,2,288,850,389
d9bf5aa78ab14f43a93cc9e91adb185c,709,278,725,508
d9bfb1afe4e34dbfb5c506802ca16b70,656,80,269,217
d9c09be2b7984a32ad58dceb673b0be1,322,188,898,622
d9d7abef94244c4c9554b4712fad96f6,249,15,1044,728
d9d8d985db2a427798aefe0a9badd02c,654,0,473,434
d9da0713946d40cdab4af7b50ae085ce,185,420,800,532
d9dd0cfcf77f40d7812d99cbb0fc98a8,908,309,799,439
d9ff3feb61234776a592799857390a2b,501,331,907,544
da2f4a9d620d4d04969c6935c1726daf,836,304,554,421
da338caa1b1449909316610716066659,321,0,617,420
da5c159d5a7f433d818ffde02b8e8882,938,249,518,409
da5eb4978a034622935a097f5f886909,687,512,490,327
da6cf11c2c834199b7846ac67960cfd5,1067,384,437,418
da6d2e7a07794d48947c0c58f6e28fe7,189,120,762,482
da7e27b1766e4d8ea46c0fed5320e217,899,265,791,517
da8fc458f7254fa592d06187eaad50db,394,349,1016,543
da904bedd92d433db6d19f2010c56e82,495,440,629,561
da91a375efe54c30a00cb0dbe477b4c8,669,443,631,474
da97871fb0ab432181385a6c6dfd4adb,322,439,929,530
da9dd373193944148bd440d5014b9552,766,317,731,532
da9e21dceffa43958d082b918819f883,1128,203,584,355
daa1cd4cde43486c9cc0ad58b2092eec,1006,172,564,572
daaee922d1d64658857679e6e057739f,1100,466,762,578
dab58079934a47bdb6014fcc7d341676,612,399,557,456
dab820ed985948ac85520ed368d3371a,90,463,953,510
dac99cd2ba8244cf989030fe55eb72b6,645,381,805,481
dad83e1d7aaf4623a64a7837583bd8a7,713,347,853,616
dadd69d813e54c2397cf6780ec170fd2,499,233,505,432
dae6f423718c4c5bb0d207887032226b,688,49,494,486
dafb0e1dbb86403c82c3a48bc86357d2,698,0,378,377
db0befeb3dcc42b7b1d5088c060a3118,837,128,1081,759
db0c88244516406ab2d963e8e991b492,1129,139,691,602
db118d3018eb45119873d438b3613507,498,146,1183,607
db159309a5af4c0a859bc30172adc163,565,409,567,552
db237ca40c474ea085a323669a5cf73a,527,157,745,814
db2940d153664264b342b6427b8a80fd,1,410,534,343
db32f92eaf174f12b970aa905753e31a,1086,277,635,594
db3d3aba1d764c598a19211855ba65eb,1023,260,546,416
db427418a2984d07b9fc1c73468acecd,494,409,876,500
db4a53e44a4b4f03af9ec0b1ecbf4c84,879,339,655,441
db535fd2287940cc8acc261844a310b9,1198,11,721,542
db562d3e119347979e724f3e13e71588,982,313,454,330
db6fbf638b1b4591ac4729c778ff56fd,394,228,876,820
dba117bd8c2640ecb5ba33a9a4fef9a5,547,430,765,456
dba22294a4854e3ba5c9b0cc50eb90e6,207,446,465,416
dba8a86890be4938a9b637b656f8314d,785,426,966,628
dbae7ee5daad4771be0585ec010c4892,0,268,450,457
dbb29cc4abad4c45aeddc99974ac6a21,590,0,378,184
dbb7b5986611459db5becabacb519317,442,205,834,789
dbd9cd0d56814b379ee4dfa211e22217,509,370,950,683
dbdb963a5ce64412bee3c14cf96d1325,82,241,725,457
dbe144c36b6949e6955413f1273df7bf,0,297,465,401
dbe7e5cac1394725a35d23bfe6b64b50,1180,408,680,407
dbf0731079ae4d0ba5bbf5114b43d5a8,949,365,685,402
dc00e32e74144cb497522ca2767f1f6b,703,445,776,362
dc0670e8a5414e07b79b82b0e0770095,1289,121,547,678
dc110c9086b946c1b5952adb5868f04c,230,314,846,456
dc1b0d05d03d4430a9cb0a02a3614553,717,345,588,400
dc494a31a059435a9caa7a289531419b,691,478,567,400
dc4cebb4bbe147e18f85dc02e1799d8d,542,368,813,712
dc6aab418dea4fe7860e0a802aa8a65e,1044,363,518,469
dc79a91c8e234d62b44ffefca966ee74,638,470,608,406
dc7b4a22593e4ebaa734a6b17ab6e7aa,1072,226,620,443
dc8579d65d1641dfa8e69ae778299c6f,621,361,593,617
dc890996f1db49438551e76260a8e769,105,47,585,424
dc8c4a50608841f494e1ae3b9f7d2c95,1268,133,651,608
dca6275103b748bca7d0c3c22e0cfbd6,699,94,646,608
dcaac237c74d4d49bb1ccdcee04c9c58,394,230,875,815
dcb2408a6ac7421e967194a13350d82b,443,263,986,516
dcbee35ef3ae42179945cd232d50ae50,778,228,413,373
dcbf62550b474375a1af34e5f8b2b372,1235,379,684,364
dccc44fd35134284955548894c11fc0e,574,639,646,441
dcdead2c82c9477f918b2cb2283329e2,566,288,551,428
dcf095410e9c488d8dd30be7d4299369,450,277,781,476
dd0a90fd39914e769569bca5f8153acc,415,171,574,444
dd0c0948ee614a098b3fad361d94da79,1168,230,527,367
dd12087a4bc6466f98aa8bf2d88453b2,924,469,869,457
dd1d121a351b4cb290e31b3ce05437b1,729,176,435,414
dd26566c7dbe44d3aebe2737f7dacc49,611,216,288,325
dd328fe41dc94bdd87967d254e3ced51,719,350,828,505
dd34214f0f2e468ba9c189c33f5d4622,753,401,627,517
dd3a67c095b3486c8bbc6bc1e935312a,1010,271,760,516
dd3a9a15a8af484b989cb4e0969685fc,899,0,510,237
dd5e019e2ad64150a649ddef1038d05d,1127,177,761,574
dd5ffe2f816546b0bc4701748d84c70e,952,193,542,402
dd693d79673b4de1b6b69fc58eff55e4,1257,187,607,334
dd73db30d78a43cd9f13680a6572ec78,782,418,593,402
dd8724f22e7a4f009f720287471ba170,488,257,541,536
dd9226f06a0343fa8cdfe208f103689f,651,460,730,410
dd924b99465e466b80e196489c5ac434,723,469,603,398
dda2f2af123a44788531dbb498836014,1138,490,746,545
dda7e0b34acf494591b24b9392b64de1,209,197,750,472
ddb45f48b6094c18aa7b5b2aaa91fbf1,277,566,772,514
ddbddcc3204e461d861f6030a9ce45ba,666,146,527,350
ddc45b93627142a68d287e207d0c4954,501,399,951,658
ddd35d8fc7094cb9bf855b7f676a9ec1,0,402,724,324
ddd8a1bfa41c4645bd422c45f97b210d,221,269,1068,564
ddd92bd0a0ff4fa09e9ed2fb865326c7,513,385,649,445
dde22e13be5f43b1abc446acc37c5084,363,290,720,399
dde2bd0769a84a2293aee06d57eed513,1162,172,748,418
ddeb6af3cf0544d7b49674f205283219,796,138,383,381
ddf0b0afc38b416aa45963c5861d57b1,286,408,663,539
ddf73c47baa74ce0b2ddb742bda8e50e,668,150,329,323
de02e51d0b72482fa7718b003e5452af,518,330,720,564
de0ef0c5e9bf438d807932ca29fec8d6,378,244,888,813
de2358c6f04b46f7b9c512dded5f36d3,367,53,519,490
de37952209984f1db9429dadbc29d87e,105,385,1135,682
de4b3dfc3b0242928086e98f412ec72a,464,309,526,399
de54748b85dc49c196e1c5d440df22dc,449,435,633,565
de5fbc6c8c12444b8d06fc06f9be64a5,755,233,560,560
de6cf1afcad04350b60d21413fe4093a,711,158,520,469
de70781c5d244e7783bc042f1e42655b,662,420,603,414
de71dc0548c84058a6a1ba4b3138a31b,578,387,771,518
de780c54f80b4a20b9e215c1b337319c,700,225,744,568
de78353c3c0c41698e538abff8918fdb,761,409,1050,526
de82cf9bb1d94167b4e316a475c6ce0b,591,535,672,510
de8fb249aa3942ed8d66a70c04db65a5,1036,303,604,591
de9c9a6ef97e44e78045cfffa6a94d49,1254,283,662,488
dea4bfc7d61d4051bf5f390930fc499d,1046,257,513,365
dea750d0262a45d6abba6abaf5b7ca82,228,501,945,579
deaf12c54055409f9c8b37d173f3a87a,1250,381,579,404
deb7570b0f1449b88646d5107477946e,489,350,515,352
debbb8329fea47fc838c9858a3ab1b7a,82,111,621,403
dec1341e36cd4f8ab32b48ffa77e7c97,697,285,492,399
dec9b9522e674169be7f8132d937db0b,316,596,649,401
dee60bf5f84346b69e9e3d24ad82e2f9,86,330,1055,684
deebc808e91c4b8ca613de78eed1e420,1090,191,598,444
deec678158354a06a83c2b3b491ede7b,649,161,891,747
deedef29363647b69630228b57d7f4e9,581,385,808,436
def8d79e03434719bc991764f85ec9ae,371,335,887,570
deff818c91cc44ad97a3be48fbc1660b,1296,381,514,484
df06fc8b0ecf4d9aa5b485fcf91c1eb4,723,436,479,458
df0925e1dc354fde9f102a815e1995a9,667,273,444,339
df1154b01ae54b18a61d1dd1a745adc0,767,155,711,578
df17ca9c8296497c915da3928d049aca,769,25,870,635
df18ab73608a4791a3a35b59bf4ce03f,962,273,818,584
df3c8d483e6347d188f1688334610281,112,297,633,384
df3d33a6d06649449011e3afbfa5cc4c,149,218,567,406
df480beee3dc46f585e955be5515610b,522,315,721,463
df5b3f7df19f4eebae8bfda2060cc24e,751,441,772,549
df65049568b7445a8b3b9d8eb35ca04b,883,151,494,518
df6be9849f6c43998d269a25c2547671,769,265,389,291
df7545dab1f1440ab2b4568ef68dfbaa,604,362,711,401
df8331c06b1244f1b143412ba654e883,1223,0,696,508
df883c9a1d894c16a6c9587a4f0f4f42,679,371,507,430
df96c52af8ad4698bd245a617492444b,410,542,747,416
df9b21c857224ad8ad424fa041b3e40f,904,367,493,349
df9f36ed0f3c4c2598252a82668a1261,77,500,691,505
dfa874a1ad64453484dc21aa435a2aa3,731,76,415,358
dfb651832d5d42e38450cab7507755cb,820,171,960,658
dfb9ceefbdd04630bc5047c80a6b4cee,1064,454,570,415
dfc3d826306b465a881de834908b167d,477,516,526,412
dfccbd3743124757a8e2ecc5b0e2aee8,496,406,1190,503
dfce3ed98c3e4d33b289225efcbb93a7,673,559,571,439
dfde0ea252164011b4adf0a49b9842a3,1156,113,562,420
dfe04f1d74c6491b8b055a0fe24d7134,749,428,363,331
dfea17cc85ce454bb44859ea0c8f8e49,1164,260,524,367
dfefb591df2b48b98813a73f4f6ed738,1271,47,618,493
dffdf1af981e49f0a673e2483f103b04,516,383,739,579
e03a5bbfb74a47d99c0c3b7160effb4a,701,375,899,499
e03df5c93dbb4df790abb6caa803c415,682,413,476,468
e04111b819e942469f261f3567382585,436,311,742,644
e044a49eb4314025b64816631890eb63,522,475,549,480
e0609c498b484dbc833676b7a7014d38,178,322,568,542
e069b2c13bef4010803240f63f330142,796,139,371,380
e06f06ef3f9743ccbfaf2008428b5af6,195,442,684,409
e071d9d5d14040e39f169af69fbf96d7,724,209,618,520
e088cc9daed4403ab9e0ce2d20036384,224,271,637,580
e08cb193621e400281706d2cbcdb13cf,449,232,653,539
e097073411cc4f74a70c01214252fde0,398,481,803,459
e0a9cdbf8f1442a8a4821a83419dd7cb,804,440,659,344
e0b8227c5a6e447583af27b8e16e5285,402,202,382,344
e0cb3184b91845e7b64d275b03590b7e,705,70,729,624
e0d0d28492e04d9daa4aafffe0cf69e7,652,0,562,612
e0d6f9d848a54298845a9e3edd9527cb,108,367,656,430
e0dff151375c41ba894cf2fbd331493d,755,261,618,498
e0ec5d54ff3f4cfab5d7770c1dccf059,581,370,817,499
e0f977b79df64e459fa8d3a0dc675acc,517,179,590,475
e0fc0cd40cfa4b4496eb8ec24f275019,115,431,596,336
e115575cbc804b439c01ae0827f32216,771,378,658,450
e1215c71fda140c1a98023528cc96870,1096,9,787,622
e123c60f52ec4c5bb9d93ec33db5ec19,922,691,855,388
e12b9f9b0a5d4ad3a173f78e2afe7965,365,386,717,489
e134fb727ed54d978e6c62a62f1cad87,745,1,483,549
e1363abe0d6140bb87974ea6b5752ff1,1006,170,575,575
e13b8f6833b64a2396a6cb157be038be,1,313,624,311
e1463a645bb94c088f67d356409a234b,569,207,584,693
e14f135f36e040fa8e50ccbfea7a3c57,151,539,790,442
e1661b44675d4c278ef8a232801ebbf2,1135,200,619,521
e169d6010b0d4ebd96b864c3cbf50d29,551,258,830,559
e17a37145ecc4d0fa834cde0ff430269,6,199,866,538
e17c96ac83e84f0e96ead30643bc31a9,525,144,527,577
e17daaf8e468423d8d5966c8c9df50c0,660,365,755,546
e18f39c7c4df4812891ba4f07c24e48c,1313,145,515,452
e19672e86bb240989a8a491dbb95abe8,445,421,869,607
e19a03e1434f45ce9dcdc6e683253e3e,634,165,886,574
e1a5239979e24a2ab07c733e8cf681c6,887,537,586,450
e1aa59955b68403fa08d73db0260daf9,1296,191,480,494
e1acf0e224034774ae8e3cd674a96607,757,21,593,619
e1ae65769ea548838f4aa9ddc2ce886f,779,255,766,495
e1b047c96c8a4b6684b6f39884fe8f98,679,266,877,544
e1b8ca53e5504d7495c3e259423663db,591,302,689,541
e1c0c9826bfd41f59c2ad6309e7c4fa0,705,272,520,442
e1c9ff049de74e2fa277b0d341d1af55,1007,164,366,330
e1cae071ea604a848ddba65134641e8c,675,343,651,568
e1cb7daa87a44fcf8d4476c6821e6895,868,282,868,427
e1cfa626066c41aea0e146d81e6732d4,529,386,558,442
e1d7e5d773064f40aafc27bae0c6f14f,699,304,458,412
e1e17a2bf9c84a7db3208a3313f4fc8d,560,406,738,482
e1e2571d27a74aeaaf60a164229ebc66,690,152,319,293
e1f3f33dcc6b4e998f0c52bd947dcc58,1148,269,518,452
e1fab7e8bdac45cea24277d06bcce61c,602,562,574,403
e207286a97ae4d5aa8fd2b3f239c1b52,488,386,951,669
e20e7942416747fe9e8505940029b158,517,444,815,510
e21281547fea45478d7f7d17421e34e0,1311,146,607,400
e215401867a5468eaef2a35afc6e275a,788,420,807,457
e21699b700a441899c4ed7c87018b28e,685,349,860,550
e2255fd5c69a489d936065fe419d26d5,381,234,705,558
e227169abc2b410db873384f9ff4abaa,531,49,781,705
e234a4a2274649288e5058663f848639,289,336,797,686
e23fe14b7387426fa1652a89e22bc2e6,1164,359,518,380
e2439c4e0526421498036aa05024a4ad,776,0,423,396
e24f9aea158141d3b9112d6b3f9963a4,808,508,540,503
e252cafcd7b04ab1a54c22e7e3c50f29,801,111,397,404
e260d43954a84c3f90743d055057e3ce,257,206,1011,868
e2682b559f86414dbd43a6f1cf0f5711,527,351,1046,661
e26882e9ca6546909c1405c83fb036fa,532,583,591,365
e26ab959b4644299813d8c804fdaa7ea,685,372,320,338
e26dc343130e4e7a8b87a3aee549e0d7,479,314,1018,563
e275eb0932874740bc8cc428a49c71d0,1006,335,557,396
e27caf0acdeb43cb9d1a552a51c66005,670,0,661,552
e293cba4b80340f0b78166602fc46e44,639,318,696,586
e29b88f39fac4ebf9ff6f36ecf793a10,797,360,679,463
e2afb16df8c44659b1981acba06a9a48,618,294,437,309
e2b628c8187a46009bd2c91bf1617bba,1,0,699,490
e2bf8ffc26f649f3bb098acc3e6a26e0,1273,678,646,402
e2c359e3467e466bba59de357c5054a6,1346,407,573,483
e2d2770a6d944465bb464e2e07d8fb86,758,420,625,537
e2de7959eafc498db27f522b9cac75ae,562,269,494,410
e2e9b6cbc42f433bab8548599c7e9789,607,520,441,519
e2ea631f345e4c21928da5569db690ad,752,218,483,437
e31f20636e464147a225f55f497a4480,1191,416,549,302
e32120d9aaf34a7d8c66165c63eb951c,37,196,664,469
e3254789fe914e7392827b9b59cf1b67,648,160,892,744
e33f4e72f97b4053b7f077bc13c63e31,1444,417,470,412
e3505af9b4cd432e82e19b1720d1337e,624,512,568,427
e351d924eb74408db8cc77d20e9595a1,906,524,510,391
e35f2ed774664ea6a78faf1a2cd33b08,430,113,808,713
e362d081bae948a18e6e44ba248359fd,667,352,636,490
e37b3810858d48a1af797f7d37a1561e,720,304,724,501
e37b414ad9b244b79b2c7cbb2898329f,331,241,994,782
e38251996b55476fb9ac85a5c65e63fd,51,368,559,478
e391d7406af84168b84da4f2426c9c50,1371,235,529,528
e396006928f04361882b392c7ca89786,660,475,897,489
e397cc3590b14ee6916567fd4c79f98f,373,427,898,590
e3a09860dfd0452bab365769e00125d7,819,40,288,307
e3ad9e8cfd444e90bb9d7636a3ece5cd,772,126,544,700
e3bdf621cfe84d7faaacd7f9ac2d14af,158,350,817,424
e3c23b011efd4822a09b0f80dda23c70,155,493,621,363
e3c7921d9b8f42f4b932d8941fffbe42,630,340,759,613
e3cf16f7d01f4f70baef3970bba4a3a5,1161,356,585,571
e3cf6b518c994cebabe65a14487a8fb7,758,563,767,517
e3d123875c7747c1b115eeb0f9d24e54,1343,364,576,315
e3d588fd2da14c47897adbdcc5e6c307,523,539,953,427
e3d88d062fce451a9c45a0bd927d1ee1,680,288,501,460
e3e2b36b909546129fc1d53f6bfacddf,636,259,1163,662
e3e4c4c5919047eca2b3a89f53b3659f,245,490,581,398
e3e99e6633634f8cbd467e48653fb229,1315,88,604,416
e4166069ddc74d09b790d5dce3122a0c,725,137,319,223
e41a8f79ab2e4803aecf0d03b48f0f29,703,578,953,392
e41d2c9d21594adf95bf12ee920d4a97,766,251,655,553
e42309ad0cdc4d07b8d5c29829f27847,1296,229,466,339
e42834e242f14226bf08425ff0ebb236,896,429,770,358
e42b7ecdff884e2087acc3389554d8a3,676,203,442,331
e42e2d1234664da6a21aa5a3fdc1aa96,549,333,748,592
e42f15887fbb446d81416cb55f319e48,1137,217,570,367
e438b5b0c23a4d19b8a19186a5069aa5,609,383,587,527
e4396aef3b4d4918b2825259af937db4,440,374,950,604
e444d586ca204d93b4620c618fccb3fa,746,501,587,450
e44f99fffece413493fc3e700f6d7fad,807,302,1018,617
e45f8aba73e544c39e9fd4a0af26ecce,136,203,789,474
e4717b987fe644b0bc3abb80728c54dd,20,189,1140,569
e47e2c83d25441279e040183d037472f,695,152,806,631
e47fc0cbe9134a03b7f342084d7eacd5,563,346,801,462
e48b54951cc1459f91fffe8054abb34d,560,185,809,810
e4907fe96b774b0aa1cd6bc571c9721b,725,419,483,485
e496c6d3a27d49cfa02ad7a97711b9db,534,587,685,492
e4a58c9da7fa4840a064ac943a3e31ad,305,363,619,359
e4a5a9344809498c836bbd6905a6b304,589,374,929,458
e4a634e82f244f56bf097cba57e58fd3,1177,384,502,327
e4baa9a9ae8a4a86b4641e0662c8b07e,1230,403,501,451
e4cb2ad94e6c4ef89a436f8f86f322c0,172,442,1167,638
e4d39a4e46ef4882bebd42e02c56681a,462,270,707,463
e4d3adf2be5e40ca89d017fac2f6a5e2,510,50,563,682
e4eb0a8f45e04929a2774dbfb84e1296,1044,154,540,414
e4ef7c91a42e41ef9b5465ae465471d2,1304,80,420,302
e4fa76ba98604fe99ed44195049f2437,312,294,651,570
e50612901603461296e4602a74e664cf,268,280,740,515
e506614ea9704cf3a61f52af164a6ca6,1145,117,703,482
e50f5c812ac04b5f8c1adadce1d5ea0e,535,179,1071,703
e514d8e936e9408baeccad4ab3b391e8,667,463,808,551
e5162fbe8d0449cb8cc739904037fc7f,393,409,683,519
e51a66bd694044d48c82113fbaa71626,947,215,539,363
e51a9408aae544f896980b971d9264f5,529,411,740,532
e51e2489b59948ff8ada2da473f2fc3a,393,396,509,360
e5297c440d0b467191f76eb496af0def,815,256,827,503
e52c457ac3ee4ba9a5f65d8fc3b728be,556,270,509,396
e52eca4132fe40c49fe5371fd9afbc0c,110,130,871,700
e53b04fe048647f98be9d43203d5553c,756,362,585,345
e53edc4447474d9f9f2a6d6fa009088d,776,0,423,403
e5430d5020e64c8e81a9d7af8ffb6e37,395,406,682,520
e548240d54984642a5257e37dbc41e93,612,592,485,409
e549f51dd47d4449bd956b9dd6efb970,1318,110,601,423
e56ee7971b1a48e8a0b0341327440cc0,625,224,777,617
e56f72c340a9446ca8e51b802091d7b0,1,191,640,469
e571d3787eb24f77a92cbf449e767825,578,455,607,432
e57c69c5947649c08712e8f7b5c2736d,1052,186,581,468
e584527ead28454b90c49953dd8cf8a7,457,94,485,426
e58c4b75bd8244bb987d8f1c9f480bed,171,224,773,463
e59644bdee5f420f9948eb091a7d6226,529,352,807,530
e5a908986ad646588ce474f19debba2c,833,29,360,350
e5b8b3f65491414c8ec8285d76f83acb,1361,47,453,407
e5b9ff1a7a9142e084d8ae4c81f1f567,1165,354,517,383
e5c7c91ca7a8469d849e4b755ed60157,435,313,742,642
e5f356d1d85f496f915de643f99aa43f,201,153,1078,903
e5fdf44ffb27439da74371c310b8a57f,730,348,922,555
e6169bbda4884510ac25b2106a6bdfe8,355,245,499,415
e616eb19319b473ebc35e8bf2af9d468,929,60,362,371
e63318793c3e4f73895581dc4f8ab846,1252,190,532,358
e6465387142f455ca138c4b276f9653a,501,326,927,576
e658fdd230834c069f117ec269332c80,610,251,783,467
e661306172ab4130b4c8a43d6a86e7b0,860,517,925,464
e66590ed7cb44bfe95a3403f7d5d9c21,885,224,748,542
e6763092b8dc4ac9bdd1271861aaf525,522,136,657,636
e67aa2f0a2de4121b70d3f760f0d1a21,587,497,634,576
e6a15aa3968440df9c19ffde2fef0dee,902,525,514,391
e6a4be03e0904d9d8a4e2718def3f3ad,197,440,683,418
e6a973b94f8a4840b997f486fb26c65b,874,437,426,383
e6ac68c375a745dc8fe6e92837cde6ac,1290,318,629,490
e6b93485deba49f1ac26d06b0868328f,752,206,273,266
e6cc5e7f4a2a42f1b7d6d30455e41c68,601,387,673,455
e6d05625b5f24ae8b0f9fc458c4c047d,1343,144,575,400
e6d569b65b644f9cb05a35b282f09f3f,168,216,709,445
e6f3b617533849ae98a91a7fcab9fa8b,866,124,551,561
e7034858c69e48dd8f9ab7dc711a1634,1116,432,727,555
e71142c2261544ff9ef04ba5da387f40,327,115,922,796
e71dce2265124dfabb1e88c521b48690,1,559,1112,521
e71e4da90a264d8db281b2840ae8639f,1137,465,780,425
e71e82691ba149f6859cdb91888af14a,1067,0,812,685
e72b70ee51e54c5da5d0d578f004cf3f,1049,348,631,722
e747777f832d4de0b9e33c87652222ac,400,274,743,579
e7520460cc5b4bd5a83a2d86559f11ac,480,215,737,692
e763e31256974c0384ecd8f2d2eedc36,777,256,405,486
e76cbcbfcda540f8ad55d88b151d3538,90,186,702,517
e771afebe0dc49989a60c1abecd5291e,679,290,621,640
e77af916f7e5413ab0698fe14e97780a,1160,314,757,475
e7a0e4151edc436b8a0821349a650d6b,576,343,739,582
e7b43fb77ad2422e84575091fe4fa03a,228,56,817,597
e7b5a88fa3104ae2af731e24812f1567,1012,408,496,347
e7be3ca7ac084c279628b011b2d13b8d,134,345,616,327
e7be4a9b3e33421ba7809569a667b5d9,483,372,757,667
e7c668faf9754145948824ac3aeba829,540,383,634,521
e7cbacb4445546149fe6370d7a576f02,704,434,779,509
e7cdd67312474f36bd0c7d31ab3e8a34,797,364,898,459
e7d18684565345608608036e07b11897,597,126,649,742
e7d5d4e34d7449888ea47d040ab5e590,680,422,470,428
e7dc4eb500784928b1895d6ce6abf8df,545,496,560,514
e7e25883d9d146bf811938790e9ae3ca,808,131,277,309
e7e27855a60b4235a39020253ab27f6b,991,505,454,389
e7e27cc64c314b6db99dd9047e7243e4,743,304,1085,658
e7e7da804dc346a382d55c1a3654de40,165,288,917,506
e7ebd4be63c14c9a9053e2c9663b54cf,1362,251,512,318
e80d08ac7a5a4ee9a4ea09b80dc30645,612,391,915,608
e80e07a6650741389671bd7e3f517739,938,57,313,296
e8381e3a565f46bfa8e697f5fc862406,38,196,662,468
e83b0cf54b4940d0bb6f0d35573231eb,634,521,1133,559
e849226295224802b7110948edf9ba30,1310,179,606,538
e851d631dda8468480c16c3749b3a84e,875,410,813,385
e85f5f26e70c4d5886f8dbf1c7d9d7e5,757,204,345,274
e86046f3936f42f09262541406d41138,604,325,803,592
e8681757c72f45db8518bd5bea53453b,629,526,1134,554
e871e98307864f26b3f1945fc8857e62,755,323,944,676
e876a7d00b5748c194ce4d91a8db0b99,1021,301,562,424
e87ba7e65265497ca2bc0a478b886040,714,512,450,388
e89f5224de604e8a8f564e767901759c,771,348,905,661
e8a9a22033b6465f8095e7408d56e950,677,126,443,411
e8aad200a03c4044b6dfd7c81077e17f,732,509,635,441
e8ab79e0a0e94ca79a93d6af6dad3288,810,201,542,418
e8b4470dce804585b82f250df47401e3,432,515,683,396
e8cbd55a363c400ab8d46fc326dd05e0,1002,324,870,468
e8da8d1e76f7493d9664bdcc2ae46be8,209,196,749,473
e8e0a7ae86394586976479403fc5974d,423,82,430,370
e8e1c2c7bc9444e998885053bfb82239,1161,259,758,505
e8eb93691cb84e3abc4c512e980b0e39,1146,258,773,506
e90298d10720429d9c0261585bbdf6e1,1284,390,610,442
e903072a8856472c84e71a4f70b87eaf,524,237,753,751
e90a5fce539e49ef8c39d2bb561f860f,710,280,725,509
e90c4afb96aa49d9becc8f43103c96c7,1174,134,677,442
e917d552a88b411787c33d3c7f2300ff,615,453,1216,508
e92164bd412349b9b7a7a187bbed63db,605,456,629,524
e93581457afd4a43b8164d3e66e9f7ae,387,165,904,815
e9365cc277eb43d7b691f5772c2ff2d6,910,306,802,440
e936a8b6b51c461aa08415c6d4e55156,14,444,840,359
e9374c630ea24ebeb5c8905b432e7975,208,428,680,386
e93d55f4704a4361ae52db4e778b7f4d,165,348,790,412
e954144962fc4028a303258208cd9faf,669,284,607,578
e95769392211483e9808ffa8a881658b,617,253,777,637
e965a6af9bb64cbdabb2ff0fa9e2c022,1156,194,714,354
e972dde692d448a5847920224aa26a31,1197,442,597,427
e9982140b08d4812b40b3b138eb7b347,865,481,942,543
e9a1ec77f2b247ec92bb1650e61554e3,555,110,707,645
e9a740ecc8fc4fac8f4a4b39a3d65d61,302,181,352,372
e9a797a24fc1404096f5a37f80472a03,471,313,532,396
e9b7b88f9b0a4959ad3413e5bbe778e7,236,492,1032,588
e9c1be58c85b4d6f85f61af3cd628a13,604,0,611,545
e9ca3d5ba5b24e519ebd363210422acc,535,414,720,394
e9cde9245d7e42f7990c90b42e8e3fce,36,263,825,461
e9d1e0320e1342be907f67b780e2d982,1068,6,844,555
e9d64e9e9b19498c93aaf7ca5146eeb8,686,365,808,478
e9ef6ad169cd4cda9163bce72cfcba50,584,128,512,541
e9f66f92006248b486e7e75bd714a05d,0,535,635,390
e9fc99d11cd04b75abafe165f51c5421,513,182,774,729
e9fea9d25d064f6fb37ebd900ec6ff7c,192,347,799,440
e9ffc75cbb3e41b78b3f02bfc51fc21f,681,436,741,547
ea0ad821f06e492984e6b2a090afb052,174,109,801,543
ea172bf600d8492bbac629bf51b87d61,230,292,793,514
ea17d82338a14241bb686d27fad49234,889,443,568,332
ea1bb9beb7e242e68102ffc9434105f0,835,0,964,645
ea2663ad96f3416bbd82c5db4b7cb59b,774,491,895,452
ea29948f88104555a34197a88f297279,999,286,777,676
ea2b0f0f25ea4ba8bcab8642ec35db31,788,523,502,418
ea2d5078de914b6eb7bcf4ef667e633a,576,263,886,556
ea2d8549270b4fea924db157e9b365e4,1311,282,483,459
ea353f1a795040b1915ee6ed9b574630,592,389,616,441
ea35c34c61984d62a3c886c3df76853c,1282,222,637,373
ea50ba25b8044775ac220cefba621407,0,64,1158,685
ea52be12577d470fbe89a487c3c18122,886,142,625,661
ea565ecbd8d54cc386c492d8fdeebc96,605,428,677,450
ea76e8e4ab1941f6892a878ba7db0f76,457,462,594,485
ea76fda2b67243a7b8ad566fde232ab0,731,495,861,541
ea8602328edc4011b2e66d963681eee4,955,359,905,544
ea9a3abe17de44e4a08133ebecbf634d,0,331,444,409
eaa3c4adab794d9ba4f68fa80ec2ec3f,298,330,773,588
eaaad23580844e018a05e8d753622430,556,318,835,623
eab6ac38171e47a1a5d70f9d8205001d,86,380,587,464
eab7af03602947b6b75bd1fc2a9e0b11,1044,278,644,519
eabda5059800447e9b99b137914726d6,369,317,552,374
eac25a2837d04f7e9e1a5bd4dc8c9f16,167,231,580,379
eac39f73b1e24df485d47f2b10b93bb9,807,54,579,417
eacf995c426d44d180bdb50f59b6107b,722,447,569,395
eae412f15b644430ad0822f57b6b740a,774,416,780,437
eae857fb67b94b4ca56b2527d4a2a1a3,725,460,461,400
eaebdb982929451e92fb20fa3e15b56b,132,196,796,503
eaeddceaaef14f99a5f7fe56f67ba1d5,581,274,1177,768
eaf046dc3db74e1a830e1765479d4bc6,1071,132,641,460
eaf30b9393a74874a28541985c219889,628,362,689,487
eaf4d4942f014fea836ba445fbfb1c7e,607,251,600,475
eaf8bdece9b14770b110b73600bd6bcd,643,266,702,639
eafc84773f514bd7aa25d56cc4d0cfa3,710,483,482,376
eb274b31408a4bb7b8b28e6ba6f965ca,452,510,745,517
eb3a635baf764411a9f67809a3986160,329,612,724,468
eb3b0570c3514eafb78e3fc09a613fd2,728,353,510,596
eb3f7779eb0c4b788978d7d6f554027d,367,57,524,492
eb441cd0b3b84809a8938c01f525c2fb,488,542,1019,445
eb4aecfb382140dd930179bf2365e754,1335,340,503,453
eb62b6d920a74336afeec5136ee463f6,831,0,387,362
eb6f580056444dec843978c5bdd3ab7c,1334,209,584,554
eb789740ce494a198433acc350f3ed0d,796,344,951,708
eb7a872157f44fc5a1b9b9bf8526821b,14,199,1207,514
eb88b21e4f244b16a523a587ca1c5aab,550,412,680,488
eb919ac106f045eea090173ed7d23fa3,439,194,839,795
eb9c453b5905472290bdacde4ad80a90,741,52,459,542
eb9c46f869394f8e9401b34ce960454d,1029,544,871,490
eba7d0b689804114bf1f3d11a94c7578,776,367,349,313
ebb42f2827a847af9e331c0c523c2509,517,266,852,630
ebbaa825994f4cd789f4a03977afe321,785,345,548,458
ebc61517306d4015871fb06b657428b7,0,690,623,390
ebcd53d3c608468c959e96c1f00bf697,800,158,409,364
ebcea049ed954e6cacccabe2b969368c,596,259,798,777
ebceef0f111e49b29ec1943f1a6c5794,696,156,804,630
ebd4e907a2be402fadc04a8c1ddb446c,705,335,708,378
ebd681e0ad424f0eab3cf50912fc8610,414,230,685,651
ebd933caa4d94092bc38250d6b725879,154,294,634,452
ebe4e967222647e0b67a153580e47a82,589,0,639,517
ebea541e39e84e4090f234e7e52ce3e8,381,232,704,561
ebeda665972045daa73c0836258e0c41,609,275,483,441
ebf0e709aaf84af4a2904e5607a08525,575,394,731,537
ebfd2d8c85274c589bbadb62885f5c16,528,151,542,400
ec0ae31325894a75b257e6812d2cced5,546,221,742,653
ec14ef22e2704372a12d94b81370589b,603,572,695,449
ec27262312504ed4947758f573e996f6,367,171,429,387
ec274c19a67543e98be5ee5fcd1c3ce6,335,316,721,463
ec28495313a84f70bd54acbf12748f54,482,53,690,659
ec2df94fa51f4751a9e3742609af1414,473,383,862,573
ec5695585f904fee82d0244b723a56e0,646,428,521,412
ec5d6f4bd8d54d10a51c9cd1b47cee61,575,246,561,527
ec79aef0ec4a4e579418be0955a344d2,383,471,943,527
ec8cf2bdf8d6473aa7b9f33c0f7ef751,661,248,502,533
ec91746b4de5435e9d401c6cf8c8b5e9,448,267,889,538
eca08b11264e4cc39297f1cb6da91d5f,770,247,763,613
ecab1442b90f4933ac23e5917609195b,515,167,759,691
ecb07c350a5441838cacc6b11ce523a2,73,369,568,506
ecb4d58dffb7482fb3cb1be3eef9f85b,687,396,631,683
ecd903e5e0034652abceaf3df61ce650,275,242,1167,616
ecda6d806f00442aad86167603cc1a01,1237,79,681,441
ecdd8321e5e84bf590e5871fd9164747,682,154,318,265
ecdeecb4b74e424f9c83a6e3a8afa193,493,349,833,459
ece2d254519845bb963fe3b9b3a0482a,774,255,408,487
ece3d140590745b1adb881128a06cc4c,663,203,736,582
ed03790581bc422ca8671cdc760dcffd,1050,240,611,390
ed0c9759342b41bdad7e23b03df71dee,611,303,738,548
ed0f76d7f8db4682984595e322fc06f4,495,115,426,354
ed140f9599f74ecbb0478fa168d227cf,851,0,544,419
ed1b672840d541fdbbe3d09a447408d1,265,280,583,555
ed24b46751c944658c327a44c1e0c340,981,313,453,328
ed251f0937174ba3a9df192bd8197021,988,133,772,660
ed28b36a97ec472eb4eaa71ec30dc1ac,1101,134,652,439
ed29a8b379c6453384a5450338a8fbad,618,435,729,645
ed3815138a254891a8ea36a28cb09b52,664,291,918,486
ed38563bf0df48098dfd9a41cbe4c7ae,788,0,418,278
ed391895f64d4eb78c21040fddef8f41,396,473,838,607
ed3e2a1728564602bed75eb828f42984,763,354,560,393
ed4009ac934c4053a80f88dec884127b,0,326,327,396
ed45a137e6d748b1b3b03c52a029fca8,55,262,774,395
ed46b5ba41aa4f4bb039a585cf0d4039,1038,273,630,436
ed5883f6424046198038b5c7b44bbda8,647,274,660,765
ed5abaa5dac840038c790ddddca779c5,614,385,558,473
ed5f216c4cdc4ec7af48fc16be4c839e,666,301,762,655
ed660fd056ec4ea286a3b15f2ed8ff34,434,83,884,899
ed67600c0f064982bbda38016873b778,486,284,762,637
ed6a4bbb11d84794a3fa5b7846c345cc,390,225,673,534
ed6b2020912945b785709559038a637f,442,208,751,622
ed722c11020a443c8cde90f49f0e4fed,1304,382,468,460
ed7c3b52d1f345458cebbbcefbe93eef,195,574,638,326
ed8860d0f04a428cabb048915c321037,671,403,526,399
ed88cfe485674b71bf354ed29c93c8e6,1097,277,429,382
ed89cddf50744c2ba2b44eedb4e5a0d6,1246,314,673,492
ed916d6bf0584b4f9d6520e149fdbb5a,973,141,865,515
ed92c7bd0d4f40aea1c6887d6cd171ea,303,209,1104,601
ed95a63ec73743ae9fa46cdb473d7024,742,444,411,386
ed97d100eb29408da1785f0958c4360f,384,256,624,469
eda6b6d3f66a48789866ef2757c500da,488,341,653,522
edabdf95ab254809a0a0a3689270dbeb,619,360,675,610
edbe1079d6f34f10be419be240af9ba9,392,80,405,321
edc0b24a3276451da4cda4d3aac033e0,783,344,549,461
edd875bec1394f2d99f2ff36662f0af6,1016,0,487,346
ede0e202609941a7a20d43c9aecb249b,387,561,746,446
ede6b60cb44348ce9bf3699b700920ff,943,414,862,514
edeac5260019462680d91fab862adfa9,683,724,698,356
eded011404ee41dfadecca4561e3701c,754,445,678,465
edf73475c07a4d38b5399e2b47ffd57d,371,279,1324,662
ee0115e0768c427da5ae952588d8bbc3,573,396,574,489
ee0481b893844e6faa8ef8f53e6c9a72,73,160,836,540
ee04941de1104a6c94a2d07cf6657dce,440,508,540,414
ee21d35114fa493ba8161349e7b8ccec,857,0,582,457
ee3240d083594b5dbed8d8d28c236f91,0,332,436,395
ee32e1bb984c438c936caeff1527d2d1,579,385,771,519
ee47e75fe5d4456aaf8030133b638524,251,599,728,480
ee49b098485744f8a7000e0d7552b270,224,310,686,404
ee50949bda1242a6b3d1d6c28080e6b6,847,452,529,369
ee7269b3b2e340098308bc9d0cafe2a6,637,350,697,492
ee7ce0bd55de43f38323aff0ca4df0e5,526,334,712,560
eeaaa5ac03324f7d833862f90da0b908,1269,46,619,495
eeace42f173a486098fe0063c4c22d0c,693,414,568,442
eec45c2222a54d8884b35f3248b23bf9,908,240,616,512
eed29cc6803845778cf70f29992a83af,1383,127,536,403
eef574971e1944898d4acf1155b272e6,531,321,706,567
ef08950516404551bdfc1e1f9c929e7b,524,130,793,652
ef158e53208b4687b48dced341014504,340,450,676,494
ef1721efc50346e3b81c5d5d869261cc,833,30,360,349
ef17e893a9fd47a1b43ca7dd03b92490,375,366,665,539
ef20bea6a6114cbfb6917c95201cefd5,681,75,644,507
ef2c7111ef4b48d99d4226d58a8ef6fd,1177,237,609,356
ef407c125b024f478300f29f3f147033,553,320,843,667
ef506bef7172452a86edfa0c47bb9d66,928,559,844,483
ef55d68874594b1cac8913593e89052a,188,370,792,491
ef5d146a837b49f7b0c134c742bd11b4,1269,416,445,439
ef5dcd94825f441f850c775c545e2199,590,328,623,573
ef6c76a8a7564d4daa03b059c02cb6ad,436,384,595,481
ef6d4141db724a0a94237d71ea344c84,525,352,1047,659
ef8237e28d60438389fa1ec0ea66aa5f,950,216,608,384
ef856b5706b54af6b38faaea03546f60,780,136,424,373
ef9706f2bb774ba59c81be6c8eff28aa,689,149,320,296
ef980e4fa0fb4d6096c88863de516634,341,403,1440,676
ef989b1b56c84d3e9a448b6293aa17fa,1007,367,573,424
ef9e041bfce44fd7b128114196226822,20,146,636,546
efa7fd05ae0f44c9aca2ecc5f86cbdfa,146,420,900,624
efabbb18399843d09c88a194346c7a18,1303,88,615,411
efaf3a669d7543baaa6ff40f3bc86710,1059,311,583,589
efb940e5558c48a9acf02f97e5c1ced1,212,445,1025,494
efbc15a004234aa3952f22cefdd33260,632,309,740,619
efc20333107f4f788b367117586a7067,574,363,846,512
efc66302c48746d9a682671cd7608cb0,1326,253,593,358
efc9f3b3b90b47aa81883123fa24264d,12,439,803,402
efd32a0784184992b8d9b7549872158f,566,257,757,546
efdb8128e1ec4ed4b35c448438503c44,641,304,593,524
efe4236824d748dfb77ab7deada5245a,0,281,453,406
efecc6b83cce41228b3aeed873a927ab,357,87,494,502
effe45a7d40b41ff919ede5f5cf06976,0,328,425,399
effe83add5974498a107c140648bea4e,1191,353,561,440
effefc571dcb44b390e9d4c8ecaaa9d3,366,169,448,388
f005dc7a36b84f158e02b2c753320c21,631,280,599,528
f017157541f04dd28c1b677372a97c00,729,207,499,531
f0188d6311604f44856e04b9fdd55f2f,19,470,626,392
f01bfbce01944e588cfc4ad52aba3ff3,803,395,542,383
f024852dda3a448297ae6f8d17f010ae,303,297,766,578
f0251bc3e2da4f62a5896a5566ae7b8a,259,317,705,406
f038271c4acb47dc8c117b56f8090b52,688,49,495,483
f046eade8179477e85c5b0d31a638d48,141,414,557,479
f069642026204b229a15709e45cbd4f5,555,540,860,459
f069efb4e3b342fa9be9b857e6ee1d2f,736,373,843,619
f07367be069448d8b35192989f862b38,657,0,795,536
f07e870d1bdc46d2adde0b599560edc2,678,345,625,435
f0800bc5b8744885940d65b0cde78883,580,489,737,424
f082d6c19232432faa4b9e8d7a022460,743,133,529,420
f09a010796914c0791b0754f60942608,299,273,883,471
f0b0ddaadf5243d7856b4ec57ad7a34d,775,509,895,454
f0b20fcb824446f8a6cb04dc0ec4ec0b,768,367,677,494
f0b2a5767a524705abff9b5a6196a694,876,416,423,323
f0b6799dc0a24e0e87053418bab855df,216,374,679,443
f0bf98fce7274a7c9ac968d2db8b3614,21,133,635,557
f0d1175094634dc2822623f00321102b,163,129,699,508
f0d4f8e3ac8b4b77b3904a57033c56dd,1129,203,680,384
f0d68d754a8a444b8b49628b0633068c,1199,491,619,589
f0d74cd078ce4e5c82538d2bc587fb47,535,223,649,541
f0d9af5f8e3e4a56871198b4d3879c3a,651,430,703,378
f0eab5370b0c42f8b711c72be8f7971e,624,447,883,519
f0ef7b58347b49099f41dc2bec3cfa2c,196,158,1126,922
f0f5bfc8bed2436cb84085f5be9741c1,1134,264,553,417
f0fb7abab5ee4c979b0596d394fa3169,492,361,706,356
f103861e8055458ca068a4019022a0f6,689,432,581,403
f103a492918d427eab3b9f5ad0caa323,152,239,646,613
f1059cb491e64c82a554848047953b6b,654,396,657,478
f10668126b31410f8d554e50e2daf778,117,256,1127,565
f114afb4c56a45d4aee4a3208d6055b3,613,249,663,598
f1159aaccc6d42eab5f773263923364b,46,464,1075,616
f1160342fe5a4147abd595e8fc749c36,584,280,743,786
f11a5e33b9b84bd6b1901f99448c6c03,174,547,736,462
f11cdae6a9ca45e7a58b17f421d52b82,164,754,743,324
f11cf2df7c864c61aa5d82a67c7b4359,262,108,442,341
f1200bcaa8d34a03bda11ace52a338fa,798,300,717,457
f12103e1448741c5afd9e12fa4188d45,939,396,784,507
f12321c18fd642c4a9a3daf8b0bfedf8,317,369,594,530
f12efd52c4a0495695228c40b31455a0,396,404,911,676
f1301b71caa843deafb7a4f533382643,666,429,1033,525
f1376f6a18f34042a4fee498e75ff5cf,316,252,1065,587
f13bfad02a3548b4b6af2f310035cd4e,727,434,598,382
f157256a59b2441dbdd511b00a5b4c15,1231,393,558,451
f15c0a764e054d5ebf103925ce5f13ec,1016,33,707,518
f17a4f074cc24fe3a5040143f7d44c2d,419,314,832,563
f1830abaf6054ec8bd86f84a68c633f3,347,298,709,551
f18ab39ae20d4379ba65743e95264cee,825,409,489,395
f19b287648a046509fb5a6b1a6aa806d,523,386,724,544
f19bb61bac5a48969a56bb29c46c5d16,1404,146,515,368
f1b38e1b9248477b8592006bb781709b,971,106,711,541
f1c1c7044a9b4e119160b299cda947f0,386,330,844,613
f1c647106be14ef1ba7ffb2fb02c4aa4,800,218,808,496
f1d3e8588ea147089367d9c6a0eb5620,866,270,868,419
f1d561f8d5cd421f9f2e6d0ffc605e1f,932,88,240,210
f1de6f1704844810963b9712486e1290,1299,315,507,279
f1e1cd321e074f1d89b6d9a2d6b26e7d,432,501,559,428
f1e6201fe45541c9a7480c74bcc4ce6f,269,92,677,561
f1f0780fa5c04460827a58352ed149fd,516,416,956,499
f2089248dba44a5d92db3920761a5ab7,740,465,819,539
f20ae2748a9343a8b2daa47fbf480983,817,470,501,470
f215034f390a4bc08900acbe4b73ab28,839,305,552,420
f215abb07dd44fe4a9b7a735384cc92e,836,416,473,324
f21ca319326d4951a712ca520a0fc816,385,494,595,426
f22db70382964be38a762c642609db95,357,561,639,519
f23796da7448471fa5ade172155384bd,88,374,585,470
f241413df3704619b73d41b93bff90b2,680,139,470,469
f2438391ec3f46afb62cd808586a3ca1,82,102,972,476
f24fd964ce9544be9a546ddca682ff74,0,325,454,431
f257474fc6184f03b000d68f07419566,641,503,585,577
f25b596722ac4f72942d5db8d004ef1d,1062,83,751,504
f25cd5b149e44804a577282d29dbfe74,760,500,478,390
f2640cad334741c197d663128530ae5e,866,53,374,326
f269bfd9c73442459657e9dbf0fb046f,251,179,542,478
f26ee8c1ed014f1aaa50531e4948bc6e,100,175,908,565
f273952ff6ab48af86db4c1e3a4efc6a,1085,253,728,392
f27ea8a28da64e8abd2acb014d8d69a9,701,250,670,664
f2824f3431ac46c1b9259ce8b8ebde99,1133,217,503,369
f2a3285ca9a24828925b0feee504203a,529,399,1106,551
f2ad4eb64ef344649d9f750114093fac,283,68,695,572
f2b0f555f6a54e28825dfd3b7a07ddee,325,259,692,540
f2b5a50ffc4d458ba6e51f55d8cd6005,725,441,480,459
f2c995e020c34a1baf25d0e7608bdc22,178,164,548,409
f2d2ba97028b47049f30930dbfa70a65,1246,153,673,431
f2dd71b9127042b3933de0cb52d78333,772,212,569,509
f2e3f8b04ecb4c6f960e380e9c140515,658,199,633,527
f30173d9457b489091dbdc888c89e0a2,1138,411,780,359
f3066b470a2c4d27a1d14648782be993,492,334,705,356
f31218e330fe4814b989eeac0844f213,452,424,908,401
f316c58715e34c779c434d8f97415571,1299,237,455,335
f31d1ab00b2e46e6b489104ded5059fe,589,236,742,649
f321bd0faa0f4ae198e16052629f1829,244,482,1023,598
f33d6bff04454ccf90e348f7a31c3d7f,364,402,978,479
f33e7efaa4204226bf083c0f47cc36fb,198,331,865,568
f3469c6fb7d343c393262c5869d5b6b0,1323,113,595,401
f34b773ca45c4bba91f056a86a58e799,986,169,414,348
f3721750672f4a7194594c10cef991d0,493,379,737,566
f3939a0625b747f8958f74fbf2c1f10a,791,314,708,450
f394bb5015f24ba49491af2bbe3fb8c7,397,373,769,428
f394dca9df474839ade390713b4e1640,1228,237,558,356
f3ae1dd3ae1945269c099a3f3cc043c5,715,19,450,432
f3bda2e8bc4f44c394f1ec47c5626848,0,25,499,558
f3bdaf72d22e4e558e9e47de8ea94b00,22,243,855,484
f3cf59fe5eb941698bb8ca9d41286c2d,747,0,423,422
f3ded25bd655460191ab571d0cfe5986,458,452,1461,628
f3e38272eef14262ac2fa4309e00bf2a,663,375,548,433
f3fd820ec6854f339e205fb0c286ee07,798,357,1005,463
f409f95ad48f4a71a3c47e9e7ae481ce,384,94,1327,763
f41d96ea1ce042d69a83c8ecfd4125a6,1090,397,732,372
f4278f76f63c4ade9a9464b4d12f56d8,1133,380,676,380
f4320d748aa4485695843775409f643c,811,0,411,417
f4374febabb8446ba0eea3da6b6e335b,560,345,692,588
f43a1f6b0e5946f69b55a9a9b6cb8626,623,485,586,555
f4434bab67f04a1fa55773a0e64b701f,617,334,724,478
f446c6c95b1247abab6ce0874bcf8323,528,489,732,572
f446cd8fdf7746cca4e63b6de2b9534d,184,325,468,328
f44ba552178c43f28a609edf10462486,523,374,875,554
f44e3eaee7c043a2879b24ccd4db77bd,137,345,615,327
f454b1c81f0e4bc79cece4c722663c91,1001,479,511,393
f46bfd0735704923bdd26dcb0434510f,386,165,905,815
f47afb383948496291cf6af5e72de3d5,761,465,474,400
f483776f2d1c4996a8866ad9ca0c9e3d,506,189,895,706
f48870ba011a49cea2a2fb70b26cbb89,719,370,938,613
f490e70744e94aae89fe108139936728,549,302,831,688
f49a5e3d176a41dcaec3ca6c16fb2aaa,608,232,481,399
f49cff27c36d47439eef8a57adda3ed6,1147,571,674,481
f4a46ae5f8404c8c97ae0327d40a5856,908,35,525,596
f4a69bf7688044f39b00d77186e71a1a,1326,240,463,336
f4b92c65377746aebc3e39a9d22ff9c8,291,430,1005,650
f4d283460bd8449f857c0a87fef6387a,1305,102,614,502
f4df92626c5f4233a288c077869f5311,180,253,820,543
f4e145e0fb3443e9be9eb71a4b2bf89b,635,256,1212,799
f4f361e7f9614057ac04a37c52ae0c64,721,447,846,463
f4f42d5e70564a83ae8567cd4841399f,1244,367,550,425
f4f728e88e98496380f20aeaea4c0e63,383,319,649,573
f4f91d202dfe4b5f91ee0a5f926381dd,893,343,712,501
f4ff2350656948d9a83f7e55808bc429,1153,208,766,679
f50340847303425c9f31496b7b93ed98,955,277,649,422
f50b979a8dc74d17824afb635a59bb24,574,281,916,574
f50dec8cc046488ebb2548e9570ba334,618,204,782,584
f50ef304a75948ebad42132365c9e08c,309,347,922,733
f513d31d35a342828dff9d214bb0e626,658,427,595,405
f51cc0e824e9445997253e026ed1629e,692,392,525,500
f51eb8efd12f49c1a9e3137970dd4ddf,627,256,518,394
f52bab3c25bc4e81b1077c6d8288c7d0,1074,147,738,479
f53e157541604f8f92208c011effe6b0,717,392,774,451
f5419a72fc684d87bff63f8dceef543b,2,349,877,468
f541a3ae15624e3fbd5540a782b7aeea,664,484,672,358
f56331c4450544efba6dd94f5ce31afc,569,268,755,531
f571272966044cbfa9919a9473b1511e,410,604,771,476
f5720961b33a4dfd87f4700c6737e345,1072,425,653,361
f5755fdba73f48deb9cf8cb866da97c9,100,136,630,444
f581c1ab46c14f1693bb0dd1047314cd,589,199,680,640
f58f5243986b48c3bb7518935fdc76c2,468,65,492,449
f59d08a9cb27412eb9fd930f4e27a2ac,335,398,847,536
f5a4265b681b4abeb2ee46278d8bd5f3,250,195,742,682
f5ab7c6f50054b99a700b79eceb4e1d3,77,481,717,387
f5adc2bdb67143b3982f1828e5e90769,935,249,520,409
f5aff930a69c4f7a9c6e259865ea7f28,1164,355,737,500
f5b11cd22b0c4e8bb81d9575da88d667,193,403,588,413
f5b6c063ea9c421fb8cee87547fcb976,276,248,619,397
f5bb764d8522417592b174d1abe89833,282,203,961,834
f5e66cc4ac7048f9935c460c1ea82658,630,477,731,400
f5eb208793e441118fb914f1f6eb5e39,872,213,763,717
f5f29d0beb8c4657816bdefe6d364366,785,450,727,416
f5f4da07b4d244bb93e816ce2a0b83b5,0,209,732,424
f5f6e240d61447bb90db587a4a285641,679,140,470,469
f5f82b71767d4d3e86001bd983409fce,718,330,633,541
f600077cb9ff45038cc680533717187f,522,513,648,567
f61b07ae71de41cba0d4215b64eb3b1d,891,170,677,543
f62b7a6faedc445180e097d32532074f,411,606,771,474
f636412ba2dd4aa3b8610a16df7815be,575,92,830,704
f6396fbb386645c79bc966ae31b76fa8,800,500,562,422
f63e35ca4f10479b8d101770c0a811e4,801,242,587,472
f6457144aad8465cbe28abcb711bd205,856,153,794,602
f64d5d70431a4a8fa0693e6afb9b17e7,857,19,521,445
f657eeb5b63b42f4a0c52c1861fbe5c9,649,434,571,539
f658d66435164d1f880c508165bf7ad6,589,199,680,638
f65b4f0390c543f4b0da3958b82eee07,574,117,844,697
f6608a907a194547b15aeac49064a4f0,564,341,1356,513
f671f7f649c04b7986e5a876c6581564,761,78,629,625
f67cd2a4e2d44b6696ac9791329ebd51,990,72,690,618
f680e4cc8b664cbdb6c16dfbe2473e7b,700,388,511,504
f6854310c46b47e1a78036b61bd398ab,451,509,663,567
f68741e71a8d46288bee979fe01bba97,1086,279,633,594
f68901df3a2446aab4ad1535d9857794,478,161,624,543
f68e1d39ff124254a392c1b60d32e29f,39,312,774,487
f69e1333ba594db7a3ff49498cb998ea,806,499,560,421
f6b69341a96849d1b77c953f128df644,565,478,663,520
f6c230b8b68a40b4adf2dd94bcc8a65d,350,412,815,550
f6cd476a50564aa7b97ea112f8f0919b,270,280,737,516
f6d143741baa4c26a5f8bf88a9482de4,897,444,555,354
f6d7eb38aa274e4c96a6f68391572cd6,416,329,677,514
f6e51cf470fd46708a14e56055e31c34,1266,364,633,415
f6ea86e7d0da4c839fee28aa9fc4f853,684,320,555,533
f6faa228a7db4ddab4c7f01bddd96f9c,725,30,451,569
f714ffe129e247e8a55e1ddd5af46ba7,431,222,1200,704
f71b5c38502a4401a9b627cf1511817d,365,231,438,473
f72039b639174990939ea916a6b54223,513,437,941,479
f723e54f287342dab489694817f30900,792,167,840,531
f72fb853bd4c4100bc2f18d63ffd6562,781,453,587,469
f739ef90ed234a8e959107e5e57c2014,483,0,629,579
f73c5becef754584be72b16d9dd448f2,792,494,498,456
f73f463538964aea8fc6ead34c4a31db,172,537,564,348
f74a0f9e24e946d6bf7dedc5a61facaa,0,197,1140,638
f75f1a82201540108fef30f91bc965e6,893,561,1024,519
f761708de3634901b154c34a8c96452a,383,40,666,610
f7639ac691a44d62966549a3882ce152,0,392,439,347
f776752569374a82b5b74f9dbf3e6709,557,319,835,623
f779664c0ba1457e90d3c70b632206f8,852,320,712,410
f7839ffba6d74a3aaf985d992f78b0ce,312,179,758,638
f7865663d46646d0b34bb2e1d58316c3,904,449,789,457
f78d8f147416456b8fda9bfb7394a529,716,349,804,477
f7a3dc7d41dd49d184651ed7ea38a449,471,393,945,508
f7a4cedbf2f44fb8b383c6912e7bb805,75,461,1186,497
f7ae8a8347dc4377aa83456e52e77eaf,228,353,940,632
f7c0682f9afb459ea45fe9dbaee81e41,244,488,812,396
f7c5f8d8774443f4aa769ae65245ecd4,636,62,371,418
f7c9eea5074d4bf7bd9a5a58e0e9e627,614,285,805,564
f7cb518cd5fa456c895ce751b1e41440,453,359,537,353
f7ce477882914a91be3f5286433d6ec9,996,155,798,564
f7e1008b1d2a4802ae0170ab262b8c78,200,212,833,533
f7e5702d44204fd78bc6f9aa2070364c,274,478,618,396
f7e97daec10d422d9ce1e46e17efe83a,661,453,977,627
f7fc2a71ab0d4b79968905dcf233605f,499,448,729,397
f7fcdc06cbe24d47bb50bff48c9f9c82,137,459,649,314
f803a2fb530f48aab47e0305cceccace,940,259,549,553
f8100578c7344b06acd040ae4ea6543a,566,308,701,586
f81246c10f8748c2a9657c21d883ddd0,69,265,827,459
f815f5701eea423982a70858c87a1c41,808,0,386,445
f82cf9e142e743db837bf2df30bc8b8e,770,468,413,353
f82f308b9a47413e8347b85b78862bd4,609,272,482,444
f835114afd3d4aa6b47e2bb8b84948a6,564,358,915,502
f84a3984b09043829e6012f0f7e59f9b,1367,373,524,455
f84fbd7d2a48471aa59dc1c7c6403696,151,384,852,435
f86fbb195996443aac04585927734a77,384,388,876,692
f88309c2e40a440a85ed6d2611cce180,680,302,843,478
f890635d8d7c4f37b723c13a3db62ef6,336,387,555,355
f89e47fda3624347bacf4a371420ee16,736,260,456,369
f8a552a02b2b467bbff1bd8fef453ded,188,526,800,554
f8a63bf46d17461eb376497e4b994a07,703,369,896,504
f8a8c3d329c54aef93da91ac94d3e0ec,304,181,353,375
f8b142ef37014aacb2e7b40d21f106da,160,306,830,414
f8b77ebf6e63474dba4255a9d4b2f469,717,65,378,418
f8baa774a4d04538a3368071943e7022,437,297,788,692
f8c65ec4956b4152bdc7174a0d30a5e3,817,276,793,496
f8c79eee50f247e0b85a7007ee9f5427,573,29,834,642
f8d457f9dbbe4909a84561ed2d899678,699,96,645,610
f8da858e750b47aeb667749150eb6420,1198,434,661,395
f8dc72dbe2d0491091bfbeea70d188c0,1122,438,676,535
f8e29d2b222e4cf4ac5079794e82e01b,662,92,286,225
f9029b3f42394430af621395ac800a19,1150,271,517,450
f91fa76d02e04f0d83de4a982b01eee0,782,454,868,453
f92108243b514ea69157abf2fa030295,653,290,494,498
f922e04aa66c4a8a8b0cfe08475903a0,206,291,1068,528
f927a951aab74279a560e6dd8b9b349d,1305,382,465,461
f92cf690004f4a438ca8bb3d30c812d1,721,213,791,591
f93abddf315a415084df34f6f1baa782,149,548,763,460
f9424cc6abb64aca910cd8476b13fc2f,233,246,645,358
f9524d6354dc4d98917959383f10ab72,641,527,707,397
f953ebf7629c4d8e9b434b2cfe567948,122,265,578,432
f968ce861d2448aa8f2839067b28c929,836,240,406,365
f96b74c0ec4a49c88eb770e537b3d24e,355,455,675,578
f96e053c19c14af48c946c3ef3555c47,206,350,921,502
f979aac10d444b1ca119529922e149fd,960,268,853,521
f97ac7fee12041a38388d763642aaa75,274,324,905,466
f97b7bd9392e49c193256b6fa627ba04,456,547,496,495
f97df120714c44d891616eb968530559,317,267,802,560
f97e9820d86547a685e1b6e311cbbbd3,709,157,523,469
f980854ccc074990b6280821bbcf8cb4,616,0,672,625
f981883fbcce46d2b441ec2890599eee,701,164,399,479
f985c88fee1a4d799bf339444e000668,498,320,737,588
f9865422f22b442a813ce2ee206067b4,235,303,637,408
f98770887d954ab18ee3f80f891e40b5,773,468,554,399
f98de6783e0c4013ace9f1c1c080de7c,795,366,899,456
f99cbc06db074a59b2bb13a5af79a6b8,431,311,539,396
f9a12b92e4f54b3d8faa7739595a30b0,111,130,869,699
f9aef51e24794b528d595e390278a44a,720,303,724,501
f9b1e21f2b7c45478980347db05c8be8,705,193,682,501
f9c7ef2ab7bd4a8b89794e89aad3e7f1,789,529,801,420
f9c89f43118644f5a548942ad0b871f8,675,343,650,568
f9d3695b041947ebbb8429b118eb4de7,334,411,857,547
f9e86e28a7b541b881e20e0a540dc923,218,304,728,439
f9ead7da5c44400183662d8283928c7c,214,293,931,506
f9f4c5056d834e049b3cebbc8f9686ff,638,434,632,497
f9f6bfe18bbb4deba3796033d6a5f92d,106,173,760,495
fa0438a2eeb3480dba07cf0cd5583e53,626,322,991,561
fa0feba90a904c7f950c64ab0d392649,783,407,614,465
fa1f39b007d04843a72b1791bf4d0f82,240,228,730,422
fa22fd2fdcca4febbf829641153647ea,841,83,435,479
fa35f972b01c4b339d709542af9261c0,486,296,578,456
fa531f73a4804ee6b1cbabe0d266d68f,770,383,989,530
fa606dcf3c2d4eb5a589a819b1c2cdf7,225,69,669,428
fa65241f6e414499a796c84ad430cd1e,1532,124,387,373
fa6d2d4ba06e4a95b62d1c7856e6c6e6,487,447,741,450
fa85750c2b0c43e895659ff48f18efb0,1153,383,526,331
fa9d709c1cde4912b4889478a992ccab,317,311,930,610
faa0cc8b93934e1ebca0f38631f5d477,401,367,579,458
faa4f69ff2f1438e9fcc550d3222d903,625,520,734,371
fab03518a94c4d3a86e5130f2757051d,210,418,740,464
fab1e6ef8acf46f29a755a0099fa66a2,648,166,612,490
fabd7b13569f4a04aac8e8ba6c0bb92f,600,287,1186,675
fac4dadecbfb4a73ac98ef45b1af1cd1,80,307,638,395
facf080be9e14ba0aac5c5015807435d,957,466,870,442
fae955ca180144c487a8a9d3cfc6b777,325,83,854,603
faf44b48cdc74dd0b1a70e80736a4445,115,428,506,435
faf6507789b24177a10aafc75c82c6f7,629,353,890,606
fb00f38eb97347ea8806cbb189c41f2b,655,494,1263,586
fb04a22b5889489ab74b0a73ce1b64d7,279,461,786,527
fb0b9c200c5741db87175d82b17b0f4d,697,66,492,521
fb132dc3d17e4ab2a10bd6517059232c,402,265,804,682
fb13feb0cc1d4bb7b851618fa251e5dc,343,134,408,332
fb14ee8c936d4efabc38b7cb3d764321,516,219,776,670
fb1b2289596a4ed5874aa8661efb9e0f,378,486,543,457
fb1d1e7f769348818deba78fe9e9eae0,639,530,789,549
fb2ef7a6ce5c4616b1753994854259d8,165,217,1019,521
fb36c070d9544be084b5ad04a5c90df8,845,280,636,397
fb38c12881484675969c9e10868162f9,683,466,581,404
fb38d022ce06472f9500dc6b7a26889f,9,535,840,422
fb39d9de39b34483835c0cc0e48d2af6,661,302,629,562
fb471eaf5c9841e5b9eac01af7af8e0b,81,59,568,419
fb490ed205ae46df9e224f87a39cf102,590,391,680,601
fb551ce363e64fc5b3bfaacd8e614344,911,144,715,516
fb5f5309a6c848e19131ed9a15288b3c,528,570,683,509
fb662c81c45447abb588f12890fc5dfb,253,307,594,381
fb79e4ff7df44017a6fb594c4f350897,130,372,488,476
fb7f37d86df14e4a807cd7ab8fd58494,610,431,785,412
fb9d2e6903ce447d81317f17986393e6,810,0,411,417
fb9e353ede214bdaa1b70fe77d081db9,195,107,929,582
fbabfe68d31740bcb677418d6de819eb,196,374,618,411
fbaef4353dc44881b42d894235ee09d2,967,419,951,517
fbb5ad5f6f204ef5a15c7a0584d32c67,638,498,598,582
fbbf78bb97874660ac1761033d264aa4,454,349,536,361
fbdd01782c254433ac556dac709dbd93,875,254,448,413
fbf4c034f074431e97cc31142ebd274e,1217,302,585,481
fbfb8736e5484230b856517689196f27,656,60,894,736
fbff6934d83e4b3ea72b0f62c59b0051,656,324,678,590
fc00b3b6be5f4434a518c22fd1db840d,598,127,648,742
fc04e5aa70a5441581c2fb62313c426b,736,323,944,681
fc0e6a9588af40428f2d946f0a4b2bd3,136,449,610,419
fc1c73e86c63469b8fedd158425af6fc,518,276,501,403
fc202621649c44619e22dc6f2f969e68,935,132,641,410
fc4c26e920a2499cb0ca08d59ba4f926,616,391,913,606
fc50739ea434425593518b33969031a2,1153,207,766,679
fc61d1a4838149adb54e7f080476678d,777,558,462,415
fc6d66eb5f1e4dfabe7efd8ea3a73a6a,562,337,715,601
fc70f2fbfadc4062b97d7d07e30cb0b0,1,408,533,342
fc7507f7b2a649a99b670e047a94526a,81,546,839,441
fc7cf4d3f8af4cf1882839f079613a1c,541,402,606,454
fc82f9f2922548b0873b57919a8dace1,600,267,594,742
fc8307ace16f4b2caff45c6303a9be6a,0,318,424,405
fc8a8744c93b4dc2a727e1bddd4ebf7b,777,569,598,510
fc8c77e7398946e1bf289ea5efbbecff,925,367,518,472
fc967512527c4f928c94fef9f2ec9842,10,232,798,461
fc998f2e8106443a8f2669ae694ed745,923,208,812,507
fcb6057450fc4b069638328f7ebd5fe7,772,12,568,532
fcbbe4a7a79e47628c7b960d281fa6a2,1018,167,524,457
fcbea3476772478394bcbdf49400c7b9,687,48,495,484
fcbee74bab224e7983c8e23b15542d76,497,121,429,380
fccd61f18df84197bdbea22087052508,379,236,930,600
fccd6cb6b5dd454393f089e7b2dca35c,659,0,781,336
fcf4dca02e8e4354a1c9b9fabdd1719f,691,381,659,445
fcf5128bd50e49b2986108855ca4b37e,77,261,771,417
fd06a451dcb54909ad765293d6022702,566,238,882,556
fd098e78ff5e400aba80c3db3bc6b776,486,401,914,508
fd0c19f812bb405aa07e4e0e1edb6d1b,776,127,550,541
fd31b210c7fa47b386a232fe38e454d6,487,331,834,585
fd3a081dad25460c892bde27212aa387,896,465,543,456
fd4c087eff3f472aa12b5bb81ab005fa,1222,475,697,580
fd4f8ff021ff419897e11ef81e1befa5,515,247,625,508
fd5a6cc7c9f346b4a8eb1d456aeaeeb5,545,68,783,710
fd73b022b6094266a6e1bd5295e40768,643,420,673,434
fd7da3a4ea144a2bb4f67f5bc9f48012,306,359,618,361
fd8303ddca7a4342afed1b21ba82d65b,803,260,389,462
fd89f0faa4fd46e3bd73d370fadfec8d,0,312,554,310
fd8b7c00b7364d6eab1d098263d96711,55,296,745,306
fd8bdedbe875496f96bc99c47a298db9,853,117,267,215
fd9c414b5b3544938cc44d833bbdcdc6,763,334,763,375
fda46705a4914676b2826e496958626b,1038,547,829,486
fda65f4b467547d59a946902db05e2ff,1360,46,455,408
fda76eb42c7c41beb4f605e9ca394568,819,182,321,298
fdb70abb4445409a8065a128b7634d06,490,480,558,420
fdb725bdfdfa4d999ed7aec1411df5b6,613,467,1215,512
fdb84b0a7c7f44f2b3787258c796e511,0,288,780,434
fdc1bdd4bba7449db6942824a929f8cf,499,420,650,454
fddaa301115248e694d6c9c2f890de3c,583,191,780,537
fdec96add0d04bd095b40ae90e4f1040,770,349,905,660
fe12eda01fca4a04be07f65f4078697b,492,61,523,621
fe1f3e70d82b4fee8b1164281b27939d,215,202,599,439
fe23c82cbf1e4d729bcf971ce6b7b9a1,1319,40,599,489
fe24e9dc9ac04149afd274c839d66679,604,388,745,423
fe31af8bdb7c4777bd90f84b6bdf06da,162,316,777,439
fe4025f512244bfcbf81de089ef83695,38,363,774,485
fe4afb94eb4643cf920f1f172f9d4383,54,0,792,737
fe54a5877fb340e085e6dcce0358d0dc,99,130,631,450
fe5a426f2a4d4e64823e7b3ea38d6012,978,369,520,412
fe5fbf83b3ca4ca987eb41dee78052ee,240,348,542,501
fe6be12a73e84ad8bdd61672b515fce6,473,342,653,618
fe806d7e6fd34825a890c4a98dab3edd,518,119,831,763
fe814c89ee3a4073aa4121442336b3a8,1040,216,706,584
fe8c773014094990aa2a6af6559bffe7,657,450,834,446
fe9b46a723e64b8f83986fa87b1fcdc5,40,240,859,555
feb1a25607784aa582f65f04cb2710ea,1,373,702,415
fec56998e8f7487f8de14957ea769fb1,0,470,501,451
fec734b412404676a92d27416f7b1f6c,603,359,675,479
fec7f4586df546ab830e5d639e1b3e66,678,85,508,492
feca0b0126b94479b6c8fa33f1948718,655,420,688,573
fed3ef88bc13497c807880c282d461b1,669,307,842,475
fee701acb5a34c80b09db77a98493cf2,27,372,519,404
fee9c0d0b2064c529039d61b3b1d3731,319,343,843,486
feeb457e63f44ebea32f1867147f7bd3,709,0,384,414
fef2f8612f684ee9be8ee79b71600af8,691,479,567,400
fefec3f133134cd18687e68b8312bcec,320,373,860,464
ff0268aab8f24265a7e24e8acc1d9d9f,479,56,700,663
ff05d9751033416bbef3810c0e8212ee,978,369,511,413
ff21d7892fe54b71a9dbd2b2fb5c6366,0,246,1205,650
ff2be0ef5c2442aabdea79206f2e6b23,401,282,741,572
ff2d0b08cf754b779174526d005c9b26,791,336,558,444
ff45e5f0a0f84bf48f2ba0c01494bbd1,1297,380,513,481
ff50135d958f4033991b8e4dd01d78f7,928,560,844,479
ff535478375d4780a31e067b0674032e,1096,263,539,483
ff557bde7086408580681c45eddbf656,1104,433,687,488
ff5cf69ad4da41988b5f5ec3fc430cb6,1069,102,850,603
ff64e87ea19c402f97068feff6e7cd03,717,66,376,417
ff8492859fed43cf8c525abe3bc7c08d,150,535,786,445
ff85a3382ff444ac9550fbadebcb955f,781,386,627,535
ff960a688a5847559c8e8dbf1caaef49,410,280,697,393
ffa26b6d7e93456ea69732626ae8e9d0,548,354,575,474
ffb83493992e49f69f5c7d6a0da9f058,1132,170,656,460
ffbdf132632540419924130cd3c9b655,650,344,966,582
ffc259f71c554830b01b7680becf321a,384,478,939,520
ffc584909c944221adad96a1ac7f959b,330,310,907,440
ffd065a391544701910c9969d842e794,329,166,614,459
ffd40bf1380a40f7a8f971355e9966ab,594,134,563,582
ffe38d51860348059d9b6aa45231be63,1374,260,545,329
ffe5d4df27a4446285aff49cad5d544d,1378,249,483,314
ffec85cc96534d7e90bb7a21bb6f75d7,733,452,548,504
fffa0596a1c143d1b98592e13cba955a,268,190,743,457
